unit_name,marks,state,source,source_page
TEA & INDUSTRIES LTD.) ARYAMAN TEA ESTATE(UNIT OF JAYSHREE TEA & INDUSTRIES LTD.),"ARYAMAN SPECIAL, ARYAMAN CLONAL, ARYAMAN SPECIAL 1, ARYAMAN CLONAL 1",West Bengal,Tea Board Trusttea VC Entities List (Doc 848378799),1
ARYAN TEA PLANTATIONS PVT. LTD. ARYAN TEA PLANTATIONS PVT. LTD.,"MAZHABARI,DURGABARI ATAL TEA CO(1943) LTD. ATAL TEA FACTORY & ESTATE WEST",West Bengal,Tea Board Trusttea VC Entities List (Doc 848378799),1
"MAZHABARI,DURGABARI ATAL TEA CO(1943) LTD. ATAL TEA FACTORY & ESTATE",ATAL AYAN TEA INDUSTRIESAYAN TEA FACTORY & STGS WEST,West Bengal,Tea Board Trusttea VC Entities List (Doc 848378799),1
ATAL AYAN TEA INDUSTRIESAYAN TEA FACTORY & STGS,"AYAN GOLD, PAROMITA, ANWESHA AMALGAMATED",West Bengal,Tea Board Trusttea VC Entities List (Doc 848378799),1
Ltd. B N Bhowmick Tea Processing Pvt. Ltd.,"KOPAI, KOPAI XCLUSIVE BAIKUNTHPUR TEA MFG CO PVT LTD",West Bengal,Tea Board Trusttea VC Entities List (Doc 848378799),2
BAIKUNTHPUR TEA MFG CO PVT LTD BHATURBARI,"ANJANI GOLD,RAAGINI GOLD,BHATURBARI BALASON TEA COMPANY PVT",West Bengal,Tea Board Trusttea VC Entities List (Doc 848378799),2
BROJENDRA PLANTATION PVT LTD BROJENDRA PLANTATION PVT LTD,"RANGEET PREMIUM, RANGEET ROYAL, RANGEET, RANGEET VALUE, KANTIVITA, KANTIVITA",West Bengal,Tea Board Trusttea VC Entities List (Doc 848378799),2
CACHAR KING PLANTATIONS PVT. LTD. CACHAR KING BLF & STG,"CACHAR KING DIAMOND, CACHAR KING PREMIUM, CACHAR KING,",West Bengal,Tea Board Trusttea VC Entities List (Doc 848378799),2
DARSHANANAND HOLDINGS PVT.LIMITED BAJRANG TEA FACTORY,"KAMAKSHI, CHITALGHATA DASPARA TEA ESTATE PVT.LTD",West Bengal,Tea Board Trusttea VC Entities List (Doc 848378799),3
DASPARA TEA ESTATE PVT.LTD DASPARA TEA ESTATE PVT.LTD,"DASPARA, DEVSAR, KALIGHAT DOOARS PLANTATIONS & INDS. LTD",West Bengal,Tea Board Trusttea VC Entities List (Doc 848378799),3
DOOARS PLANTATIONS & INDS. LTD PATKAPARA TEA ESTATE FACTORY,"PATKAPARA (GOLD), PATKAPARA Duke Tea Pvt. Ltd.DUKE TEA FACTORY & STG WEST",West Bengal,Tea Board Trusttea VC Entities List (Doc 848378799),3
ESSEL FUNDS MANAGEMENT PVT LTD ESSEL FUNDS MANAGEMENT PVT LTD,"DHUMCHIBARI,SWASTIKA,SHREE KRISHNA DIAMOND, SHREE",West Bengal,Tea Board Trusttea VC Entities List (Doc 848378799),3
EVERGREEN DOOARS TEA PVT LTD EVERGREEN DOOARS TEA PVT LTD,"BAGANBAHAR, BAGANBAHAR DIAMOND, BAGANBAHAR GOLD, BALARAMPUR, BHUTKIBARI,",West Bengal,Tea Board Trusttea VC Entities List (Doc 848378799),4
GOPE TEA PLANTATION PVT LTD GOPE TEA ESTATE,"GOPE, GOPE SUPREME GOODRICKE GROUP LIMITED",West Bengal,Tea Board Trusttea VC Entities List (Doc 848378799),5
HIGHLAND EXIM PVT LTDHIGHLAND EXIM FACTORY & STG,"AMONI, BIRA YELLOW, KESTOPUR HIMALAYAN TEA & AGRO PVT LTD - UNIT II",West Bengal,Tea Board Trusttea VC Entities List (Doc 848378799),6
JAGSHAKTI TEA & AGRO PVT LTD JAGSHAKTI FACTORY & STG,"DHARLA PREMIUM, MOKRARI GOLD, DHARLA, MOKRARI, JAI SHANKAR TEA CO. PVT.",West Bengal,Tea Board Trusttea VC Entities List (Doc 848378799),6
JAI SHANKAR TEA CO. PVT. LTD JAI SHANKAR TEA CO. PVT. LTD,"SONIBARI, KAILASH GOLD, AVIRAM GOLD, KAILASH TEA JALPAIGURI DUARS TEA",West Bengal,Tea Board Trusttea VC Entities List (Doc 848378799),6
COMPANY PRIVATE LIMITED JATINDRA MOHAN TEA COMPANY PVT LTD,"JATINDRA MOHAN GOLD, JATINDRA MOHAN TEA JAYSHREE TEA & INDUSTRIES",West Bengal,Tea Board Trusttea VC Entities List (Doc 848378799),6
PVT LTD KAILASHGIRI CONSULTANT PVT LTD FACTORY & STG,"KAILASHGIRI, KAILASHGIRI GOLD, KAILASHGIRI DIAMOND KALINAGAR TEA & AGRO CO.",West Bengal,Tea Board Trusttea VC Entities List (Doc 848378799),6
PVT. LTD. KALINAGAR TEA & AGRO CO. PVT. LTD.,"SONAAJULI, VEERPRIDE, KALIAPANI, KANAK KARJEEPARA TEA FACTORYKARJEEPARA TEA FACTORY",West Bengal,Tea Board Trusttea VC Entities List (Doc 848378799),6
"SONAAJULI, VEERPRIDE, KALIAPANI, KANAK KARJEEPARA TEA FACTORYKARJEEPARA TEA FACTORY","PADMABARI, PADMABARI GOLD, KARJEEPARA, SANKALP KATYANI BEVERAGES AND",West Bengal,Tea Board Trusttea VC Entities List (Doc 848378799),6
LIMITED KATYANI BEVERAGES AND AGRO PRODUCTS FACTORY,"BAIKANTHAPUR ROYAL, BAIKANTHAPUR,BAIKANTHAPUR SPECIAL",West Bengal,Tea Board Trusttea VC Entities List (Doc 848378799),6
KAYAN AGRO INDUSTRIES & CO. PVT. LTD. KAYAN TEA FACTORY & STG,"SRIROYAL, MADHOBARI, HEEMALIPUR, NIPONBARI, KHARIBARRIE TE CO",West Bengal,Tea Board Trusttea VC Entities List (Doc 848378799),6
KUKURJAN TEA PROCESSING PVT LTD KUKURJAN TEA FACTORY,"NIRANJANA, NIRANJANA ROYAL, KAMATHBARI DAMROO ROYAL KUMARIKA TEA",West Bengal,Tea Board Trusttea VC Entities List (Doc 848378799),7
TEA & INDUSTRIES LTD.) KUMARIKA TEA PROJECT(UNIT OF JAYSHREE TEA & INDUSTRIES LTD.),"KUMARIKA SPECIAL, KUMARIKA SPECIAL-1, KUMARIKA ROYAL, KUMARIKA GOLD, KUMARIKA",West Bengal,Tea Board Trusttea VC Entities List (Doc 848378799),7
"KUMARIKA GOLD, KUMARIKA CLONAL, KUMARIKA CLONAL -1 , LUXMI TEA CO. PVT. LTDFULBARI TEA ESTATE",FULBARI HIGH GROWN M/S HIMALAYAN TEA & AGRO PVT. LTD.(UNIT- I),West Bengal,Tea Board Trusttea VC Entities List (Doc 848378799),7
PLANTATION PVT. LTD M/S NEW LEAF TEA PLANTATION PVT. LTD,"KABINI, NOYYAL, KABINI VALUE, NOYYAL VALUE, KABINI ROYAL, NOYYAL ROYAL , KABINI",West Bengal,Tea Board Trusttea VC Entities List (Doc 848378799),7
MALHATI TEA & INDUSTRIES LIMITED. JOGES CHANDRA TEA ESTATE,"JOGES CHANDRA, JOGES CHANDRA GOLD MANJUSHREE TEA COMPANYMANJUSHREE TEA COMPANY",West Bengal,Tea Board Trusttea VC Entities List (Doc 848378799),7
"JOGES CHANDRA, JOGES CHANDRA GOLD MANJUSHREE TEA COMPANYMANJUSHREE TEA COMPANY","MALAPARA SUPREME, MALAPARA GOLD, MALAPARA DIAMOND MANSARAVOR TEA PVT LTDMANSARAVOR TEA PVT LTD",West Bengal,Tea Board Trusttea VC Entities List (Doc 848378799),7
"MALAPARA SUPREME, MALAPARA GOLD, MALAPARA DIAMOND MANSARAVOR TEA PVT LTDMANSARAVOR TEA PVT LTD","GUYABARI, GUYABARI GOLD, BANDHU NAGAR MARS TEA I NDIA PVT LTDMARS TEA I NDIA PVT LTD",West Bengal,Tea Board Trusttea VC Entities List (Doc 848378799),7
"GUYABARI, GUYABARI GOLD, BANDHU NAGAR MARS TEA I NDIA PVT LTDMARS TEA I NDIA PVT LTD","JEEVANMOTI,JEEVANMOTI VALUE,TAPTI,TAPTI VALUE,SARAMATI, SARAMATI",West Bengal,Tea Board Trusttea VC Entities List (Doc 848378799),7
"VALUE,TAPTI,TAPTI VALUE,SARAMATI, SARAMATI MINU TEA INDUSTRIES MINU TEA FACTORY & STG","MINU GOLD, MINU TEA",West Bengal,Tea Board Trusttea VC Entities List (Doc 848378799),7
PROCESSING PVT. LTD NAVBHARAT TEA PROCESSING PVT. LTD,"AAMBAGH, LICHUGURI NEELKANTH TEA COMPANY LTD.",West Bengal,Tea Board Trusttea VC Entities List (Doc 848378799),8
NITYANANDA AGRO COMPANY LTD. NITYANANDA AGRO CO. LTD.,"ASMI, ASMI GOLD NORTH DINAJPUR TEA AGRO PVT. LTD. -",West Bengal,Tea Board Trusttea VC Entities List (Doc 848378799),8
PVT. LTD. - NORTH DINAJPUR TEA AGRO BLF & STG,"North Dinajpur, Double Elephant, Shera, Suryamukhi, Kasturi Gold, Keshar Gold, Chaibari",West Bengal,Tea Board Trusttea VC Entities List (Doc 848378799),8
NOUVELLE TEA PVT. LTD.NOUVELLE TEA PVT. LTD.,"KUMARPARA ROYAL, KUMARPARA, KUMARPARA GOLD, KUMARPARA SPECIAL,",West Bengal,Tea Board Trusttea VC Entities List (Doc 848378799),9
NPS COLD STORAGE PVT. LTD. NPS COLD STORAGE PVT. LTD.,"MOODHUBARI SPECIAL, MOODHUBARI, ASSHABARI P.B. GHOSH & SONS TEA",West Bengal,Tea Board Trusttea VC Entities List (Doc 848378799),9
FACTORY P.B. GHOSH & SONS TEA FACTORY & STG,"RANIRHAT, KALIRHAT, DHAULAGIRI, PAHARPUR, SAGARDIGHI",West Bengal,Tea Board Trusttea VC Entities List (Doc 848378799),9
PHULJHORA AGRO PLANTATION PVT. LTD INDIRA TEA FACTORY,"GAJOLDOBA NATURAL, INDIRA PREMIUM, INDIRA GOLD, PIONEER TEA AND EXPORTS",West Bengal,Tea Board Trusttea VC Entities List (Doc 848378799),9
PIONEER TEA AND EXPORTS LTD. PIONEER TEA & EXPORTS LTD.,"PIONEER,AMRIT ROYAL, ANUBHUTI, SAFRON VALLEY, PPS TEA PVT LTDPPS TEA PVT LTD",West Bengal,Tea Board Trusttea VC Entities List (Doc 848378799),9
PROCESSING PVT. LTD SANYASIHAT TEA PROCESSING PVT. LTD,"SANYASIHAT, SANYASIHAT VALUE, AMBATULLI, AMBATULLI VALUE, SANYASIHAT ROYAL, AMBATULLI",West Bengal,Tea Board Trusttea VC Entities List (Doc 848378799),10
SARODAMONI TEA CO. PVT LTD SARODAMONI TEA CO. PVT LTD,"SARODAMONI, SARODAMONI VALUE, MANJIRA, MANJIRA VALUE, SARODAMONI ROYAL,",West Bengal,Tea Board Trusttea VC Entities List (Doc 848378799),10
"MANJIRA ROYAL, SARODAMONI PREMIUM, MANJIRA PREMIUM SENCHAL AGRO PVT. LTDSENCHAL TEA FACTORY & STG","SENCHAL GOLD ,SENCHAL, SUNNY VALLEY, SINGHA, SVARNA, SOMA SHAKTI TEA PROCESSORS",West Bengal,Tea Board Trusttea VC Entities List (Doc 848378799),10
AND MFG PVT LTD SHAKTI TEA PROCESSORS & MFG PVT LTD,"SHAKTI SUPREME, SHAKTI DIAMOND, SHIV ROYAL, SHIV SHAKTI",West Bengal,Tea Board Trusttea VC Entities List (Doc 848378799),10
SHREE GANAPATI TEA P. LTDSHREE GANAPATI TEA P. LTD,"SHREE GANAPATI, VARUN GOLD, SIDDHI VINAYAK, JAI HANUMAN SHRI BANSI BEHARIJI TEA",West Bengal,Tea Board Trusttea VC Entities List (Doc 848378799),11
INDUSTRIES PRIVATE LIMITED SHRI BANSI BEHARIJI TEA INDUSTRIES PRIVATE LIMITED,"DWARIKA GOLD, RADHABARI GOLD, DWARIKA ROYAL, BANSURI ROYAL",West Bengal,Tea Board Trusttea VC Entities List (Doc 848378799),11
"GOLD, DWARIKA ROYAL, BANSURI ROYAL SONDEEP TEA PVT. LTD.SONDEEP TEA FACTORY & STG","SWAPNA GOLD, SHREYA GOLD, SONDEEP SRIKRISHNAPUR TEA CO.PVT",West Bengal,Tea Board Trusttea VC Entities List (Doc 848378799),11
SRIKRISHNAPUR TEA CO.PVT LTD SRIKRISHNAPUR FACTORY & STG,"SRIKRISHNA, SRIKRISHNASUPREME SUMAN MANUFACTURING",West Bengal,Tea Board Trusttea VC Entities List (Doc 848378799),11
WORKS LTD. SUMAN MANUFACTURING WORKS LTD.,"GAGANBARI PREMIUM, MUDIPARA, MUDIPARA VALUE, GAGANBARI VALUE, GAGANBARI,",West Bengal,Tea Board Trusttea VC Entities List (Doc 848378799),11
SWARNALAXMI MERCANTILE P. LTD SWARNALAXMI MERCANTILE P. LTD,"JOTIYAKALI, JOTIYAKALI GOLD TEESTA TEA CO.PVT.LTD.TEESTA TEA CO.PVT.LTD. WEST",West Bengal,Tea Board Trusttea VC Entities List (Doc 848378799),11
"JOTIYAKALI, JOTIYAKALI GOLD TEESTA TEA CO.PVT.LTD.TEESTA TEA CO.PVT.LTD.","PANBARI ROYAL, PANBARI GOLD, PANBARI, KALAMATI GOLD, RANGDHAMALI, KALAMATI",West Bengal,Tea Board Trusttea VC Entities List (Doc 848378799),11
UNIQUE TEA BORN PRIVATE LIMITED UNIQUE TEA BORN PRIVATE LIMITED,"TEA BORN, DEB NAGAR UTTORAYON TEA INDUSTRIES PVT. LTD",West Bengal,Tea Board Trusttea VC Entities List (Doc 848378799),11
PVT. LTD UTTORAYON BOUGHT LEAF FACTORY & STG,"MOHINIPUR, HARSINGPUR, MAHAVIR, UTI BLACK VITCO TEA & ALLIED P. LTD.VITCO TEA FACTORY & STG",West Bengal,Tea Board Trusttea VC Entities List (Doc 848378799),11
"MOHINIPUR, HARSINGPUR, MAHAVIR, UTI BLACK VITCO TEA & ALLIED P. LTD.VITCO TEA FACTORY & STG","BAGHPOOKRIE, VITCO GOLD, BAGHPOOKRIE PREMIUM, SEVAGRAM",West Bengal,Tea Board Trusttea VC Entities List (Doc 848378799),11
PLANTATIONS PVT LTD VRINDABAN TEA & PLANTATIONS PVT LTD,"KAIRA SUPREME, SONA PREMIUM, PARVATI GOLD KASTURI TEA PLANTATIONKASTURI TEA PLANTATION",West Bengal,Tea Board Trusttea VC Entities List (Doc 848378799),12
"KAIRA SUPREME, SONA PREMIUM, PARVATI GOLD KASTURI TEA PLANTATIONKASTURI TEA PLANTATION","AAMTOLA, TIPKAI P. D. BAJORIA & SONS TEA COMPANY PVT. LTD.",West Bengal,Tea Board Trusttea VC Entities List (Doc 848378799),12
COMPANY PVT. LTD. P. D. BAJORIA & SONS TEA COMPANY PVT. LTD.,MANVI RUCHI AGRO PRODUCTS PVT.LTD.,West Bengal,Tea Board Trusttea VC Entities List (Doc 848378799),12
RUCHI AGRO PRODUCTS PVT.LTD. RUCHI AGRO PRODUCTS PVT.LTD.,"SAAWARIYA, BANSIBARI Tea Tops India Tea Factory(Sanjivini Tea",West Bengal,Tea Board Trusttea VC Entities List (Doc 848378799),12
Factory(Sanjivini Tea Company Pvt. Ltd) Tea Tops India Tea Factory,"Praakritik, Sathkhamar MURLIDHAR TEA INDUSTRIESMURLIDHAR TEA INDUSTRIES WEST",West Bengal,Tea Board Trusttea VC Entities List (Doc 848378799),12
"Praakritik, Sathkhamar MURLIDHAR TEA INDUSTRIESMURLIDHAR TEA INDUSTRIES","KUMODPARA, URJAA, URJAA GOLD, URJAA ROYAL KUNJ BIHARI GOLD LEAF",West Bengal,Tea Board Trusttea VC Entities List (Doc 848378799),12
KUNJ BIHARI GOLD LEAF INDUSTRIES PRIVATE LIMITED KUNJ BIHARI TEA FACTORY,"AASHVI GOLD, CHIKUPARA, PRAANVI GOLD, AASHVI GOLD GARDEN LEAF, AASHVI GOLD 24K,",West Bengal,Tea Board Trusttea VC Entities List (Doc 848378799),12
PRIVATE LIMITED WISHGREEN INDUSTRIES PRIVATE LIMITED,"TULSIBARI GOLD, TULSIBARI ROYAL, TULSIBARI SUPREME, WISHGREEN SUPREME,",West Bengal,Tea Board Trusttea VC Entities List (Doc 848378799),12
Dollancha Tea Industries(P) Ltd Dollancha Tea Industries(P) Ltd,"DOLLANCHA, DOLLANCHA GOLD, GUNABARI SUGANDH TEA PVT. LTDSUGANDH TEA PVT. LTD",West Bengal,Tea Board Trusttea VC Entities List (Doc 848378799),12
"DOLLANCHA, DOLLANCHA GOLD, GUNABARI SUGANDH TEA PVT. LTDSUGANDH TEA PVT. LTD","CHECHAPARA GOLD, CHECHAPARA, AURA, AURA PREMIUM, A1 PREMIUM, A1,",West Bengal,Tea Board Trusttea VC Entities List (Doc 848378799),12
BARABARI TEA AND ALLIED PVT LTD BARABARI TEA AND ALLIED PVT LTD,"SURESHWARA, SURESHWARA SUPREME, SURESHWARA GARDEN EVERGREEN TEA GROUPKUNTA AGRO PVT. LTD",West Bengal,Tea Board Trusttea VC Entities List (Doc 848378799),13
"SURESHWARA, SURESHWARA SUPREME, SURESHWARA GARDEN EVERGREEN TEA GROUPKUNTA AGRO PVT. LTD","VAATSALYA DIAMOND, VAATSALYA GOLD, VAATSALYA, KARUNA, CHINU TEA, CHINU TEA",West Bengal,Tea Board Trusttea VC Entities List (Doc 848378799),13
ROYBARI TEA COMPANY PVT. LTD. ROYBARI TEA COMPANY PVT. LTD.,"HAPPY ROYAL, ROYBARI GOLD, ROYBARI Lakhipur Tea & Agro Pvt. Ltd.Lakhipur Tea & Agro Pvt. Ltd.",West Bengal,Tea Board Trusttea VC Entities List (Doc 848378799),13
"HAPPY ROYAL, ROYBARI GOLD, ROYBARI Lakhipur Tea & Agro Pvt. Ltd.Lakhipur Tea & Agro Pvt. Ltd.","Lakhipur Premium, Lakhipur Estate, Lakhipur, Lakhipur Padma SATABDI TEA PROCESSING (P)",West Bengal,Tea Board Trusttea VC Entities List (Doc 848378799),13
SATABDI TEA PROCESSING (P) LTD SATABDI TEA PROCESSING (P) LTD,"SATABDI GOLD, SATABDI ROYAL, TALMA TEA, SATABDI TEA PARSURAM TEA",West Bengal,Tea Board Trusttea VC Entities List (Doc 848378799),13
MANUFACTURER PVT. LTD. PARSURAM TEA MANUFACTURER PVT. LTD.,"Parsuram Diamond , Parsuram Premium, Parasmani Evergreen Tea Group",West Bengal,Tea Board Trusttea VC Entities List (Doc 848378799),13
Evergreen Tea Group RAHAMAN AGRO PLANTATION (P) LTD,"HEER NANDINI DIAMOND, HEER NANDINI GOLD, HEERNANDINI, SURAJ BARI ROYAL, SURAJBARI,",West Bengal,Tea Board Trusttea VC Entities List (Doc 848378799),13
"WARREN TEA LIMITEDTARA TEA ESTATEASSAMTARA WELCOME TEA COMPANY WELCOME TEA COMPANY-SHGASSAMKAIZEN, WELLCOME, KAILYN","MANUFACTURING PVT. LTD TIOK TEA ESTATE & STGASSAM TIOK WB CLONAL, TIOK WB, TIOK",West Bengal,Tea Board Trusttea VC Entities List (Doc 848378799),32
