phone,client,garden,source,confidence,send_decision,notes,email,imported
9085525377,Alimur T.E.,Alimur T.E.,Tea Estates number required.xlsx::Sheet1; dibrugarh.xlsx::Gardens; test_export.xlsx::Gardens; tea_estate_contacts_v2.xlsx::All Contacts; tea_estate_contacts.xlsx::Estate Contacts,High,Send,Direct estate number list; Generated garden export. District: Dibrugarh State: Assam; Original personal number. Phone type: Other. In original list: Yes,,False
8011322474,Amulguri T.E.,Amulguri T.E.,Tea Estates number required.xlsx::Sheet1; dibrugarh.xlsx::Gardens; test_export.xlsx::Gardens; tea_estate_contacts_v2.xlsx::All Contacts; tea_estate_contacts.xlsx::Estate Contacts,High,Send,Direct estate number list; Generated garden export. District: Dibrugarh State: Assam; Original personal number. Phone type: Other. In original list: Yes,halmari@amarawatitea.com; msharma@amarawatitea.com; soham@amarawatitea.com,True
6000437772,Ananada Bari T.E.,Ananada Bari T.E.,Tea Estates number required.xlsx::Sheet1; dibrugarh.xlsx::Gardens; test_export.xlsx::Gardens; tea_estate_contacts_v2.xlsx::All Contacts; tea_estate_contacts.xlsx::Estate Contacts,High,Send,Direct estate number list; Generated garden export. District: Dibrugarh State: Assam; Original personal number. Phone type: Landline (Dibrugarh). In original list: Yes,,True
9435035462,Aparna T.E.,Aparna T.E.,Tea Estates number required.xlsx::Sheet1; dibrugarh.xlsx::Gardens; test_export.xlsx::Gardens; tea_estate_contacts_v2.xlsx::All Contacts; tea_estate_contacts.xlsx::Estate Contacts,High,Send,Direct estate number list; Generated garden export. District: Dibrugarh State: Assam; Original personal number. Phone type: Other. In original list: Yes,,True
9954446448,Asitpur T.E.,Asitpur T.E.,Tea Estates number required.xlsx::Sheet1; dibrugarh.xlsx::Gardens; test_export.xlsx::Gardens; tea_estate_contacts_v2.xlsx::All Contacts; tea_estate_contacts.xlsx::Estate Contacts,High,Send,Direct estate number list; Generated garden export. District: Dibrugarh State: Assam; Original personal number. Phone type: Other. In original list: Yes,,True
9435034005,Assam Tea & Tea Seeds Plantation,Assam Tea & Tea Seeds Plantation,Tea Estates number required.xlsx::Sheet1; dibrugarh.xlsx::Gardens; test_export.xlsx::Gardens; tea_estate_contacts_v2.xlsx::All Contacts; tea_estate_contacts.xlsx::Estate Contacts,High,Send,Direct estate number list; Generated garden export. District: Dibrugarh State: Assam; Original personal number. Phone type: Other. In original list: Yes,,False
8011017498,Bagrodia Plantations & Industries,Bagrodia Plantations & Industries,Tea Estates number required.xlsx::Sheet1; dibrugarh.xlsx::Gardens; test_export.xlsx::Gardens; tea_estate_contacts_v2.xlsx::All Contacts; tea_estate_contacts.xlsx::Estate Contacts,High,Send,Direct estate number list; Generated garden export. District: Dibrugarh State: Assam; Original personal number. Phone type: Other. In original list: Yes,halmari@amarawatitea.com; msharma@amarawatitea.com; soham@amarawatitea.com,False
9435738646,Balimora T.E.,Balimora T.E.,Tea Estates number required.xlsx::Sheet1; dibrugarh.xlsx::Gardens; test_export.xlsx::Gardens; tea_estate_contacts_v2.xlsx::All Contacts; tea_estate_contacts.xlsx::Estate Contacts,High,Send,Direct estate number list; Generated garden export. District: Dibrugarh State: Assam; Original personal number. Phone type: Other. In original list: Yes,halmari@amarawatitea.com; msharma@amarawatitea.com; soham@amarawatitea.com,False
9831594993,Bharatia T.E.,Bharatia T.E.,Tea Estates number required.xlsx::Sheet1; dibrugarh.xlsx::Gardens; test_export.xlsx::Gardens; tea_estate_contacts_v2.xlsx::All Contacts; tea_estate_contacts.xlsx::Estate Contacts,High,Send,Direct estate number list; Generated garden export. District: Dibrugarh State: Assam; Original personal number. Phone type: Other. In original list: Yes,,False
8133949296,Bijlibari T.E.,Bijlibari T.E.,Tea Estates number required.xlsx::Sheet1; dibrugarh.xlsx::Gardens; test_export.xlsx::Gardens; tea_estate_contacts_v2.xlsx::All Contacts; tea_estate_contacts.xlsx::Estate Contacts,High,Send,Direct estate number list; Generated garden export. District: Dibrugarh State: Assam; Original personal number. Phone type: Landline (Dibrugarh). In original list: Yes,,False
6901259873,Bipinbag T.E.,Bipinbag T.E.,Tea Estates number required.xlsx::Sheet1; dibrugarh.xlsx::Gardens; test_export.xlsx::Gardens; tea_estate_contacts_v2.xlsx::All Contacts; tea_estate_contacts.xlsx::Estate Contacts,High,Send,Direct estate number list; Generated garden export. District: Dibrugarh State: Assam; Original personal number. Phone type: Other. In original list: Yes,,True
7002029001,Chowdang T.E.,Chowdang T.E.,Tea Estates number required.xlsx::Sheet1; dibrugarh.xlsx::Gardens; test_export.xlsx::Gardens; tea_estate_contacts_v2.xlsx::All Contacts; tea_estate_contacts.xlsx::Estate Contacts,High,Send,Direct estate number list; Generated garden export. District: Dibrugarh State: Assam; Original personal number. Phone type: . In original list: Yes,,False
6001684868,Dekhari T. E. (Unit I),Dekhari T. E. (Unit I),Tea Estates number required.xlsx::Sheet1; dibrugarh.xlsx::Gardens; test_export.xlsx::Gardens; tea_estate_contacts_v2.xlsx::All Contacts; tea_estate_contacts.xlsx::Estate Contacts,High,Send,Direct estate number list; Generated garden export. District: Dibrugarh State: Assam; Original personal number. Phone type: . In original list: Yes,,False
9435132151,Dekhari T.E. (Mahmora Division Unit II),Dekhari T.E. (Mahmora Division Unit II),Tea Estates number required.xlsx::Sheet1; dibrugarh.xlsx::Gardens; test_export.xlsx::Gardens; tea_estate_contacts_v2.xlsx::All Contacts; tea_estate_contacts.xlsx::Estate Contacts,High,Send,Direct estate number list; Generated garden export. District: Dibrugarh State: Assam; Original personal number. Phone type: . In original list: Yes,,True
9101006460,Dekhari T.E. (Naharani Division) (Megha T.E.),Dekhari T.E. (Naharani Division) (Megha T.E.),Tea Estates number required.xlsx::Sheet1; dibrugarh.xlsx::Gardens; test_export.xlsx::Gardens; tea_estate_contacts_v2.xlsx::All Contacts; tea_estate_contacts.xlsx::Estate Contacts,High,Send,Direct estate number list; Generated garden export. District: Dibrugarh State: Assam; Original personal number. Phone type: . In original list: Yes,,False
9435473237,Dekhari T.E. (Shanshun Tea & Ind. Pvt.Ltd.),Dekhari T.E. (Shanshun Tea & Ind. Pvt.Ltd.),Tea Estates number required.xlsx::Sheet1; dibrugarh.xlsx::Gardens; test_export.xlsx::Gardens; tea_estate_contacts_v2.xlsx::All Contacts; tea_estate_contacts.xlsx::Estate Contacts,High,Send,Direct estate number list; Generated garden export. District: Dibrugarh State: Assam; Original personal number. Phone type: . In original list: Yes,,False
9954440448,Dinjan T.E.,Dinjan T.E.,Tea Estates number required.xlsx::Sheet1; dibrugarh.xlsx::Gardens; test_export.xlsx::Gardens; tea_estate_contacts_v2.xlsx::All Contacts; tea_estate_contacts.xlsx::Estate Contacts,High,Send,Direct estate number list; Generated garden export. District: Dibrugarh State: Assam; Original personal number. Phone type: . In original list: Yes,,True
8402061666,Diroibam T.E.,Diroibam T.E.,Tea Estates number required.xlsx::Sheet1; dibrugarh.xlsx::Gardens; test_export.xlsx::Gardens; tea_estate_contacts_v2.xlsx::All Contacts; tea_estate_contacts.xlsx::Estate Contacts,High,Send,Direct estate number list; Generated garden export. District: Dibrugarh State: Assam; Original personal number. Phone type: . In original list: Yes,,False
9435030754,Dulia T.E.,Dulia T.E.,Tea Estates number required.xlsx::Sheet1; dibrugarh.xlsx::Gardens; test_export.xlsx::Gardens; tea_estate_contacts_v2.xlsx::All Contacts; tea_estate_contacts.xlsx::Estate Contacts,High,Send,Direct estate number list; Generated garden export. District: Dibrugarh State: Assam; Original personal number. Phone type: . In original list: Yes; Original personal number. Phone type: Landline (Dibrugarh). In original list: Yes,,True
7002037389,Duliabam T.E.,Duliabam T.E.,Tea Estates number required.xlsx::Sheet1; dibrugarh.xlsx::Gardens; test_export.xlsx::Gardens; tea_estate_contacts_v2.xlsx::All Contacts; tea_estate_contacts.xlsx::Estate Contacts,High,Send,Direct estate number list; Generated garden export. District: Dibrugarh State: Assam; Original personal number. Phone type: . In original list: Yes,,False
9854028014,Duliabari T.E. (B),Duliabari T.E. (B),Tea Estates number required.xlsx::Sheet1; dibrugarh.xlsx::Gardens; test_export.xlsx::Gardens; tea_estate_contacts_v2.xlsx::All Contacts; tea_estate_contacts.xlsx::Estate Contacts,High,Send,Direct estate number list; Generated garden export. District: Dibrugarh State: Assam; Original personal number. Phone type: Landline (Dibrugarh). In original list: Yes,,True
8638867855,Durgapur T.E.,Durgapur T.E.,Tea Estates number required.xlsx::Sheet1; dibrugarh.xlsx::Gardens; test_export.xlsx::Gardens; tea_estate_contacts_v2.xlsx::All Contacts; tea_estate_contacts.xlsx::Estate Contacts,High,Send,Direct estate number list; Generated garden export. District: Dibrugarh State: Assam; Original personal number. Phone type: . In original list: Yes,,False
7002833087,Ghograjan T.E.,Ghograjan T.E.,Tea Estates number required.xlsx::Sheet1; dibrugarh.xlsx::Gardens; test_export.xlsx::Gardens; tea_estate_contacts_v2.xlsx::All Contacts; tea_estate_contacts.xlsx::Estate Contacts,High,Send,Direct estate number list; Generated garden export. District: Dibrugarh State: Assam; Original personal number. Phone type: Landline (Dibrugarh). In original list: Yes,,False
8638281523,Ghoronia T.E.,Ghoronia T.E.,Tea Estates number required.xlsx::Sheet1; dibrugarh.xlsx::Gardens; test_export.xlsx::Gardens; tea_estate_contacts_v2.xlsx::All Contacts; tea_estate_contacts.xlsx::Estate Contacts,High,Send,Direct estate number list; Generated garden export. District: Dibrugarh State: Assam; Original personal number. Phone type: Landline (Dibrugarh). In original list: Yes,,True
8486071764,Harishpur T.E.,Harishpur T.E.,Tea Estates number required.xlsx::Sheet1; dibrugarh.xlsx::Gardens; test_export.xlsx::Gardens; tea_estate_contacts_v2.xlsx::All Contacts; tea_estate_contacts.xlsx::Estate Contacts,High,Send,Direct estate number list; Generated garden export. District: Dibrugarh State: Assam; Original personal number. Phone type: Other. In original list: Yes,,True
9365634055,Hatijan T.E.,Hatijan T.E.,Tea Estates number required.xlsx::Sheet1; dibrugarh.xlsx::Gardens; test_export.xlsx::Gardens; tea_estate_contacts_v2.xlsx::All Contacts; tea_estate_contacts.xlsx::Estate Contacts,High,Send,Direct estate number list; Generated garden export. District: Dibrugarh State: Assam; Original personal number. Phone type: Other. In original list: Yes,,False
9365878796,Ida T.E.,Ida T.E.,Tea Estates number required.xlsx::Sheet1; dibrugarh.xlsx::Gardens; test_export.xlsx::Gardens; tea_estate_contacts_v2.xlsx::All Contacts; tea_estate_contacts.xlsx::Estate Contacts,High,Send,Direct estate number list; Generated garden export. District: Dibrugarh State: Assam; Original personal number. Phone type: Other. In original list: Yes,,True
9435031397,Jalan Nagar T.E. (S),Jalan Nagar T.E. (S),Tea Estates number required.xlsx::Sheet1; dibrugarh.xlsx::Gardens; test_export.xlsx::Gardens; tea_estate_contacts_v2.xlsx::All Contacts; tea_estate_contacts.xlsx::Estate Contacts,High,Send,Direct estate number list; Generated garden export. District: Dibrugarh State: Assam; Original personal number. Phone type: . In original list: Yes,,True
6002218979,Jutiabam T.E.,Jutiabam T.E.,Tea Estates number required.xlsx::Sheet1; dibrugarh.xlsx::Gardens; test_export.xlsx::Gardens; tea_estate_contacts_v2.xlsx::All Contacts; tea_estate_contacts.xlsx::Estate Contacts,High,Send,Direct estate number list; Generated garden export. District: Dibrugarh State: Assam; Original personal number. Phone type: Other. In original list: Yes,,False
8638926153,Kabir T.E.,Kabir T.E.,Tea Estates number required.xlsx::Sheet1; dibrugarh.xlsx::Gardens; test_export.xlsx::Gardens; tea_estate_contacts_v2.xlsx::All Contacts; tea_estate_contacts.xlsx::Estate Contacts,High,Send,Direct estate number list; Generated garden export. District: Dibrugarh State: Assam; Original personal number. Phone type: . In original list: Yes,,False
7002201299,Kaliapani T.E.,Kaliapani T.E.,Tea Estates number required.xlsx::Sheet1; dibrugarh.xlsx::Gardens; test_export.xlsx::Gardens; tea_estate_contacts_v2.xlsx::All Contacts; tea_estate_contacts.xlsx::Estate Contacts,High,Send,Direct estate number list; Generated garden export. District: Dibrugarh State: Assam; Original personal number. Phone type: . In original list: Yes,,True
8876321148,Kathalguri T.E.,Kathalguri T.E.,Tea Estates number required.xlsx::Sheet1; dibrugarh.xlsx::Gardens; test_export.xlsx::Gardens; tea_estate_contacts_v2.xlsx::All Contacts; tea_estate_contacts.xlsx::Estate Contacts,High,Send,Direct estate number list; Generated garden export. District: Dibrugarh State: Assam; Original personal number. Phone type: . In original list: Yes,,False
9435035801,Kheremia T.E. (No-II),Kheremia T.E. (No-II),Tea Estates number required.xlsx::Sheet1; dibrugarh.xlsx::Gardens; test_export.xlsx::Gardens; tea_estate_contacts_v2.xlsx::All Contacts; tea_estate_contacts.xlsx::Estate Contacts; Tea-Directory-Assam.xls::Worksheet,High,Send,"Direct estate number list; Generated garden export. District: Dibrugarh State: Assam; Original personal number. Phone type: Other. In original list: Yes; Parsed from Assam Tea Directory row, verify before sending",,False
9101799542,L. K. Tea Company Pvt. Ltd.,L. K. Tea Company Pvt. Ltd.,Tea Estates number required.xlsx::Sheet1; dibrugarh.xlsx::Gardens; test_export.xlsx::Gardens; tea_estate_contacts_v2.xlsx::All Contacts; tea_estate_contacts.xlsx::Estate Contacts,High,Send,Direct estate number list; Generated garden export. District: Dibrugarh State: Assam; Original personal number. Phone type: Landline (Dibrugarh). In original list: Yes,,True
9395637154,Longboi T.E.,Longboi T.E.,Tea Estates number required.xlsx::Sheet1; dibrugarh.xlsx::Gardens; test_export.xlsx::Gardens; tea_estate_contacts_v2.xlsx::All Contacts; tea_estate_contacts.xlsx::Estate Contacts,High,Send,Direct estate number list; Generated garden export. District: Dibrugarh State: Assam; Original personal number. Phone type: . In original list: Yes,,False
9707897688,Madhuban T.E.,Madhuban T.E.,Tea Estates number required.xlsx::Sheet1; dibrugarh.xlsx::Gardens; test_export.xlsx::Gardens; tea_estate_contacts_v2.xlsx::All Contacts; tea_estate_contacts.xlsx::Estate Contacts,High,Send,Direct estate number list; Generated garden export. District: Dibrugarh State: Assam; Original personal number. Phone type: Other. In original list: Yes,,True
8876426227,Manoj Kunja T.E.,Manoj Kunja T.E.,Tea Estates number required.xlsx::Sheet1; dibrugarh.xlsx::Gardens; test_export.xlsx::Gardens; tea_estate_contacts_v2.xlsx::All Contacts; tea_estate_contacts.xlsx::Estate Contacts,High,Send,Direct estate number list; Generated garden export. District: Dibrugarh State: Assam; Original personal number. Phone type: Landline (Dibrugarh). In original list: Yes,,False
6000522700,Mohabirbari T.E. (1),Mohabirbari T.E. (1),Tea Estates number required.xlsx::Sheet1; dibrugarh.xlsx::Gardens; test_export.xlsx::Gardens; tea_estate_contacts_v2.xlsx::All Contacts; tea_estate_contacts.xlsx::Estate Contacts,High,Send,Direct estate number list; Generated garden export. District: Dibrugarh State: Assam; Original personal number. Phone type: Landline (Dibrugarh). In original list: Yes,,False
9435476099,Mothola T.E.,Mothola T.E.,Tea Estates number required.xlsx::Sheet1; dibrugarh.xlsx::Gardens; test_export.xlsx::Gardens; tea_estate_contacts_v2.xlsx::All Contacts; tea_estate_contacts.xlsx::Estate Contacts,High,Send,Direct estate number list; Generated garden export. District: Dibrugarh State: Assam; Original personal number. Phone type: Other. In original list: Yes,,False
9613282165,Moud Tea & Seed Co. Ltd.,Moud Tea & Seed Co. Ltd.,Tea Estates number required.xlsx::Sheet1; dibrugarh.xlsx::Gardens; test_export.xlsx::Gardens; tea_estate_contacts_v2.xlsx::All Contacts; tea_estate_contacts.xlsx::Estate Contacts,High,Send,Direct estate number list; Generated garden export. District: Dibrugarh State: Assam; Original personal number. Phone type: Other. In original list: Yes,,True
9706793269,Parbatipur T.E. (1),Parbatipur T.E. (1),Tea Estates number required.xlsx::Sheet1; dibrugarh.xlsx::Gardens; test_export.xlsx::Gardens; tea_estate_contacts_v2.xlsx::All Contacts; tea_estate_contacts.xlsx::Estate Contacts,High,Send,Direct estate number list; Generated garden export. District: Dibrugarh State: Assam; Original personal number. Phone type: . In original list: Yes,,False
9706719317,Phukanbari T.E.,Phukanbari T.E.,Tea Estates number required.xlsx::Sheet1; dibrugarh.xlsx::Gardens; test_export.xlsx::Gardens; tea_estate_contacts_v2.xlsx::All Contacts; tea_estate_contacts.xlsx::Estate Contacts,High,Send,Direct estate number list; Generated garden export. District: Dibrugarh State: Assam; Original personal number. Phone type: Landline (Dibrugarh). In original list: Yes,,True
9435393443,Piparatoli T.E.,Piparatoli T.E.,Tea Estates number required.xlsx::Sheet1; dibrugarh.xlsx::Gardens; test_export.xlsx::Gardens; tea_estate_contacts_v2.xlsx::All Contacts; tea_estate_contacts.xlsx::Estate Contacts,High,Send,Direct estate number list; Generated garden export. District: Dibrugarh State: Assam; Original personal number. Phone type: Other. In original list: Yes,,True
9954430589,Prabhat T.E.,Prabhat T.E.,Tea Estates number required.xlsx::Sheet1; dibrugarh.xlsx::Gardens; test_export.xlsx::Gardens; tea_estate_contacts_v2.xlsx::All Contacts; tea_estate_contacts.xlsx::Estate Contacts,High,Send,Direct estate number list; Generated garden export. District: Dibrugarh State: Assam; Original personal number. Phone type: Other. In original list: Yes,,True
7002829252,Rukong T.E.,Rukong T.E.,Tea Estates number required.xlsx::Sheet1; dibrugarh.xlsx::Gardens; test_export.xlsx::Gardens; tea_estate_contacts_v2.xlsx::All Contacts; tea_estate_contacts.xlsx::Estate Contacts,High,Send,Direct estate number list; Generated garden export. District: Dibrugarh State: Assam; Original personal number. Phone type: . In original list: Yes,,True
9435031577,Sadasiva T.E.,Sadasiva T.E.,Tea Estates number required.xlsx::Sheet1; dibrugarh.xlsx::Gardens; test_export.xlsx::Gardens; tea_estate_contacts_v2.xlsx::All Contacts; tea_estate_contacts.xlsx::Estate Contacts; Tea-Directory-Assam.xls::Worksheet,High,Send,"Direct estate number list; Generated garden export. District: Dibrugarh State: Assam; Original personal number. Phone type: Landline (Dibrugarh). In original list: Yes; Parsed from Assam Tea Directory row, verify before sending",,True
9101469254,Santi T.E.,Santi T.E.,Tea Estates number required.xlsx::Sheet1; dibrugarh.xlsx::Gardens; test_export.xlsx::Gardens; tea_estate_contacts_v2.xlsx::All Contacts; tea_estate_contacts.xlsx::Estate Contacts,High,Send,Direct estate number list; Generated garden export. District: Dibrugarh State: Assam; Original personal number. Phone type: . In original list: Yes,,True
7003122250,Satishpur T.E.,Satishpur T.E.,Tea Estates number required.xlsx::Sheet1; dibrugarh.xlsx::Gardens; test_export.xlsx::Gardens; tea_estate_contacts_v2.xlsx::All Contacts; tea_estate_contacts.xlsx::Estate Contacts,High,Send,Direct estate number list; Generated garden export. District: Dibrugarh State: Assam; Original personal number. Phone type: Other. In original list: Yes,halmari@amarawatitea.com; msharma@amarawatitea.com; soham@amarawatitea.com,True
9435033023,Satkarter T.E.,Satkarter T.E.,Tea Estates number required.xlsx::Sheet1; dibrugarh.xlsx::Gardens; test_export.xlsx::Gardens; tea_estate_contacts_v2.xlsx::All Contacts; tea_estate_contacts.xlsx::Estate Contacts,High,Send,Direct estate number list; Generated garden export. District: Dibrugarh State: Assam; Original personal number. Phone type: Other. In original list: Yes,,True
8011018074,Satyanarayana T.E.,Satyanarayana T.E.,Tea Estates number required.xlsx::Sheet1; dibrugarh.xlsx::Gardens; test_export.xlsx::Gardens; tea_estate_contacts_v2.xlsx::All Contacts; tea_estate_contacts.xlsx::Estate Contacts,High,Send,Direct estate number list; Generated garden export. District: Dibrugarh State: Assam; Original personal number. Phone type: Other. In original list: Yes,,True
7002483957,Sorojini T.E.,Sorojini T.E.,Tea Estates number required.xlsx::Sheet1; dibrugarh.xlsx::Gardens; test_export.xlsx::Gardens; tea_estate_contacts_v2.xlsx::All Contacts; tea_estate_contacts.xlsx::Estate Contacts,High,Send,Direct estate number list; Generated garden export. District: Dibrugarh State: Assam; Original personal number. Phone type: Landline (Dibrugarh). In original list: Yes,,False
9401129574,Suraj T.E.,Suraj T.E.,Tea Estates number required.xlsx::Sheet1; dibrugarh.xlsx::Gardens; test_export.xlsx::Gardens; tea_estate_contacts_v2.xlsx::All Contacts; tea_estate_contacts.xlsx::Estate Contacts,High,Send,Direct estate number list; Generated garden export. District: Dibrugarh State: Assam; Original personal number. Phone type: Other. In original list: Yes,,True
9435532002,Triveni T.E.,Triveni T.E.,Tea Estates number required.xlsx::Sheet1; dibrugarh.xlsx::Gardens; test_export.xlsx::Gardens; tea_estate_contacts_v2.xlsx::All Contacts; tea_estate_contacts.xlsx::Estate Contacts,High,Send,Direct estate number list; Generated garden export. District: Dibrugarh State: Assam; Original personal number. Phone type: Other. In original list: Yes,,True
9954447408,Udalguri T.E.,Udalguri T.E.,Tea Estates number required.xlsx::Sheet1; dibrugarh.xlsx::Gardens; test_export.xlsx::Gardens; tea_estate_contacts_v2.xlsx::All Contacts; tea_estate_contacts.xlsx::Estate Contacts,High,Send,Direct estate number list; Generated garden export. District: Dibrugarh State: Assam; Original personal number. Phone type: . In original list: Yes,,True
9899997370,"Homestay by the Tea Garden, Dibrugarh",Ahmedy T.E.,tea_estate_contacts_v2.xlsx::All Contacts; tea_estate_contacts.xlsx::Estate Contacts,Medium,Send,Google Maps phone. Phone type: Other. In original list: No; Google Maps phone. Phone type: Other. In original list: Yes,,True
8011162497,ALIMUR SWEETS,Alimur T.E.,tea_estate_contacts_v2.xlsx::All Contacts; tea_estate_contacts.xlsx::Estate Contacts,Medium,Send,Google Maps phone. Phone type: Other. In original list: Yes,,True
9395836442,APARNA STORE,Aparna T.E.,tea_estate_contacts_v2.xlsx::All Contacts; tea_estate_contacts.xlsx::Estate Contacts,Medium,Send,Google Maps phone. Phone type: Other. In original list: Yes,,True
9395331162,Mancotta Tea Estate Garden,Asitpur T.E.,tea_estate_contacts_v2.xlsx::All Contacts; tea_estate_contacts.xlsx::Estate Contacts,Medium,Send,Google Maps phone. Phone type: Other. In original list: Yes; Google Maps phone. Phone type: Other. In original list: No,,True
9435032131,Assam Tea Machineries,Assam Tea & Tea Seeds Plantation,tea_estate_contacts_v2.xlsx::All Contacts; tea_estate_contacts.xlsx::Estate Contacts,Medium,Send,Google Maps phone. Phone type: Other. In original list: Yes,,True
9780992400,Balijan noth Tea Factory,Balijan (North) T.E,tea_estate_contacts_v2.xlsx::All Contacts; tea_estate_contacts.xlsx::Estate Contacts,Medium,Send,Google Maps phone. Phone type: Other. In original list: No,,True
9435131803,Bochapathar Tea Estate,Bochapathar T.E.,tea_estate_contacts_v2.xlsx::All Contacts; tea_estate_contacts.xlsx::Estate Contacts,Medium,Send,Google Maps phone. Phone type: Other. In original list: No,,True
8133947096,BRINDABAN Real-estate Consultancy,Brindaban T.E.,tea_estate_contacts_v2.xlsx::All Contacts; tea_estate_contacts.xlsx::Estate Contacts,Medium,Send,Google Maps phone. Phone type: Other. In original list: No,,True
7086048927,Bajrang Timbers,Bajrang T.E.,tea_estate_contacts_v2.xlsx::All Contacts; tea_estate_contacts.xlsx::Estate Contacts,Medium,Send,Google Maps phone. Phone type: Other. In original list: No,,True
9854679574,M/s. Dhelia & Son's- Ultratech Cement,Dhelia T.E.,tea_estate_contacts_v2.xlsx::All Contacts; tea_estate_contacts.xlsx::Estate Contacts,Medium,Send,Google Maps phone. Phone type: Other. In original list: Yes,,True
8011017408,HARISHPUR TEA ESTATE,Harishpur T.E.,tea_estate_contacts_v2.xlsx::All Contacts; tea_estate_contacts.xlsx::Estate Contacts,Medium,Send,Google Maps phone. Phone type: Other. In original list: Yes,,True
9435031926,Karangani Tea Factory,Karangani T.E.,tea_estate_contacts_v2.xlsx::All Contacts; tea_estate_contacts.xlsx::Estate Contacts,Medium,Send,Google Maps phone. Phone type: Other. In original list: No,,True
7002475029,Madhuban Dibrugarh Home Stay /মধুবন হোম ষ্টে,Madhuban T.E.,tea_estate_contacts_v2.xlsx::All Contacts; tea_estate_contacts.xlsx::Estate Contacts,Medium,Send,Google Maps phone. Phone type: Other. In original list: Yes,,True
8099787964,Maijan Factory,Maijan T.E.,tea_estate_contacts_v2.xlsx::All Contacts; tea_estate_contacts.xlsx::Estate Contacts,Medium,Send,Google Maps phone. Phone type: Other. In original list: No,,True
9859349447,Mukul Cable,Mukul T.E.,tea_estate_contacts_v2.xlsx::All Contacts; tea_estate_contacts.xlsx::Estate Contacts,Medium,Send,Google Maps phone. Phone type: Other. In original list: Yes,,True
6003018224,"Harishpur Tea Estate, Namrup",Namrup T.E.,tea_estate_contacts_v2.xlsx::All Contacts; tea_estate_contacts.xlsx::Estate Contacts,Medium,Send,Google Maps phone. Phone type: Other. In original list: No,,True
8003020021,Narayanpur Tea Estate,Narayan T.E.,tea_estate_contacts_v2.xlsx::All Contacts; tea_estate_contacts.xlsx::Estate Contacts,Medium,Send,Google Maps phone. Phone type: Other. In original list: No,,True
9101772783,Phoenix,Phoenix Tea & Agril. Firm,tea_estate_contacts_v2.xlsx::All Contacts; tea_estate_contacts.xlsx::Estate Contacts,Medium,Send,Google Maps phone. Phone type: Other. In original list: Yes,,True
8473089763,Prabhat Associates,Prabhat T.E.,tea_estate_contacts_v2.xlsx::All Contacts; tea_estate_contacts.xlsx::Estate Contacts,Medium,Send,Google Maps phone. Phone type: Other. In original list: Yes,,True
6003871124,PRADIP STORE,Pradip T.E.,tea_estate_contacts_v2.xlsx::All Contacts; tea_estate_contacts.xlsx::Estate Contacts,Medium,Send,Google Maps phone. Phone type: Other. In original list: No,,True
9435476777,Prakash Restaurant,Prakash T.E.,tea_estate_contacts_v2.xlsx::All Contacts; tea_estate_contacts.xlsx::Estate Contacts,Medium,Send,Google Maps phone. Phone type: Other. In original list: Yes,,True
8822934910,Rungliting Tea Factory,Rungliting T.E.,tea_estate_contacts_v2.xlsx::All Contacts; tea_estate_contacts.xlsx::Estate Contacts,Medium,Send,Google Maps phone. Phone type: Other. In original list: No,,True
9706823415,Sainagar Tea Estate,Sainagar T.E.,tea_estate_contacts_v2.xlsx::All Contacts; tea_estate_contacts.xlsx::Estate Contacts,Medium,Send,Google Maps phone. Phone type: Other. In original list: Yes,,True
8135975507,SURAJ FAST FOOD,Suraj T.E.,tea_estate_contacts_v2.xlsx::All Contacts; tea_estate_contacts.xlsx::Estate Contacts,Medium,Send,Google Maps phone. Phone type: Other. In original list: Yes,,True
8453061345,Tingkhong Tea Estate,Tingkhong T.E.,tea_estate_contacts_v2.xlsx::All Contacts; tea_estate_contacts.xlsx::Estate Contacts,Medium,Send,Google Maps phone. Phone type: Other. In original list: No,,True
9954269166,TRIVENI MEDICOS,Triveni T.E.,tea_estate_contacts_v2.xlsx::All Contacts; tea_estate_contacts.xlsx::Estate Contacts,Medium,Send,Google Maps phone. Phone type: Other. In original list: Yes,,True
8876449550,"DUSKIN Homestay with tea garden view, Dibrugarh","[DISCOVERED] DUSKIN Homestay with tea garden view, Dibrugarh",tea_estate_contacts_v2.xlsx::All Contacts,Medium,Send,Google Maps phone. Phone type: Other. In original list: Discovered,,True
9435033382,Good Rich Tea Co. Pvt Ltd,[DISCOVERED] Good Rich Tea Co. Pvt Ltd,tea_estate_contacts_v2.xlsx::All Contacts,Medium,Send,Google Maps phone. Phone type: Other. In original list: Discovered,,True
9435037318,HORUJAN TEA COMPANY,[DISCOVERED] HORUJAN TEA COMPANY,tea_estate_contacts_v2.xlsx::All Contacts,Medium,Send,Google Maps phone. Phone type: Other. In original list: Discovered,,True
8011972301,Heritage Tea Centre,[DISCOVERED] Heritage Tea Centre,tea_estate_contacts_v2.xlsx::All Contacts,Medium,Send,Google Maps phone. Phone type: Other. In original list: Discovered,,True
7086061222,Hotel Tea County,[DISCOVERED] Hotel Tea County,tea_estate_contacts_v2.xlsx::All Contacts,Medium,Send,Google Maps phone. Phone type: Other. In original list: Discovered,name@example.com,True
9435033506,Madarkhat Tea Estate,[DISCOVERED] Madarkhat Tea Estate,tea_estate_contacts_v2.xlsx::All Contacts; Tea-Directory-Assam.xls::Worksheet,Medium,Send,"Google Maps phone. Phone type: Other. In original list: Discovered; Parsed from Assam Tea Directory row, verify before sending",,False
9706052244,Manohari The Tea Retreat,[DISCOVERED] Manohari The Tea Retreat,tea_estate_contacts_v2.xlsx::All Contacts,Medium,Send,Google Maps phone. Phone type: Other. In original list: Discovered,,True
9365475668,Namroop Tea Factory,[DISCOVERED] Namroop Tea Factory,tea_estate_contacts_v2.xlsx::All Contacts,Medium,Send,Google Maps phone. Phone type: Other. In original list: Discovered,,True
9706669220,S. K. Tea Company,[DISCOVERED] S. K. Tea Company,tea_estate_contacts_v2.xlsx::All Contacts,Medium,Send,Google Maps phone. Phone type: Other. In original list: Discovered,,True
9435466431,BAJRANGPUR,BAJRANGPUR,email assam.dooars teaestate.xlsx::Small Assam Gardens Emails; Tea-Directory-Assam.xls::Worksheet,Medium,Send,"Parsed from text block in email/telephone workbook; Parsed from Assam Tea Directory row, verify before sending",,True
9864259703,BOLOMA,BOLOMA,email assam.dooars teaestate.xlsx::Small Assam Gardens Emails; Tea-Directory-Assam.xls::Worksheet,Medium,Send,"Parsed from text block in email/telephone workbook; Parsed from Assam Tea Directory row, verify before sending",bokaholajorhat@gmail.com; bokaholajorhat@gmail.com,True
9207042162,GOLAGHAT,GOLAGHAT,email assam.dooars teaestate.xlsx::Small Assam Gardens Emails; Tea-Directory-Assam.xls::Worksheet,Medium,Send,"Parsed from text block in email/telephone workbook; Parsed from Assam Tea Directory row, verify before sending",jallangolaghat@gmail.com; jallangolaghat@gmail.com,True
9954473013,KAMARBAND,KAMARBAND,email assam.dooars teaestate.xlsx::Small Assam Gardens Emails; Tea-Directory-Assam.xls::Worksheet,Medium,Send,"Parsed from text block in email/telephone workbook; Parsed from Assam Tea Directory row, verify before sending",,True
9435131842,KANJIBARI,KANJIBARI,email assam.dooars teaestate.xlsx::Small Assam Gardens Emails; Tea-Directory-Assam.xls::Worksheet,Medium,Send,"Parsed from text block in email/telephone workbook; Parsed from Assam Tea Directory row, verify before sending",,True
9435147841,LAKHIPORE,LAKHIPORE,email assam.dooars teaestate.xlsx::Small Assam Gardens Emails; Tea-Directory-Assam.xls::Worksheet,Medium,Send,"Parsed from text block in email/telephone workbook; Parsed from Assam Tea Directory row, verify before sending",,True
9864310254,MAIJONGA,MAIJONGA,email assam.dooars teaestate.xlsx::Small Assam Gardens Emails; Tea-Directory-Assam.xls::Worksheet,Medium,Send,"Parsed from text block in email/telephone workbook; Parsed from Assam Tea Directory row, verify before sending",nowalrn123@rediffmail.com,True
9435885390,MANIKNAGAR,MANIKNAGAR,email assam.dooars teaestate.xlsx::Small Assam Gardens Emails; Tea-Directory-Assam.xls::Worksheet,Medium,Send,"Parsed from text block in email/telephone workbook; Parsed from Assam Tea Directory row, verify before sending",,True
9435076569,MANIKNAGAR,MANIKNAGAR,email assam.dooars teaestate.xlsx::Small Assam Gardens Emails; Tea-Directory-Assam.xls::Worksheet,Medium,Send,"Parsed from text block in email/telephone workbook; Parsed from Assam Tea Directory row, verify before sending",,True
9435023914,NILGIRI,NILGIRI,email assam.dooars teaestate.xlsx::Small Assam Gardens Emails; Tea-Directory-Assam.xls::Worksheet,Medium,Send,"Parsed from text block in email/telephone workbook; Parsed from Assam Tea Directory row, verify before sending",,True
9760002071,RAJARAMPORE,RAJARAMPORE,email assam.dooars teaestate.xlsx::Small Assam Gardens Emails; Tea-Directory-Assam.xls::Worksheet,Medium,Send,"Parsed from text block in email/telephone workbook; Parsed from Assam Tea Directory row, verify before sending",,True
9435536240,RANGCHALLI,RANGCHALLI,email assam.dooars teaestate.xlsx::Small Assam Gardens Emails; Tea-Directory-Assam.xls::Worksheet,Medium,Send,"Parsed from text block in email/telephone workbook; Parsed from Assam Tea Directory row, verify before sending",prokanta@gmail.com; bokaholajorhat@gmail.com,True
9435149115,RANGCHALLI,RANGCHALLI,email assam.dooars teaestate.xlsx::Small Assam Gardens Emails; Tea-Directory-Assam.xls::Worksheet,Medium,Send,"Parsed from text block in email/telephone workbook; Parsed from Assam Tea Directory row, verify before sending",prokanta@gmail.com; bokaholajorhat@gmail.com,True
9402676939,SATKARTAR,SATKARTAR,email assam.dooars teaestate.xlsx::Small Assam Gardens Emails; Tea-Directory-Assam.xls::Worksheet,Medium,Send,"Parsed from text block in email/telephone workbook; Parsed from Assam Tea Directory row, verify before sending",,True
9435736180,SATKARTAR,SATKARTAR,email assam.dooars teaestate.xlsx::Small Assam Gardens Emails; Tea-Directory-Assam.xls::Worksheet,Medium,Send,"Parsed from text block in email/telephone workbook; Parsed from Assam Tea Directory row, verify before sending",,True
9435092701,SOONITPUR,SOONITPUR,email assam.dooars teaestate.xlsx::Small Assam Gardens Emails; Tea-Directory-Assam.xls::Worksheet,Medium,Send,"Parsed from text block in email/telephone workbook; Parsed from Assam Tea Directory row, verify before sending",hazarika_amitabh@rediffmail.co,True
9954968627,SREEKONA,SREEKONA,email assam.dooars teaestate.xlsx::Small Assam Gardens Emails; Tea-Directory-Assam.xls::Worksheet,Medium,Send,"Parsed from text block in email/telephone workbook; Parsed from Assam Tea Directory row, verify before sending",,True
9435071111,SREEKONA,SREEKONA,email assam.dooars teaestate.xlsx::Small Assam Gardens Emails; Tea-Directory-Assam.xls::Worksheet,Medium,Send,"Parsed from text block in email/telephone workbook; Parsed from Assam Tea Directory row, verify before sending",,True
9435153309,TILOTTAMA,TILOTTAMA,email assam.dooars teaestate.xlsx::Small Assam Gardens Emails; Tea-Directory-Assam.xls::Worksheet,Medium,Send,"Parsed from text block in email/telephone workbook; Parsed from Assam Tea Directory row, verify before sending",,True
9435108511,TIRUAL,TIRUAL,email assam.dooars teaestate.xlsx::Small Assam Gardens Emails; Tea-Directory-Assam.xls::Worksheet,Medium,Send,"Parsed from text block in email/telephone workbook; Parsed from Assam Tea Directory row, verify before sending",arrohontravels@sify.com; arrohontravels@sify.com,True
9401625864,BAMUNIBARI,BAMUNIBARI,email assam.dooars teaestate.xlsx::Small Assam Gardens Emails; Tea-Directory-Assam.xls::Worksheet,Medium,Send,"Parsed from text block in email/telephone workbook; Parsed from Assam Tea Directory row, verify before sending",,True
9706708840,BAMUNIBARI,BAMUNIBARI,email assam.dooars teaestate.xlsx::Small Assam Gardens Emails; Tea-Directory-Assam.xls::Worksheet,Medium,Send,"Parsed from text block in email/telephone workbook; Parsed from Assam Tea Directory row, verify before sending",,True
9435035579,DEVENDRA,DEVENDRA,email assam.dooars teaestate.xlsx::Small Assam Gardens Emails; Tea-Directory-Assam.xls::Worksheet,Medium,Send,"Parsed from text block in email/telephone workbook; Parsed from Assam Tea Directory row, verify before sending",sumitagarwaltsa@yahoo.co.in,True
9435731854,HIMALAYA,HIMALAYA,email assam.dooars teaestate.xlsx::Small Assam Gardens Emails; Tea-Directory-Assam.xls::Worksheet,Medium,Send,"Parsed from text block in email/telephone workbook; Parsed from Assam Tea Directory row, verify before sending",,True
9435053486,NEETINNAGAR,NEETINNAGAR,email assam.dooars teaestate.xlsx::Small Assam Gardens Emails; Tea-Directory-Assam.xls::Worksheet,Medium,Send,"Parsed from text block in email/telephone workbook; Parsed from Assam Tea Directory row, verify before sending",neetinnagar@gmail.com,True
9435567873,PRABHAT,PRABHAT,email assam.dooars teaestate.xlsx::Small Assam Gardens Emails; Tea-Directory-Assam.xls::Worksheet,Medium,Send,"Parsed from text block in email/telephone workbook; Parsed from Assam Tea Directory row, verify before sending",prabhatte@gmail.com; prabhatte@gmail.com,True
9831090900,PRABHAT,PRABHAT,email assam.dooars teaestate.xlsx::Small Assam Gardens Emails; Tea-Directory-Assam.xls::Worksheet,Medium,Send,"Parsed from text block in email/telephone workbook; Parsed from Assam Tea Directory row, verify before sending",prabhatte@gmail.com; prabhatte@gmail.com,True
9864049079,SOTAI,SOTAI,email assam.dooars teaestate.xlsx::Small Assam Gardens Emails; Tea-Directory-Assam.xls::Worksheet,Medium,Send,"Parsed from text block in email/telephone workbook; Parsed from Assam Tea Directory row, verify before sending",sotaiteaco@rediffmail.com; sotaiteaco@rediffmail.com,True
9435515703,DALOWJAN,DALOWJAN,email assam.dooars teaestate.xlsx::Small Assam Gardens Emails; Tea-Directory-Assam.xls::Worksheet,Medium,Send,"Parsed from text block in email/telephone workbook; Parsed from Assam Tea Directory row, verify before sending",deboshyam_barua@yahoo.com; deboshyam_barua@yahoo.com,True
9678053864,GREEN VIEW,GREEN VIEW,email assam.dooars teaestate.xlsx::Small Assam Gardens Emails; Tea-Directory-Assam.xls::Worksheet,Medium,Send,"Parsed from text block in email/telephone workbook; Parsed from Assam Tea Directory row, verify before sending",lakhtokia@gmail.com,True
9678053082,GREEN VIEW,GREEN VIEW,email assam.dooars teaestate.xlsx::Small Assam Gardens Emails; Tea-Directory-Assam.xls::Worksheet,Medium,Send,"Parsed from text block in email/telephone workbook; Parsed from Assam Tea Directory row, verify before sending",lakhtokia@gmail.com,True
9435030713,HARISHPUR,HARISHPUR,email assam.dooars teaestate.xlsx::Small Assam Gardens Emails; Tea-Directory-Assam.xls::Worksheet,Medium,Send,"Parsed from text block in email/telephone workbook; Parsed from Assam Tea Directory row, verify before sending",harishpur_tea@rediffmail.com; harishpur_tea@rediffmail.com,True
9435032117,MOTHOLA,MOTHOLA,email assam.dooars teaestate.xlsx::Small Assam Gardens Emails; Tea-Directory-Assam.xls::Worksheet,Medium,Send,"Parsed from text block in email/telephone workbook; Parsed from Assam Tea Directory row, verify before sending",,True
9954471732,RADHABARI,RADHABARI,email assam.dooars teaestate.xlsx::Small Assam Gardens Emails; Tea-Directory-Assam.xls::Worksheet,Medium,Send,"Parsed from text block in email/telephone workbook; Parsed from Assam Tea Directory row, verify before sending",,True
9435052701,RADHABARI,RADHABARI,email assam.dooars teaestate.xlsx::Small Assam Gardens Emails; Tea-Directory-Assam.xls::Worksheet,Medium,Send,"Parsed from text block in email/telephone workbook; Parsed from Assam Tea Directory row, verify before sending",,True
9954526126,SONARIE,SONARIE,email assam.dooars teaestate.xlsx::Small Assam Gardens Emails; Tea-Directory-Assam.xls::Worksheet,Medium,Send,"Parsed from text block in email/telephone workbook; Parsed from Assam Tea Directory row, verify before sending",sonari@satyam.net.in; sonari@satyam.net.in,True
9707015809,SONARIE,SONARIE,email assam.dooars teaestate.xlsx::Small Assam Gardens Emails; Tea-Directory-Assam.xls::Worksheet,Medium,Send,"Parsed from text block in email/telephone workbook; Parsed from Assam Tea Directory row, verify before sending",sonari@satyam.net.in; sonari@satyam.net.in,True
9508382398,1,1,Tea-Directory-Assam.xls::Worksheet,Low,Hold,"Parsed from Assam Tea Directory row, verify before sending",,True
9435053511,1,1,Tea-Directory-Assam.xls::Worksheet,Low,Hold,"Parsed from Assam Tea Directory row, verify before sending",,True
9957172140,"Sl. Name of the Estate, and Address Regd. No. Status of the Total area Area unde","Sl. Name of the Estate, and Address Regd. No. Status of the Total area Area unde",Tea-Directory-Assam.xls::Worksheet,Low,Hold,"Parsed from Assam Tea Directory row, verify before sending",,True
9859939161,(grant area) reported by 2010 as during 2010,(grant area) reported by 2010 as during 2010,Tea-Directory-Assam.xls::Worksheet,Low,Hold,"Parsed from Assam Tea Directory row, verify before sending",,True
9678001792,2 ASHOOBAG* 2723 Partnership 11.64 11.56 35202 0 ITA SUBHASH KUMAR BHARTIA SUBHA,2 ASHOOBAG* 2723 Partnership 11.64 11.56 35202 0 ITA SUBHASH KUMAR BHARTIA SUBHA,Tea-Directory-Assam.xls::Worksheet,Low,Hold,"Parsed from Assam Tea Directory row, verify before sending",,True
9435376259,39,39,Tea-Directory-Assam.xls::Worksheet,Low,Hold,"Parsed from Assam Tea Directory row, verify before sending",,True
9435134066,"ASSAM. C SIVSAGAR, ASSAM. SIVSAGAR, ASSAM.","ASSAM. C SIVSAGAR, ASSAM. SIVSAGAR, ASSAM.",Tea-Directory-Assam.xls::Worksheet,Low,Hold,"Parsed from Assam Tea Directory row, verify before sending",,True
9831815555,58,58,Tea-Directory-Assam.xls::Worksheet,Low,Hold,"Parsed from Assam Tea Directory row, verify before sending",,True
9830040025,81,81,Tea-Directory-Assam.xls::Worksheet,Low,Hold,"Parsed from Assam Tea Directory row, verify before sending",,True
9830038969,117,117,Tea-Directory-Assam.xls::Worksheet,Low,Hold,"Parsed from Assam Tea Directory row, verify before sending",,True
9435035779,143,143,Tea-Directory-Assam.xls::Worksheet,Low,Hold,"Parsed from Assam Tea Directory row, verify before sending",,True
9435030526,213,213,Tea-Directory-Assam.xls::Worksheet,Low,Hold,"Parsed from Assam Tea Directory row, verify before sending",,True
9435017972,233,233,Tea-Directory-Assam.xls::Worksheet,Low,Hold,"Parsed from Assam Tea Directory row, verify before sending",,True
9954477332,290,290,Tea-Directory-Assam.xls::Worksheet,Low,Hold,"Parsed from Assam Tea Directory row, verify before sending",,True
9830040029,,,Tea-Directory-Assam.xls::Worksheet,Low,Hold,"Parsed from Assam Tea Directory row, verify before sending",,True
9435136563,,,Tea-Directory-Assam.xls::Worksheet,Low,Hold,"Parsed from Assam Tea Directory row, verify before sending",,True
9831011765,,,Tea-Directory-Assam.xls::Worksheet,Low,Hold,"Parsed from Assam Tea Directory row, verify before sending",,True
9435333314,,,Tea-Directory-Assam.xls::Worksheet,Low,Hold,"Parsed from Assam Tea Directory row, verify before sending",,True
9435158668,,,Tea-Directory-Assam.xls::Worksheet,Low,Hold,"Parsed from Assam Tea Directory row, verify before sending",,True
9954498848,,,Tea-Directory-Assam.xls::Worksheet,Low,Hold,"Parsed from Assam Tea Directory row, verify before sending",,True
9836343222,,,Tea-Directory-Assam.xls::Worksheet,Low,Hold,"Parsed from Assam Tea Directory row, verify before sending",,True
9435173033,,,Tea-Directory-Assam.xls::Worksheet,Low,Hold,"Parsed from Assam Tea Directory row, verify before sending",,True
9435184537,,,Tea-Directory-Assam.xls::Worksheet,Low,Hold,"Parsed from Assam Tea Directory row, verify before sending",,True
9830250055,,,Tea-Directory-Assam.xls::Worksheet,Low,Hold,"Parsed from Assam Tea Directory row, verify before sending",,True
9435465363,,,Tea-Directory-Assam.xls::Worksheet,Low,Hold,"Parsed from Assam Tea Directory row, verify before sending",,True
9435095930,ASSAM,ASSAM,Tea-Directory-Assam.xls::Worksheet,Low,Hold,"Parsed from Assam Tea Directory row, verify before sending",,True
9435180144,,,Tea-Directory-Assam.xls::Worksheet,Low,Hold,"Parsed from Assam Tea Directory row, verify before sending",,True
9435079915,,,Tea-Directory-Assam.xls::Worksheet,Low,Hold,"Parsed from Assam Tea Directory row, verify before sending",,True
7399882662,,,Tea-Directory-Assam.xls::Worksheet,Low,Hold,"Parsed from Assam Tea Directory row, verify before sending",,True
9435010774,,,Tea-Directory-Assam.xls::Worksheet,Low,Hold,"Parsed from Assam Tea Directory row, verify before sending",,True
9435026844,,,Tea-Directory-Assam.xls::Worksheet,Low,Hold,"Parsed from Assam Tea Directory row, verify before sending",,True
9830019050,,,Tea-Directory-Assam.xls::Worksheet,Low,Hold,"Parsed from Assam Tea Directory row, verify before sending",,True
9954229915,,,Tea-Directory-Assam.xls::Worksheet,Low,Hold,"Parsed from Assam Tea Directory row, verify before sending",,True
9435158600,,,Tea-Directory-Assam.xls::Worksheet,Low,Hold,"Parsed from Assam Tea Directory row, verify before sending",,True
9954215784,,,Tea-Directory-Assam.xls::Worksheet,Low,Hold,"Parsed from Assam Tea Directory row, verify before sending",,True
9435525015,,,Tea-Directory-Assam.xls::Worksheet,Low,Hold,"Parsed from Assam Tea Directory row, verify before sending",,True
9435139980,,,Tea-Directory-Assam.xls::Worksheet,Low,Hold,"Parsed from Assam Tea Directory row, verify before sending",,True
9954499218,,,Tea-Directory-Assam.xls::Worksheet,Low,Hold,"Parsed from Assam Tea Directory row, verify before sending",,True
9435151646,,,Tea-Directory-Assam.xls::Worksheet,Low,Hold,"Parsed from Assam Tea Directory row, verify before sending",,True
9435032280,,,Tea-Directory-Assam.xls::Worksheet,Low,Hold,"Parsed from Assam Tea Directory row, verify before sending",,True
9435092011,,,Tea-Directory-Assam.xls::Worksheet,Low,Hold,"Parsed from Assam Tea Directory row, verify before sending",,True
9854307994,,,Tea-Directory-Assam.xls::Worksheet,Low,Hold,"Parsed from Assam Tea Directory row, verify before sending",,True
9435279922,,,Tea-Directory-Assam.xls::Worksheet,Low,Hold,"Parsed from Assam Tea Directory row, verify before sending",,True
9435178511,,,Tea-Directory-Assam.xls::Worksheet,Low,Hold,"Parsed from Assam Tea Directory row, verify before sending",,True
9678797326,,,Tea-Directory-Assam.xls::Worksheet,Low,Hold,"Parsed from Assam Tea Directory row, verify before sending",,True
9831171005,"OUPHULIACHARIALI, DIST: CO","OUPHULIACHARIALI, DIST: CO",Tea-Directory-Assam.xls::Worksheet,Low,Hold,"Parsed from Assam Tea Directory row, verify before sending",,True
9854178350,,,Tea-Directory-Assam.xls::Worksheet,Low,Hold,"Parsed from Assam Tea Directory row, verify before sending",,True
9435170877,,,Tea-Directory-Assam.xls::Worksheet,Low,Hold,"Parsed from Assam Tea Directory row, verify before sending",,True
9435134829,,,Tea-Directory-Assam.xls::Worksheet,Low,Hold,"Parsed from Assam Tea Directory row, verify before sending",,True
9435532528,,,Tea-Directory-Assam.xls::Worksheet,Low,Hold,"Parsed from Assam Tea Directory row, verify before sending",,True
8011668091,,,Tea-Directory-Assam.xls::Worksheet,Low,Hold,"Parsed from Assam Tea Directory row, verify before sending",,True
9435130842,,,Tea-Directory-Assam.xls::Worksheet,Low,Hold,"Parsed from Assam Tea Directory row, verify before sending",,True
9435335860,,,Tea-Directory-Assam.xls::Worksheet,Low,Hold,"Parsed from Assam Tea Directory row, verify before sending",,True
9613852219,,,Tea-Directory-Assam.xls::Worksheet,Low,Hold,"Parsed from Assam Tea Directory row, verify before sending",,True
9435158810,,,Tea-Directory-Assam.xls::Worksheet,Low,Hold,"Parsed from Assam Tea Directory row, verify before sending",,True
9433602746,,,Tea-Directory-Assam.xls::Worksheet,Low,Hold,"Parsed from Assam Tea Directory row, verify before sending",,True
9435053610,,,Tea-Directory-Assam.xls::Worksheet,Low,Hold,"Parsed from Assam Tea Directory row, verify before sending",,True
9435054366,,,Tea-Directory-Assam.xls::Worksheet,Low,Hold,"Parsed from Assam Tea Directory row, verify before sending",,True
9435422512,,,Tea-Directory-Assam.xls::Worksheet,Low,Hold,"Parsed from Assam Tea Directory row, verify before sending",,True
9613732229,,,Tea-Directory-Assam.xls::Worksheet,Low,Hold,"Parsed from Assam Tea Directory row, verify before sending",,True
9435700488,,,Tea-Directory-Assam.xls::Worksheet,Low,Hold,"Parsed from Assam Tea Directory row, verify before sending",,True
9435053849,,,Tea-Directory-Assam.xls::Worksheet,Low,Hold,"Parsed from Assam Tea Directory row, verify before sending",,True
9435051003,,,Tea-Directory-Assam.xls::Worksheet,Low,Hold,"Parsed from Assam Tea Directory row, verify before sending",,True
9435034697,,,Tea-Directory-Assam.xls::Worksheet,Low,Hold,"Parsed from Assam Tea Directory row, verify before sending",,True
9831011767,,,Tea-Directory-Assam.xls::Worksheet,Low,Hold,"Parsed from Assam Tea Directory row, verify before sending",,True
9954180359,,,Tea-Directory-Assam.xls::Worksheet,Low,Hold,"Parsed from Assam Tea Directory row, verify before sending",,True
9435738354,,,Tea-Directory-Assam.xls::Worksheet,Low,Hold,"Parsed from Assam Tea Directory row, verify before sending",,True
9435180336,,,Tea-Directory-Assam.xls::Worksheet,Low,Hold,"Parsed from Assam Tea Directory row, verify before sending",,True
9954651028,,,Tea-Directory-Assam.xls::Worksheet,Low,Hold,"Parsed from Assam Tea Directory row, verify before sending",,True
9435151380,,,Tea-Directory-Assam.xls::Worksheet,Low,Hold,"Parsed from Assam Tea Directory row, verify before sending",,True
9435054516,,,Tea-Directory-Assam.xls::Worksheet,Low,Hold,"Parsed from Assam Tea Directory row, verify before sending",,True
9954232977,,,Tea-Directory-Assam.xls::Worksheet,Low,Hold,"Parsed from Assam Tea Directory row, verify before sending",,True
9436003658,,,Tea-Directory-Assam.xls::Worksheet,Low,Hold,"Parsed from Assam Tea Directory row, verify before sending",,True
8011619836,,,Tea-Directory-Assam.xls::Worksheet,Low,Hold,"Parsed from Assam Tea Directory row, verify before sending",,True
9435139125,,,Tea-Directory-Assam.xls::Worksheet,Low,Hold,"Parsed from Assam Tea Directory row, verify before sending",,True
9957098166,,,Tea-Directory-Assam.xls::Worksheet,Low,Hold,"Parsed from Assam Tea Directory row, verify before sending",,True
9954017410,,,Tea-Directory-Assam.xls::Worksheet,Low,Hold,"Parsed from Assam Tea Directory row, verify before sending",,True
9435030679,,,Tea-Directory-Assam.xls::Worksheet,Low,Hold,"Parsed from Assam Tea Directory row, verify before sending",,False
9435011719,,,Tea-Directory-Assam.xls::Worksheet,Low,Hold,"Parsed from Assam Tea Directory row, verify before sending",,True
9954193005,,,Tea-Directory-Assam.xls::Worksheet,Low,Hold,"Parsed from Assam Tea Directory row, verify before sending",,True
9435027121,,,Tea-Directory-Assam.xls::Worksheet,Low,Hold,"Parsed from Assam Tea Directory row, verify before sending",,True
9433006082,,,Tea-Directory-Assam.xls::Worksheet,Low,Hold,"Parsed from Assam Tea Directory row, verify before sending",,True
9435130662,,,Tea-Directory-Assam.xls::Worksheet,Low,Hold,"Parsed from Assam Tea Directory row, verify before sending",,True
9435132727,,,Tea-Directory-Assam.xls::Worksheet,Low,Hold,"Parsed from Assam Tea Directory row, verify before sending",,True
9678382614,,,Tea-Directory-Assam.xls::Worksheet,Low,Hold,"Parsed from Assam Tea Directory row, verify before sending",,True
8011209038,,,Tea-Directory-Assam.xls::Worksheet,Low,Hold,"Parsed from Assam Tea Directory row, verify before sending",,True
9435083817,,,Tea-Directory-Assam.xls::Worksheet,Low,Hold,"Parsed from Assam Tea Directory row, verify before sending",,True
7896367249,,,Tea-Directory-Assam.xls::Worksheet,Low,Hold,"Parsed from Assam Tea Directory row, verify before sending",,True
9954032425,,,Tea-Directory-Assam.xls::Worksheet,Low,Hold,"Parsed from Assam Tea Directory row, verify before sending",,True
9435061129,,,Tea-Directory-Assam.xls::Worksheet,Low,Hold,"Parsed from Assam Tea Directory row, verify before sending",,True
9435054400,,,Tea-Directory-Assam.xls::Worksheet,Low,Hold,"Parsed from Assam Tea Directory row, verify before sending",,True
9854089231,,,Tea-Directory-Assam.xls::Worksheet,Low,Hold,"Parsed from Assam Tea Directory row, verify before sending",,True
9859939182,,,Tea-Directory-Assam.xls::Worksheet,Low,Hold,"Parsed from Assam Tea Directory row, verify before sending",,True
9435182675,,,Tea-Directory-Assam.xls::Worksheet,Low,Hold,"Parsed from Assam Tea Directory row, verify before sending",,True
9435153595,,,Tea-Directory-Assam.xls::Worksheet,Low,Hold,"Parsed from Assam Tea Directory row, verify before sending",,True
9435052233,,,Tea-Directory-Assam.xls::Worksheet,Low,Hold,"Parsed from Assam Tea Directory row, verify before sending",,True
9435666877,,,Tea-Directory-Assam.xls::Worksheet,Low,Hold,"Parsed from Assam Tea Directory row, verify before sending",,True
9435150315,,,Tea-Directory-Assam.xls::Worksheet,Low,Hold,"Parsed from Assam Tea Directory row, verify before sending",,True
9954264263,,,Tea-Directory-Assam.xls::Worksheet,Low,Hold,"Parsed from Assam Tea Directory row, verify before sending",,True
9435050088,,,Tea-Directory-Assam.xls::Worksheet,Low,Hold,"Parsed from Assam Tea Directory row, verify before sending",,True
9436432228,,,Tea-Directory-Assam.xls::Worksheet,Low,Hold,"Parsed from Assam Tea Directory row, verify before sending",,True
9206195637,,,Tea-Directory-Assam.xls::Worksheet,Low,Hold,"Parsed from Assam Tea Directory row, verify before sending",,True
9435079449,,,Tea-Directory-Assam.xls::Worksheet,Low,Hold,"Parsed from Assam Tea Directory row, verify before sending",,True
9435172193,,,Tea-Directory-Assam.xls::Worksheet,Low,Hold,"Parsed from Assam Tea Directory row, verify before sending",,True
9435134212,,,Tea-Directory-Assam.xls::Worksheet,Low,Hold,"Parsed from Assam Tea Directory row, verify before sending",,True
9435036380,,,Tea-Directory-Assam.xls::Worksheet,Low,Hold,"Parsed from Assam Tea Directory row, verify before sending",,True
9435036770,,,Tea-Directory-Assam.xls::Worksheet,Low,Hold,"Parsed from Assam Tea Directory row, verify before sending",,True
9435031680,,,Tea-Directory-Assam.xls::Worksheet,Low,Hold,"Parsed from Assam Tea Directory row, verify before sending",,True
9931171719,,,Tea-Directory-Assam.xls::Worksheet,Low,Hold,"Parsed from Assam Tea Directory row, verify before sending",,True
9435200027,,,Tea-Directory-Assam.xls::Worksheet,Low,Hold,"Parsed from Assam Tea Directory row, verify before sending",,True
9435012250,,,Tea-Directory-Assam.xls::Worksheet,Low,Hold,"Parsed from Assam Tea Directory row, verify before sending",,True
9435154908,,,Tea-Directory-Assam.xls::Worksheet,Low,Hold,"Parsed from Assam Tea Directory row, verify before sending",,True
9831008777,,,Tea-Directory-Assam.xls::Worksheet,Low,Hold,"Parsed from Assam Tea Directory row, verify before sending",,True
9957172136,,,Tea-Directory-Assam.xls::Worksheet,Low,Hold,"Parsed from Assam Tea Directory row, verify before sending",,True
9854791247,,,Tea-Directory-Assam.xls::Worksheet,Low,Hold,"Parsed from Assam Tea Directory row, verify before sending",,True
9577931098,,,Tea-Directory-Assam.xls::Worksheet,Low,Hold,"Parsed from Assam Tea Directory row, verify before sending",,True
9435053873,,,Tea-Directory-Assam.xls::Worksheet,Low,Hold,"Parsed from Assam Tea Directory row, verify before sending",,True
9854122357,,,Tea-Directory-Assam.xls::Worksheet,Low,Hold,"Parsed from Assam Tea Directory row, verify before sending",,True
9435033527,,,Tea-Directory-Assam.xls::Worksheet,Low,Hold,"Parsed from Assam Tea Directory row, verify before sending",,True
9854369682,,,Tea-Directory-Assam.xls::Worksheet,Low,Hold,"Parsed from Assam Tea Directory row, verify before sending",,True
9706261542,,,Tea-Directory-Assam.xls::Worksheet,Low,Hold,"Parsed from Assam Tea Directory row, verify before sending",,True
9435377619,,,Tea-Directory-Assam.xls::Worksheet,Low,Hold,"Parsed from Assam Tea Directory row, verify before sending",,True
9435032278,,,Tea-Directory-Assam.xls::Worksheet,Low,Hold,"Parsed from Assam Tea Directory row, verify before sending",,True
9435474260,,,Tea-Directory-Assam.xls::Worksheet,Low,Hold,"Parsed from Assam Tea Directory row, verify before sending",,True
9435376241,,,Tea-Directory-Assam.xls::Worksheet,Low,Hold,"Parsed from Assam Tea Directory row, verify before sending",,True
9831439243,,,Tea-Directory-Assam.xls::Worksheet,Low,Hold,"Parsed from Assam Tea Directory row, verify before sending",,True
9435009285,,,Tea-Directory-Assam.xls::Worksheet,Low,Hold,"Parsed from Assam Tea Directory row, verify before sending",,True
9508110819,ASSAM C,ASSAM C,Tea-Directory-Assam.xls::Worksheet,Low,Hold,"Parsed from Assam Tea Directory row, verify before sending",,True
9435523486,,,Tea-Directory-Assam.xls::Worksheet,Low,Hold,"Parsed from Assam Tea Directory row, verify before sending",,True
9854012274,,,Tea-Directory-Assam.xls::Worksheet,Low,Hold,"Parsed from Assam Tea Directory row, verify before sending",,True
9859939167,,,Tea-Directory-Assam.xls::Worksheet,Low,Hold,"Parsed from Assam Tea Directory row, verify before sending",,True
9435067927,,,Tea-Directory-Assam.xls::Worksheet,Low,Hold,"Parsed from Assam Tea Directory row, verify before sending",,True
9954490432,,,Tea-Directory-Assam.xls::Worksheet,Low,Hold,"Parsed from Assam Tea Directory row, verify before sending",,True
9830266187,,,Tea-Directory-Assam.xls::Worksheet,Low,Hold,"Parsed from Assam Tea Directory row, verify before sending",,True
9435035272,,,Tea-Directory-Assam.xls::Worksheet,Low,Hold,"Parsed from Assam Tea Directory row, verify before sending",,True
9435136191,,,Tea-Directory-Assam.xls::Worksheet,Low,Hold,"Parsed from Assam Tea Directory row, verify before sending",,True
9954046364,,,Tea-Directory-Assam.xls::Worksheet,Low,Hold,"Parsed from Assam Tea Directory row, verify before sending",,True
9435184616,,,Tea-Directory-Assam.xls::Worksheet,Low,Hold,"Parsed from Assam Tea Directory row, verify before sending",,True
9435181566,,,Tea-Directory-Assam.xls::Worksheet,Low,Hold,"Parsed from Assam Tea Directory row, verify before sending",,True
9435180827,,,Tea-Directory-Assam.xls::Worksheet,Low,Hold,"Parsed from Assam Tea Directory row, verify before sending",,True
9954113528,,,Tea-Directory-Assam.xls::Worksheet,Low,Hold,"Parsed from Assam Tea Directory row, verify before sending",,True
9435070357,,,Tea-Directory-Assam.xls::Worksheet,Low,Hold,"Parsed from Assam Tea Directory row, verify before sending",,True
9864556130,,,Tea-Directory-Assam.xls::Worksheet,Low,Hold,"Parsed from Assam Tea Directory row, verify before sending",,True
9831825340,,,Tea-Directory-Assam.xls::Worksheet,Low,Hold,"Parsed from Assam Tea Directory row, verify before sending",,True
9854368720,,,Tea-Directory-Assam.xls::Worksheet,Low,Hold,"Parsed from Assam Tea Directory row, verify before sending",,True
9854019388,,,Tea-Directory-Assam.xls::Worksheet,Low,Hold,"Parsed from Assam Tea Directory row, verify before sending",,True
9678728218,,,Tea-Directory-Assam.xls::Worksheet,Low,Hold,"Parsed from Assam Tea Directory row, verify before sending",,True
9435415546,,,Tea-Directory-Assam.xls::Worksheet,Low,Hold,"Parsed from Assam Tea Directory row, verify before sending",,True
9435474454,,,Tea-Directory-Assam.xls::Worksheet,Low,Hold,"Parsed from Assam Tea Directory row, verify before sending",,True
9435172025,,,Tea-Directory-Assam.xls::Worksheet,Low,Hold,"Parsed from Assam Tea Directory row, verify before sending",,True
9435142306,,,Tea-Directory-Assam.xls::Worksheet,Low,Hold,"Parsed from Assam Tea Directory row, verify before sending",,True
9435052182,,,Tea-Directory-Assam.xls::Worksheet,Low,Hold,"Parsed from Assam Tea Directory row, verify before sending",,True
9401627032,,,Tea-Directory-Assam.xls::Worksheet,Low,Hold,"Parsed from Assam Tea Directory row, verify before sending",,True
9435580240,,,Tea-Directory-Assam.xls::Worksheet,Low,Hold,"Parsed from Assam Tea Directory row, verify before sending",,True
9435030626,,,Tea-Directory-Assam.xls::Worksheet,Low,Hold,"Parsed from Assam Tea Directory row, verify before sending",,True
9435039582,,,Tea-Directory-Assam.xls::Worksheet,Low,Hold,"Parsed from Assam Tea Directory row, verify before sending",,True
9435175918,,,Tea-Directory-Assam.xls::Worksheet,Low,Hold,"Parsed from Assam Tea Directory row, verify before sending",,True
9435150295,,,Tea-Directory-Assam.xls::Worksheet,Low,Hold,"Parsed from Assam Tea Directory row, verify before sending",,True
9435515561,,,Tea-Directory-Assam.xls::Worksheet,Low,Hold,"Parsed from Assam Tea Directory row, verify before sending",,True
9435133125,,,Tea-Directory-Assam.xls::Worksheet,Low,Hold,"Parsed from Assam Tea Directory row, verify before sending",,True
9854093412,,,Tea-Directory-Assam.xls::Worksheet,Low,Hold,"Parsed from Assam Tea Directory row, verify before sending",,True
9435508927,,,Tea-Directory-Assam.xls::Worksheet,Low,Hold,"Parsed from Assam Tea Directory row, verify before sending",,True
9435199931,,,Tea-Directory-Assam.xls::Worksheet,Low,Hold,"Parsed from Assam Tea Directory row, verify before sending",,True
9831924111,,,Tea-Directory-Assam.xls::Worksheet,Low,Hold,"Parsed from Assam Tea Directory row, verify before sending",,True
9613256964,,,Tea-Directory-Assam.xls::Worksheet,Low,Hold,"Parsed from Assam Tea Directory row, verify before sending",,True
9957004641,,,Tea-Directory-Assam.xls::Worksheet,Low,Hold,"Parsed from Assam Tea Directory row, verify before sending",,True
9435344605,,,Tea-Directory-Assam.xls::Worksheet,Low,Hold,"Parsed from Assam Tea Directory row, verify before sending",,True
9435030458,,,Tea-Directory-Assam.xls::Worksheet,Low,Hold,"Parsed from Assam Tea Directory row, verify before sending",,True
9854439587,,,Tea-Directory-Assam.xls::Worksheet,Low,Hold,"Parsed from Assam Tea Directory row, verify before sending",,True
9401186742,,,Tea-Directory-Assam.xls::Worksheet,Low,Hold,"Parsed from Assam Tea Directory row, verify before sending",,True
9435033825,,,Tea-Directory-Assam.xls::Worksheet,Low,Hold,"Parsed from Assam Tea Directory row, verify before sending",,True
9435433558,,,Tea-Directory-Assam.xls::Worksheet,Low,Hold,"Parsed from Assam Tea Directory row, verify before sending",,True
9678380680,,,Tea-Directory-Assam.xls::Worksheet,Low,Hold,"Parsed from Assam Tea Directory row, verify before sending",,True
9435040611,,,Tea-Directory-Assam.xls::Worksheet,Low,Hold,"Parsed from Assam Tea Directory row, verify before sending",,True
9435735898,,,Tea-Directory-Assam.xls::Worksheet,Low,Hold,"Parsed from Assam Tea Directory row, verify before sending",,True
9957421622,,,Tea-Directory-Assam.xls::Worksheet,Low,Hold,"Parsed from Assam Tea Directory row, verify before sending",,True
9868958425,ASSAM.,ASSAM.,Tea-Directory-Assam.xls::Worksheet,Low,Hold,"Parsed from Assam Tea Directory row, verify before sending",,True
9707076375,,,Tea-Directory-Assam.xls::Worksheet,Low,Hold,"Parsed from Assam Tea Directory row, verify before sending",,True
9435378374,,,Tea-Directory-Assam.xls::Worksheet,Low,Hold,"Parsed from Assam Tea Directory row, verify before sending",,True
9435059050,,,Tea-Directory-Assam.xls::Worksheet,Low,Hold,"Parsed from Assam Tea Directory row, verify before sending",,True
9435724409,,,Tea-Directory-Assam.xls::Worksheet,Low,Hold,"Parsed from Assam Tea Directory row, verify before sending",,True
9859919819,,,Tea-Directory-Assam.xls::Worksheet,Low,Hold,"Parsed from Assam Tea Directory row, verify before sending",,True
9435150930,,,Tea-Directory-Assam.xls::Worksheet,Low,Hold,"Parsed from Assam Tea Directory row, verify before sending",,True
9435245790,,,Tea-Directory-Assam.xls::Worksheet,Low,Hold,"Parsed from Assam Tea Directory row, verify before sending",,True
9435475049,,,Tea-Directory-Assam.xls::Worksheet,Low,Hold,"Parsed from Assam Tea Directory row, verify before sending",,True
9435506388,,,Tea-Directory-Assam.xls::Worksheet,Low,Hold,"Parsed from Assam Tea Directory row, verify before sending",,True
9435206577,,,Tea-Directory-Assam.xls::Worksheet,Low,Hold,"Parsed from Assam Tea Directory row, verify before sending",,True
9435184301,,,Tea-Directory-Assam.xls::Worksheet,Low,Hold,"Parsed from Assam Tea Directory row, verify before sending",,True
9435158782,,,Tea-Directory-Assam.xls::Worksheet,Low,Hold,"Parsed from Assam Tea Directory row, verify before sending",,True
9954125396,,,Tea-Directory-Assam.xls::Worksheet,Low,Hold,"Parsed from Assam Tea Directory row, verify before sending",,True
9859952215,,,Tea-Directory-Assam.xls::Worksheet,Low,Hold,"Parsed from Assam Tea Directory row, verify before sending",,True
9435527264,,,Tea-Directory-Assam.xls::Worksheet,Low,Hold,"Parsed from Assam Tea Directory row, verify before sending",,True
9435179670,,,Tea-Directory-Assam.xls::Worksheet,Low,Hold,"Parsed from Assam Tea Directory row, verify before sending",,True
9401176390,,,Tea-Directory-Assam.xls::Worksheet,Low,Hold,"Parsed from Assam Tea Directory row, verify before sending",,True
9435053600,,,Tea-Directory-Assam.xls::Worksheet,Low,Hold,"Parsed from Assam Tea Directory row, verify before sending",,True
9957206739,,,Tea-Directory-Assam.xls::Worksheet,Low,Hold,"Parsed from Assam Tea Directory row, verify before sending",,True
9903030160,,,Tea-Directory-Assam.xls::Worksheet,Low,Hold,"Parsed from Assam Tea Directory row, verify before sending",,True
9435175088,,,Tea-Directory-Assam.xls::Worksheet,Low,Hold,"Parsed from Assam Tea Directory row, verify before sending",,True
9831896643,,,Tea-Directory-Assam.xls::Worksheet,Low,Hold,"Parsed from Assam Tea Directory row, verify before sending",,True
9435091043,,,Tea-Directory-Assam.xls::Worksheet,Low,Hold,"Parsed from Assam Tea Directory row, verify before sending",,True
9401031473,,,Tea-Directory-Assam.xls::Worksheet,Low,Hold,"Parsed from Assam Tea Directory row, verify before sending",,True
9435009147,,,Tea-Directory-Assam.xls::Worksheet,Low,Hold,"Parsed from Assam Tea Directory row, verify before sending",,True
9957109064,,,Tea-Directory-Assam.xls::Worksheet,Low,Hold,"Parsed from Assam Tea Directory row, verify before sending",,True
9435338050,,,Tea-Directory-Assam.xls::Worksheet,Low,Hold,"Parsed from Assam Tea Directory row, verify before sending",,True
9954473941,,,Tea-Directory-Assam.xls::Worksheet,Low,Hold,"Parsed from Assam Tea Directory row, verify before sending",,True
9435293585,,,Tea-Directory-Assam.xls::Worksheet,Low,Hold,"Parsed from Assam Tea Directory row, verify before sending",,True
9831159173,,,Tea-Directory-Assam.xls::Worksheet,Low,Hold,"Parsed from Assam Tea Directory row, verify before sending",,True
8011821620,,,Tea-Directory-Assam.xls::Worksheet,Low,Hold,"Parsed from Assam Tea Directory row, verify before sending",,True
9613861414,,,Tea-Directory-Assam.xls::Worksheet,Low,Hold,"Parsed from Assam Tea Directory row, verify before sending",,True
9435171539,,,Tea-Directory-Assam.xls::Worksheet,Low,Hold,"Parsed from Assam Tea Directory row, verify before sending",,True
9830040980,,,Tea-Directory-Assam.xls::Worksheet,Low,Hold,"Parsed from Assam Tea Directory row, verify before sending",,True
9436603061,,,Tea-Directory-Assam.xls::Worksheet,Low,Hold,"Parsed from Assam Tea Directory row, verify before sending",,True
9436000027,,,Tea-Directory-Assam.xls::Worksheet,Low,Hold,"Parsed from Assam Tea Directory row, verify before sending",,True
9435053809,,,Tea-Directory-Assam.xls::Worksheet,Low,Hold,"Parsed from Assam Tea Directory row, verify before sending",,True
9435703174,,,Tea-Directory-Assam.xls::Worksheet,Low,Hold,"Parsed from Assam Tea Directory row, verify before sending",,True
8011400425,,,Tea-Directory-Assam.xls::Worksheet,Low,Hold,"Parsed from Assam Tea Directory row, verify before sending",,True
8822533881,,,Tea-Directory-Assam.xls::Worksheet,Low,Hold,"Parsed from Assam Tea Directory row, verify before sending",,True
9957008453,,,Tea-Directory-Assam.xls::Worksheet,Low,Hold,"Parsed from Assam Tea Directory row, verify before sending",,True
9831152391,,,Tea-Directory-Assam.xls::Worksheet,Low,Hold,"Parsed from Assam Tea Directory row, verify before sending",,True
9435184919,,,Tea-Directory-Assam.xls::Worksheet,Low,Hold,"Parsed from Assam Tea Directory row, verify before sending",,True
9435007278,,,Tea-Directory-Assam.xls::Worksheet,Low,Hold,"Parsed from Assam Tea Directory row, verify before sending",,True
9435597249,,,Tea-Directory-Assam.xls::Worksheet,Low,Hold,"Parsed from Assam Tea Directory row, verify before sending",,True
9435724545,,,Tea-Directory-Assam.xls::Worksheet,Low,Hold,"Parsed from Assam Tea Directory row, verify before sending",,True
9435745339,,,Tea-Directory-Assam.xls::Worksheet,Low,Hold,"Parsed from Assam Tea Directory row, verify before sending",,True
9435908142,,,Tea-Directory-Assam.xls::Worksheet,Low,Hold,"Parsed from Assam Tea Directory row, verify before sending",,True
8011670354,,,Tea-Directory-Assam.xls::Worksheet,Low,Hold,"Parsed from Assam Tea Directory row, verify before sending",,True
9435330119,,,Tea-Directory-Assam.xls::Worksheet,Low,Hold,"Parsed from Assam Tea Directory row, verify before sending",,True
9435132017,,,Tea-Directory-Assam.xls::Worksheet,Low,Hold,"Parsed from Assam Tea Directory row, verify before sending",,True
9435178808,,,Tea-Directory-Assam.xls::Worksheet,Low,Hold,"Parsed from Assam Tea Directory row, verify before sending",,True
9435526991,,,Tea-Directory-Assam.xls::Worksheet,Low,Hold,"Parsed from Assam Tea Directory row, verify before sending",,True
9401024803,,,Tea-Directory-Assam.xls::Worksheet,Low,Hold,"Parsed from Assam Tea Directory row, verify before sending",,True
9859950569,,,Tea-Directory-Assam.xls::Worksheet,Low,Hold,"Parsed from Assam Tea Directory row, verify before sending",,True
9954050017,,,Tea-Directory-Assam.xls::Worksheet,Low,Hold,"Parsed from Assam Tea Directory row, verify before sending",,True
9954544790,,,Tea-Directory-Assam.xls::Worksheet,Low,Hold,"Parsed from Assam Tea Directory row, verify before sending",,True
9864225952,,,Tea-Directory-Assam.xls::Worksheet,Low,Hold,"Parsed from Assam Tea Directory row, verify before sending",,True
9613850269,,,Tea-Directory-Assam.xls::Worksheet,Low,Hold,"Parsed from Assam Tea Directory row, verify before sending",,True
9957766947,,,Tea-Directory-Assam.xls::Worksheet,Low,Hold,"Parsed from Assam Tea Directory row, verify before sending",,True
9435292315,,,Tea-Directory-Assam.xls::Worksheet,Low,Hold,"Parsed from Assam Tea Directory row, verify before sending",,True
9957060774,,,Tea-Directory-Assam.xls::Worksheet,Low,Hold,"Parsed from Assam Tea Directory row, verify before sending",,True
9435293626,,,Tea-Directory-Assam.xls::Worksheet,Low,Hold,"Parsed from Assam Tea Directory row, verify before sending",,True
9435030732,,,Tea-Directory-Assam.xls::Worksheet,Low,Hold,"Parsed from Assam Tea Directory row, verify before sending",,True
9830012233,,,Tea-Directory-Assam.xls::Worksheet,Low,Hold,"Parsed from Assam Tea Directory row, verify before sending",,True
9435739507,,,Tea-Directory-Assam.xls::Worksheet,Low,Hold,"Parsed from Assam Tea Directory row, verify before sending",,True
9435139702,,,Tea-Directory-Assam.xls::Worksheet,Low,Hold,"Parsed from Assam Tea Directory row, verify before sending",,True
9435053554,,,Tea-Directory-Assam.xls::Worksheet,Low,Hold,"Parsed from Assam Tea Directory row, verify before sending",,True
9831483093,,,Tea-Directory-Assam.xls::Worksheet,Low,Hold,"Parsed from Assam Tea Directory row, verify before sending",,True
9859937195,,,Tea-Directory-Assam.xls::Worksheet,Low,Hold,"Parsed from Assam Tea Directory row, verify before sending",,True
9859100949,,,Tea-Directory-Assam.xls::Worksheet,Low,Hold,"Parsed from Assam Tea Directory row, verify before sending",,True
9435727096,,,Tea-Directory-Assam.xls::Worksheet,Low,Hold,"Parsed from Assam Tea Directory row, verify before sending",,True
9435461117,,,Tea-Directory-Assam.xls::Worksheet,Low,Hold,"Parsed from Assam Tea Directory row, verify before sending",,True
9435079099,,,Tea-Directory-Assam.xls::Worksheet,Low,Hold,"Parsed from Assam Tea Directory row, verify before sending",,True
9836393772,,,Tea-Directory-Assam.xls::Worksheet,Low,Hold,"Parsed from Assam Tea Directory row, verify before sending",,True
9435130013,,,Tea-Directory-Assam.xls::Worksheet,Low,Hold,"Parsed from Assam Tea Directory row, verify before sending",,True
9207046222,"LETEKUJAN POST,GOLAGHAT C","LETEKUJAN POST,GOLAGHAT C",Tea-Directory-Assam.xls::Worksheet,Low,Hold,"Parsed from Assam Tea Directory row, verify before sending",,True
9435182159,,,Tea-Directory-Assam.xls::Worksheet,Low,Hold,"Parsed from Assam Tea Directory row, verify before sending",,True
9435804926,,,Tea-Directory-Assam.xls::Worksheet,Low,Hold,"Parsed from Assam Tea Directory row, verify before sending",,True
7896284510,,,Tea-Directory-Assam.xls::Worksheet,Low,Hold,"Parsed from Assam Tea Directory row, verify before sending",,True
9435562634,,,Tea-Directory-Assam.xls::Worksheet,Low,Hold,"Parsed from Assam Tea Directory row, verify before sending",,True
9435177225,,,Tea-Directory-Assam.xls::Worksheet,Low,Hold,"Parsed from Assam Tea Directory row, verify before sending",,True
9435179062,,,Tea-Directory-Assam.xls::Worksheet,Low,Hold,"Parsed from Assam Tea Directory row, verify before sending",,True
9435031779,,,Tea-Directory-Assam.xls::Worksheet,Low,Hold,"Parsed from Assam Tea Directory row, verify before sending",,True
9854823940,,,Tea-Directory-Assam.xls::Worksheet,Low,Hold,"Parsed from Assam Tea Directory row, verify before sending",,True
9435058445,,,Tea-Directory-Assam.xls::Worksheet,Low,Hold,"Parsed from Assam Tea Directory row, verify before sending",,True
9435450907,,,Tea-Directory-Assam.xls::Worksheet,Low,Hold,"Parsed from Assam Tea Directory row, verify before sending",,True
9435050547,,,Tea-Directory-Assam.xls::Worksheet,Low,Hold,"Parsed from Assam Tea Directory row, verify before sending",,True
9401326308,,,Tea-Directory-Assam.xls::Worksheet,Low,Hold,"Parsed from Assam Tea Directory row, verify before sending",,True
9864015568,,,Tea-Directory-Assam.xls::Worksheet,Low,Hold,"Parsed from Assam Tea Directory row, verify before sending",,True
9435908715,,,Tea-Directory-Assam.xls::Worksheet,Low,Hold,"Parsed from Assam Tea Directory row, verify before sending",,True
9613850465,,,Tea-Directory-Assam.xls::Worksheet,Low,Hold,"Parsed from Assam Tea Directory row, verify before sending",,True
7399911440,,,Tea-Directory-Assam.xls::Worksheet,Low,Hold,"Parsed from Assam Tea Directory row, verify before sending",,True
9508209630,,,Tea-Directory-Assam.xls::Worksheet,Low,Hold,"Parsed from Assam Tea Directory row, verify before sending",,True
9435034681,,,Tea-Directory-Assam.xls::Worksheet,Low,Hold,"Parsed from Assam Tea Directory row, verify before sending",,True
9830392355,,,Tea-Directory-Assam.xls::Worksheet,Low,Hold,"Parsed from Assam Tea Directory row, verify before sending",,True
9613768651,,,Tea-Directory-Assam.xls::Worksheet,Low,Hold,"Parsed from Assam Tea Directory row, verify before sending",,True
9435031403,,,Tea-Directory-Assam.xls::Worksheet,Low,Hold,"Parsed from Assam Tea Directory row, verify before sending",,True
9859350550,,,Tea-Directory-Assam.xls::Worksheet,Low,Hold,"Parsed from Assam Tea Directory row, verify before sending",,True
9435091349,ASSAM,ASSAM,Tea-Directory-Assam.xls::Worksheet,Low,Hold,"Parsed from Assam Tea Directory row, verify before sending",,True
9854812876,,,Tea-Directory-Assam.xls::Worksheet,Low,Hold,"Parsed from Assam Tea Directory row, verify before sending",,True
9831008542,,,Tea-Directory-Assam.xls::Worksheet,Low,Hold,"Parsed from Assam Tea Directory row, verify before sending",,True
9435035577,,,Tea-Directory-Assam.xls::Worksheet,Low,Hold,"Parsed from Assam Tea Directory row, verify before sending",,True
7399259837,,,Tea-Directory-Assam.xls::Worksheet,Low,Hold,"Parsed from Assam Tea Directory row, verify before sending",,True
9435227329,,,Tea-Directory-Assam.xls::Worksheet,Low,Hold,"Parsed from Assam Tea Directory row, verify before sending",,True
9435727329,,,Tea-Directory-Assam.xls::Worksheet,Low,Hold,"Parsed from Assam Tea Directory row, verify before sending",,True
9435053992,,,Tea-Directory-Assam.xls::Worksheet,Low,Hold,"Parsed from Assam Tea Directory row, verify before sending",,True
9831171719,,,Tea-Directory-Assam.xls::Worksheet,Low,Hold,"Parsed from Assam Tea Directory row, verify before sending",,True
9854384724,,,Tea-Directory-Assam.xls::Worksheet,Low,Hold,"Parsed from Assam Tea Directory row, verify before sending",,True
9435031450,,,Tea-Directory-Assam.xls::Worksheet,Low,Hold,"Parsed from Assam Tea Directory row, verify before sending",,True
9435749958,,,Tea-Directory-Assam.xls::Worksheet,Low,Hold,"Parsed from Assam Tea Directory row, verify before sending",,True
9954910339,,,Tea-Directory-Assam.xls::Worksheet,Low,Hold,"Parsed from Assam Tea Directory row, verify before sending",,True
9854852587,,,Tea-Directory-Assam.xls::Worksheet,Low,Hold,"Parsed from Assam Tea Directory row, verify before sending",,True
9435839176,,,Tea-Directory-Assam.xls::Worksheet,Low,Hold,"Parsed from Assam Tea Directory row, verify before sending",,True
9435030011,,,Tea-Directory-Assam.xls::Worksheet,Low,Hold,"Parsed from Assam Tea Directory row, verify before sending",,True
9435085469,,,Tea-Directory-Assam.xls::Worksheet,Low,Hold,"Parsed from Assam Tea Directory row, verify before sending",,True
8822565079,,,Tea-Directory-Assam.xls::Worksheet,Low,Hold,"Parsed from Assam Tea Directory row, verify before sending",,True
9435135832,,,Tea-Directory-Assam.xls::Worksheet,Low,Hold,"Parsed from Assam Tea Directory row, verify before sending",,True
7896698216,,,Tea-Directory-Assam.xls::Worksheet,Low,Hold,"Parsed from Assam Tea Directory row, verify before sending",,True
9435132916,,,Tea-Directory-Assam.xls::Worksheet,Low,Hold,"Parsed from Assam Tea Directory row, verify before sending",,True
9830086837,,,Tea-Directory-Assam.xls::Worksheet,Low,Hold,"Parsed from Assam Tea Directory row, verify before sending",,True
9831462106,,,Tea-Directory-Assam.xls::Worksheet,Low,Hold,"Parsed from Assam Tea Directory row, verify before sending",,True
9435031800,,,Tea-Directory-Assam.xls::Worksheet,Low,Hold,"Parsed from Assam Tea Directory row, verify before sending",,True
9830380476,,,Tea-Directory-Assam.xls::Worksheet,Low,Hold,"Parsed from Assam Tea Directory row, verify before sending",,True
9707031264,,,Tea-Directory-Assam.xls::Worksheet,Low,Hold,"Parsed from Assam Tea Directory row, verify before sending",,True
9864041555,,,Tea-Directory-Assam.xls::Worksheet,Low,Hold,"Parsed from Assam Tea Directory row, verify before sending",,True
9435032677,,,Tea-Directory-Assam.xls::Worksheet,Low,Hold,"Parsed from Assam Tea Directory row, verify before sending",,True
9435700231,,,Tea-Directory-Assam.xls::Worksheet,Low,Hold,"Parsed from Assam Tea Directory row, verify before sending",,True
9330160950,,,Tea-Directory-Assam.xls::Worksheet,Low,Hold,"Parsed from Assam Tea Directory row, verify before sending",,True
9831387320,,,Tea-Directory-Assam.xls::Worksheet,Low,Hold,"Parsed from Assam Tea Directory row, verify before sending",,True
9401455862,,,Tea-Directory-Assam.xls::Worksheet,Low,Hold,"Parsed from Assam Tea Directory row, verify before sending",,True
9435108517,,,Tea-Directory-Assam.xls::Worksheet,Low,Hold,"Parsed from Assam Tea Directory row, verify before sending",,True
9954214299,,,Tea-Directory-Assam.xls::Worksheet,Low,Hold,"Parsed from Assam Tea Directory row, verify before sending",,True
9435106515,,,Tea-Directory-Assam.xls::Worksheet,Low,Hold,"Parsed from Assam Tea Directory row, verify before sending",,True
9854820705,785,785,Tea-Directory-Assam.xls::Worksheet,Low,Hold,"Parsed from Assam Tea Directory row, verify before sending",,True
9854193022,,,Tea-Directory-Assam.xls::Worksheet,Low,Hold,"Parsed from Assam Tea Directory row, verify before sending",,True
9435092302,,,Tea-Directory-Assam.xls::Worksheet,Low,Hold,"Parsed from Assam Tea Directory row, verify before sending",,True
9577075792,,,Tea-Directory-Assam.xls::Worksheet,Low,Hold,"Parsed from Assam Tea Directory row, verify before sending",,True
9401037473,,,Tea-Directory-Assam.xls::Worksheet,Low,Hold,"Parsed from Assam Tea Directory row, verify before sending",,True
9864397908,,,Tea-Directory-Assam.xls::Worksheet,Low,Hold,"Parsed from Assam Tea Directory row, verify before sending",,True
9435055792,,,Tea-Directory-Assam.xls::Worksheet,Low,Hold,"Parsed from Assam Tea Directory row, verify before sending",,True
9435339955,,,Tea-Directory-Assam.xls::Worksheet,Low,Hold,"Parsed from Assam Tea Directory row, verify before sending",,True
9854082536,,,Tea-Directory-Assam.xls::Worksheet,Low,Hold,"Parsed from Assam Tea Directory row, verify before sending",,True
9854082539,,,Tea-Directory-Assam.xls::Worksheet,Low,Hold,"Parsed from Assam Tea Directory row, verify before sending",,True
9954225152,,,Tea-Directory-Assam.xls::Worksheet,Low,Hold,"Parsed from Assam Tea Directory row, verify before sending",,True
9831007736,,,Tea-Directory-Assam.xls::Worksheet,Low,Hold,"Parsed from Assam Tea Directory row, verify before sending",,True
9435085156,,,Tea-Directory-Assam.xls::Worksheet,Low,Hold,"Parsed from Assam Tea Directory row, verify before sending",,True
9435245225,,,Tea-Directory-Assam.xls::Worksheet,Low,Hold,"Parsed from Assam Tea Directory row, verify before sending",,True
9435514630,,,Tea-Directory-Assam.xls::Worksheet,Low,Hold,"Parsed from Assam Tea Directory row, verify before sending",,True
9435537174,ASSAM.,ASSAM.,Tea-Directory-Assam.xls::Worksheet,Low,Hold,"Parsed from Assam Tea Directory row, verify before sending",,True
9401283344,,,Tea-Directory-Assam.xls::Worksheet,Low,Hold,"Parsed from Assam Tea Directory row, verify before sending",,True
9435873538,,,Tea-Directory-Assam.xls::Worksheet,Low,Hold,"Parsed from Assam Tea Directory row, verify before sending",,True
9435139071,,,Tea-Directory-Assam.xls::Worksheet,Low,Hold,"Parsed from Assam Tea Directory row, verify before sending",,True
9435158429,,,Tea-Directory-Assam.xls::Worksheet,Low,Hold,"Parsed from Assam Tea Directory row, verify before sending",,True
9508180691,,,Tea-Directory-Assam.xls::Worksheet,Low,Hold,"Parsed from Assam Tea Directory row, verify before sending",,True
9401093553,,,Tea-Directory-Assam.xls::Worksheet,Low,Hold,"Parsed from Assam Tea Directory row, verify before sending",,True
9435357401,,,Tea-Directory-Assam.xls::Worksheet,Low,Hold,"Parsed from Assam Tea Directory row, verify before sending",,True
9435334849,,,Tea-Directory-Assam.xls::Worksheet,Low,Hold,"Parsed from Assam Tea Directory row, verify before sending",,True
9435090986,,,Tea-Directory-Assam.xls::Worksheet,Low,Hold,"Parsed from Assam Tea Directory row, verify before sending",,True
9831060950,,,Tea-Directory-Assam.xls::Worksheet,Low,Hold,"Parsed from Assam Tea Directory row, verify before sending",,True
9435054243,,,Tea-Directory-Assam.xls::Worksheet,Low,Hold,"Parsed from Assam Tea Directory row, verify before sending",,True
9401540903,,,Tea-Directory-Assam.xls::Worksheet,Low,Hold,"Parsed from Assam Tea Directory row, verify before sending",,True
9435506246,,,Tea-Directory-Assam.xls::Worksheet,Low,Hold,"Parsed from Assam Tea Directory row, verify before sending",,True
9435736269,,,Tea-Directory-Assam.xls::Worksheet,Low,Hold,"Parsed from Assam Tea Directory row, verify before sending",,True
9903950088,,,Tea-Directory-Assam.xls::Worksheet,Low,Hold,"Parsed from Assam Tea Directory row, verify before sending",,True
9435053961,,,Tea-Directory-Assam.xls::Worksheet,Low,Hold,"Parsed from Assam Tea Directory row, verify before sending",,True
9401254759,,,Tea-Directory-Assam.xls::Worksheet,Low,Hold,"Parsed from Assam Tea Directory row, verify before sending",,True
9435745697,,,Tea-Directory-Assam.xls::Worksheet,Low,Hold,"Parsed from Assam Tea Directory row, verify before sending",,True
9748782869,,,Tea-Directory-Assam.xls::Worksheet,Low,Hold,"Parsed from Assam Tea Directory row, verify before sending",,True
9954666384,,,Tea-Directory-Assam.xls::Worksheet,Low,Hold,"Parsed from Assam Tea Directory row, verify before sending",,True
9435349548,,,Tea-Directory-Assam.xls::Worksheet,Low,Hold,"Parsed from Assam Tea Directory row, verify before sending",,True
9435058503,,,Tea-Directory-Assam.xls::Worksheet,Low,Hold,"Parsed from Assam Tea Directory row, verify before sending",,True
9707629951,,,Tea-Directory-Assam.xls::Worksheet,Low,Hold,"Parsed from Assam Tea Directory row, verify before sending",,True
9435332285,,,Tea-Directory-Assam.xls::Worksheet,Low,Hold,"Parsed from Assam Tea Directory row, verify before sending",,True
9435162653,,,Tea-Directory-Assam.xls::Worksheet,Low,Hold,"Parsed from Assam Tea Directory row, verify before sending",,True
9435336873,,,Tea-Directory-Assam.xls::Worksheet,Low,Hold,"Parsed from Assam Tea Directory row, verify before sending",,True
9883611101,ASSAM. C,ASSAM. C,Tea-Directory-Assam.xls::Worksheet,Low,Hold,"Parsed from Assam Tea Directory row, verify before sending",,True
9678004787,,,Tea-Directory-Assam.xls::Worksheet,Low,Hold,"Parsed from Assam Tea Directory row, verify before sending",,True
9435031097,,,Tea-Directory-Assam.xls::Worksheet,Low,Hold,"Parsed from Assam Tea Directory row, verify before sending",,True
9435181626,,,Tea-Directory-Assam.xls::Worksheet,Low,Hold,"Parsed from Assam Tea Directory row, verify before sending",,True
9435088605,,,Tea-Directory-Assam.xls::Worksheet,Low,Hold,"Parsed from Assam Tea Directory row, verify before sending",,True
9435092538,,,Tea-Directory-Assam.xls::Worksheet,Low,Hold,"Parsed from Assam Tea Directory row, verify before sending",,True
8011684624,,,Tea-Directory-Assam.xls::Worksheet,Low,Hold,"Parsed from Assam Tea Directory row, verify before sending",,True
9435543839,,,Tea-Directory-Assam.xls::Worksheet,Low,Hold,"Parsed from Assam Tea Directory row, verify before sending",,True
9954144699,,,Tea-Directory-Assam.xls::Worksheet,Low,Hold,"Parsed from Assam Tea Directory row, verify before sending",,True
9903193454,,,Tea-Directory-Assam.xls::Worksheet,Low,Hold,"Parsed from Assam Tea Directory row, verify before sending",,True
9435033998,,,Tea-Directory-Assam.xls::Worksheet,Low,Hold,"Parsed from Assam Tea Directory row, verify before sending",,True
9435078803,,,Tea-Directory-Assam.xls::Worksheet,Low,Hold,"Parsed from Assam Tea Directory row, verify before sending",,True
9435136743,HAILAKANDI,HAILAKANDI,Tea-Directory-Assam.xls::Worksheet,Low,Hold,"Parsed from Assam Tea Directory row, verify before sending",,True
9401101496,,,Tea-Directory-Assam.xls::Worksheet,Low,Hold,"Parsed from Assam Tea Directory row, verify before sending",,True
9435475020,,,Tea-Directory-Assam.xls::Worksheet,Low,Hold,"Parsed from Assam Tea Directory row, verify before sending",,True
9864662901,,,Tea-Directory-Assam.xls::Worksheet,Low,Hold,"Parsed from Assam Tea Directory row, verify before sending",,True
9613021163,,,Tea-Directory-Assam.xls::Worksheet,Low,Hold,"Parsed from Assam Tea Directory row, verify before sending",,True
9957133885,,,Tea-Directory-Assam.xls::Worksheet,Low,Hold,"Parsed from Assam Tea Directory row, verify before sending",,True
9854053543,,,Tea-Directory-Assam.xls::Worksheet,Low,Hold,"Parsed from Assam Tea Directory row, verify before sending",,True
9435439526,,,Tea-Directory-Assam.xls::Worksheet,Low,Hold,"Parsed from Assam Tea Directory row, verify before sending",,True
9435030618,,,Tea-Directory-Assam.xls::Worksheet,Low,Hold,"Parsed from Assam Tea Directory row, verify before sending",,True
9435095718,,,Tea-Directory-Assam.xls::Worksheet,Low,Hold,"Parsed from Assam Tea Directory row, verify before sending",,True
9435379977,,,Tea-Directory-Assam.xls::Worksheet,Low,Hold,"Parsed from Assam Tea Directory row, verify before sending",,True
9435030695,,,Tea-Directory-Assam.xls::Worksheet,Low,Hold,"Parsed from Assam Tea Directory row, verify before sending",,True
9435526282,,,Tea-Directory-Assam.xls::Worksheet,Low,Hold,"Parsed from Assam Tea Directory row, verify before sending",,True
9207041917,,,Tea-Directory-Assam.xls::Worksheet,Low,Hold,"Parsed from Assam Tea Directory row, verify before sending",,True
9435358620,,,Tea-Directory-Assam.xls::Worksheet,Low,Hold,"Parsed from Assam Tea Directory row, verify before sending",,True
9435152270,,,Tea-Directory-Assam.xls::Worksheet,Low,Hold,"Parsed from Assam Tea Directory row, verify before sending",,True
9435408894,,,Tea-Directory-Assam.xls::Worksheet,Low,Hold,"Parsed from Assam Tea Directory row, verify before sending",,True
9435053629,,,Tea-Directory-Assam.xls::Worksheet,Low,Hold,"Parsed from Assam Tea Directory row, verify before sending",,True
9954492823,,,Tea-Directory-Assam.xls::Worksheet,Low,Hold,"Parsed from Assam Tea Directory row, verify before sending",,True
9954492415,,,Tea-Directory-Assam.xls::Worksheet,Low,Hold,"Parsed from Assam Tea Directory row, verify before sending",,True
