garden_id,evidence_type,claim,source_urls
gs-as-bak-001,teaboard_final_notice,"Registered tea garden #36 in Baksa, Assam.",Tea Board Final Notice 2019
gs-as-bak-002,teaboard_final_notice,"Registered tea garden #1764 (RC-530) in Baksa, Assam.",Tea Board Final Notice 2019
gs-as-bis-001,corporate_registry,Operated by McLeod Russel India Limited.,Tea Board Register & Annual Filings
gs-as-bis-002,teaboard_final_notice,"Registered tea garden #3046 in Biswanath, Assam.",Tea Board Final Notice 2019
gs-as-bis-003,corporate_registry,Operated by McLeod Russel India Limited.,Tea Board Register & Annual Filings
gs-as-bis-004,teaboard_final_notice,"Registered tea garden #2536 in Biswanath, Assam.",Tea Board Final Notice 2019
gs-as-bis-005,corporate_registry,Operated by Amalgamated Plantations Private Limited (Tata).,Tea Board Register & Annual Filings
gs-as-bis-006,teaboard_final_notice,"Registered tea garden #70 in Biswanath, Assam.",Tea Board Final Notice 2019
gs-as-bis-007,teaboard_final_notice,"Registered tea garden #N/26 in Biswanath, Assam.",Tea Board Final Notice 2019
gs-as-bis-008,corporate_registry,Operated by McLeod Russel India Limited.,Tea Board Register & Annual Filings
gs-as-bis-009,corporate_registry,Operated by McLeod Russel India Limited.,Tea Board Register & Annual Filings
gs-as-bis-010,corporate_registry,Operated by McLeod Russel India Limited.,Tea Board Register & Annual Filings
gs-as-bis-011,teaboard_final_notice,"Registered tea garden #2464 in Biswanath, Assam.",Tea Board Final Notice 2019
gs-as-bis-012,teaboard_final_notice,"Registered tea garden #105 in Biswanath, Assam.",Tea Board Final Notice 2019
gs-as-bis-013,corporate_registry,Operated by McLeod Russel India Limited.,Tea Board Register & Annual Filings
gs-as-bis-014,corporate_registry,Operated by McLeod Russel India Limited.,Tea Board Register & Annual Filings
gs-as-bis-015,teaboard_final_notice,"Registered tea garden #2874 in Biswanath, Assam.",Tea Board Final Notice 2019
gs-as-cac-001,teaboard_final_notice,"Registered tea garden #3028 in Cachar, Assam.",Tea Board Final Notice 2019
gs-as-cac-002,teaboard_final_notice,"Registered tea garden #2513 in Cachar, Assam.",Tea Board Final Notice 2019
gs-as-cac-003,teaboard_final_notice,"Registered tea garden #1880 in Cachar, Assam.",Tea Board Final Notice 2019
gs-as-cac-004,teaboard_final_notice,"Registered tea garden #2424 in Cachar, Assam.",Tea Board Final Notice 2019
gs-as-cac-005,teaboard_final_notice,"Registered tea garden #2429 in Cachar, Assam.",Tea Board Final Notice 2019
gs-as-cac-006,teaboard_final_notice,"Registered tea garden #2217 in Cachar, Assam.",Tea Board Final Notice 2019
gs-as-cac-007,teaboard_final_notice,"Registered tea garden #2289 in Cachar, Assam.",Tea Board Final Notice 2019
gs-as-cac-008,teaboard_final_notice,"Registered tea garden #76 in Cachar, Assam.",Tea Board Final Notice 2019
gs-as-cac-009,teaboard_final_notice,"Registered tea garden #2402 in Cachar, Assam.",Tea Board Final Notice 2019
gs-as-cac-010,teaboard_final_notice,"Registered tea garden #2239 in Cachar, Assam.",Tea Board Final Notice 2019
gs-as-cac-011,teaboard_final_notice,"Registered tea garden #2029 in Cachar, Assam.",Tea Board Final Notice 2019
gs-as-cac-012,teaboard_final_notice,"Registered tea garden #2451 in Cachar, Assam.",Tea Board Final Notice 2019
gs-as-cac-013,teaboard_final_notice,"Registered tea garden #2403 in Cachar, Assam.",Tea Board Final Notice 2019
gs-as-cac-014,teaboard_final_notice,"Registered tea garden #2380 in Cachar, Assam.",Tea Board Final Notice 2019
gs-as-cac-015,teaboard_final_notice,"Registered tea garden #2007 in Cachar, Assam.",Tea Board Final Notice 2019
gs-as-cac-016,teaboard_final_notice,"Registered tea garden #2964 in Cachar, Assam.",Tea Board Final Notice 2019
gs-as-cac-017,teaboard_final_notice,"Registered tea garden #2055 in Cachar, Assam.",Tea Board Final Notice 2019
gs-as-cac-018,teaboard_final_notice,"Registered tea garden #2568 in Cachar, Assam.",Tea Board Final Notice 2019
gs-as-cac-019,teaboard_final_notice,"Registered tea garden #H-9 in Cachar, Assam.",Tea Board Final Notice 2019
gs-as-cac-020,teaboard_final_notice,"Registered tea garden #2337 in Cachar, Assam.",Tea Board Final Notice 2019
gs-as-cac-021,teaboard_final_notice,"Registered tea garden #2512 in Cachar, Assam.",Tea Board Final Notice 2019
gs-as-cac-022,teaboard_final_notice,"Registered tea garden #2451 in Cachar, Assam.",Tea Board Final Notice 2019
gs-as-cac-023,teaboard_final_notice,"Registered tea garden #2432 in Cachar, Assam.",Tea Board Final Notice 2019
gs-as-cac-024,teaboard_final_notice,"Registered tea garden #2166 in Cachar, Assam.",Tea Board Final Notice 2019
gs-as-cac-025,teaboard_final_notice,"Registered tea garden #2474 in Cachar, Assam.",Tea Board Final Notice 2019
gs-as-cac-026,teaboard_final_notice,"Registered tea garden #288 in Cachar, Assam.",Tea Board Final Notice 2019
gs-as-cac-027,teaboard_final_notice,"Registered tea garden #2098 in Cachar, Assam.",Tea Board Final Notice 2019
gs-as-cac-028,teaboard_final_notice,"Registered tea garden #2391 in Cachar, Assam.",Tea Board Final Notice 2019
gs-as-cac-029,teaboard_final_notice,"Registered tea garden #2470 in Cachar, Assam.",Tea Board Final Notice 2019
gs-as-cac-030,teaboard_final_notice,"Registered tea garden #2177 in Cachar, Assam.",Tea Board Final Notice 2019
gs-as-cac-031,teaboard_final_notice,"Registered tea garden #2653 in Cachar, Assam.",Tea Board Final Notice 2019
gs-as-cac-032,teaboard_final_notice,"Registered tea garden #2679 in Cachar, Assam.",Tea Board Final Notice 2019
gs-as-cac-033,teaboard_final_notice,"Registered tea garden #C-10 in Cachar, Assam.",Tea Board Final Notice 2019
gs-as-cac-034,teaboard_final_notice,"Registered tea garden #2569 in Cachar, Assam.",Tea Board Final Notice 2019
gs-as-cac-035,teaboard_final_notice,"Registered tea garden #2060 in Cachar, Assam.",Tea Board Final Notice 2019
gs-as-cac-036,teaboard_final_notice,"Registered tea garden #2309 in Cachar, Assam.",Tea Board Final Notice 2019
gs-as-cac-037,teaboard_final_notice,"Registered tea garden #2437 in Cachar, Assam.",Tea Board Final Notice 2019
gs-as-cac-038,teaboard_final_notice,"Registered tea garden #2384 in Cachar, Assam.",Tea Board Final Notice 2019
gs-as-cac-039,teaboard_final_notice,"Registered tea garden #2340 in Cachar, Assam.",Tea Board Final Notice 2019
gs-as-cac-040,teaboard_final_notice,"Registered tea garden #2469 in Cachar, Assam.",Tea Board Final Notice 2019
gs-as-cac-041,teaboard_final_notice,"Registered tea garden #2540 in Cachar, Assam.",Tea Board Final Notice 2019
gs-as-cac-042,teaboard_final_notice,"Registered tea garden #C-2 in Cachar, Assam.",Tea Board Final Notice 2019
gs-as-cac-043,teaboard_final_notice,"Registered tea garden #2369(2368) in Cachar, Assam.",Tea Board Final Notice 2019
gs-as-cac-044,teaboard_final_notice,"Registered tea garden #2163 in Cachar, Assam.",Tea Board Final Notice 2019
gs-as-cac-045,teaboard_final_notice,"Registered tea garden #2350 in Cachar, Assam.",Tea Board Final Notice 2019
gs-as-cac-046,teaboard_final_notice,"Registered tea garden #2468 in Cachar, Assam.",Tea Board Final Notice 2019
gs-as-cac-047,teaboard_final_notice,"Registered tea garden #110 in Cachar, Assam.",Tea Board Final Notice 2019
gs-as-cac-048,teaboard_final_notice,"Registered tea garden #2460 in Cachar, Assam.",Tea Board Final Notice 2019
gs-as-cac-049,teaboard_final_notice,"Registered tea garden #2035 in Cachar, Assam.",Tea Board Final Notice 2019
gs-as-cac-050,teaboard_final_notice,"Registered tea garden #2165 in Cachar, Assam.",Tea Board Final Notice 2019
gs-as-cac-051,teaboard_final_notice,"Registered tea garden #1304 in Cachar, Assam.",Tea Board Final Notice 2019
gs-as-cac-052,teaboard_final_notice,"Registered tea garden #2509 in Cachar, Assam.",Tea Board Final Notice 2019
gs-as-cac-053,teaboard_final_notice,"Registered tea garden #1613 in Cachar, Assam.",Tea Board Final Notice 2019
gs-as-cac-054,teaboard_final_notice,"Registered tea garden #2332 in Cachar, Assam.",Tea Board Final Notice 2019
gs-as-cha-001,teaboard_final_notice,"Registered tea garden #2124 in Charaideo, Assam.",Tea Board Final Notice 2019
gs-as-cha-002,teaboard_final_notice,"Registered tea garden #1065 in Charaideo, Assam.",Tea Board Final Notice 2019
gs-as-cha-003,teaboard_final_notice,"Registered tea garden #391 in Charaideo, Assam.",Tea Board Final Notice 2019
gs-as-cha-004,teaboard_final_notice,"Registered tea garden #1675 in Charaideo, Assam.",Tea Board Final Notice 2019
gs-as-cha-005,teaboard_final_notice,"Registered tea garden #1718 in Charaideo, Assam.",Tea Board Final Notice 2019
gs-as-cha-006,teaboard_final_notice,"Registered tea garden #2279 in Charaideo, Assam.",Tea Board Final Notice 2019
gs-as-cha-007,teaboard_final_notice,"Registered tea garden #393 in Charaideo, Assam.",Tea Board Final Notice 2019
gs-as-cha-008,teaboard_final_notice,"Registered tea garden #2583 in Charaideo, Assam.",Tea Board Final Notice 2019
gs-as-cha-009,teaboard_final_notice,"Registered tea garden #K-22 in Charaideo, Assam.",Tea Board Final Notice 2019
gs-as-cha-010,teaboard_final_notice,"Registered tea garden #2274 in Charaideo, Assam.",Tea Board Final Notice 2019
gs-as-cha-011,teaboard_final_notice,"Registered tea garden #A-49 in Charaideo, Assam.",Tea Board Final Notice 2019
gs-as-cha-012,teaboard_final_notice,"Registered tea garden #RC-2571 in Charaideo, Assam.",Tea Board Final Notice 2019
gs-as-cha-013,teaboard_final_notice,"Registered tea garden #2641 in Charaideo, Assam.",Tea Board Final Notice 2019
gs-as-cha-014,teaboard_final_notice,"Registered tea garden #2203 in Charaideo, Assam.",Tea Board Final Notice 2019
gs-as-cha-015,teaboard_final_notice,"Registered tea garden #304 (RC-829) in Charaideo, Assam.",Tea Board Final Notice 2019
gs-as-cha-016,teaboard_final_notice,"Registered tea garden #2159 in Charaideo, Assam.",Tea Board Final Notice 2019
gs-as-cha-017,teaboard_final_notice,"Registered tea garden #466 in Charaideo, Assam.",Tea Board Final Notice 2019
gs-as-cha-018,teaboard_final_notice,"Registered tea garden #882 in Charaideo, Assam.",Tea Board Final Notice 2019
gs-as-cha-019,teaboard_final_notice,"Registered tea garden #2891 in Charaideo, Assam.",Tea Board Final Notice 2019
gs-as-cha-020,teaboard_final_notice,"Registered tea garden #337 in Charaideo, Assam.",Tea Board Final Notice 2019
gs-as-cha-021,teaboard_final_notice,"Registered tea garden #2159 in Charaideo, Assam.",Tea Board Final Notice 2019
gs-as-cha-022,teaboard_final_notice,"Registered tea garden #466 in Charaideo, Assam.",Tea Board Final Notice 2019
gs-as-cha-023,teaboard_final_notice,"Registered tea garden #3443 in Charaideo, Assam.",Tea Board Final Notice 2019
gs-as-cha-024,official_pilot_audit,Verified operation. 148.87 Ha. Ownership: Sitaram Budhkaran Choukhany & Co.. Decision maker: Vikash Choukhany.,https://atepfo.in/pages/Garden_List|https://ghograjan.com/
gs-as-cha-025,teaboard_final_notice,"Registered tea garden #2680 in Charaideo, Assam.",Tea Board Final Notice 2019
gs-as-cha-026,teaboard_final_notice,"Registered tea garden #Not Available in Charaideo, Assam.",Tea Board Final Notice 2019
gs-as-cha-027,teaboard_final_notice,"Registered tea garden #2671 in Charaideo, Assam.",Tea Board Final Notice 2019
gs-as-cha-028,teaboard_final_notice,"Registered tea garden #291 in Charaideo, Assam.",Tea Board Final Notice 2019
gs-as-cha-029,teaboard_final_notice,"Registered tea garden #Not Available in Charaideo, Assam.",Tea Board Final Notice 2019
gs-as-cha-030,teaboard_final_notice,"Registered tea garden #2499 in Charaideo, Assam.",Tea Board Final Notice 2019
gs-as-cha-031,teaboard_final_notice,"Registered tea garden #9 in Charaideo, Assam.",Tea Board Final Notice 2019
gs-as-cha-032,teaboard_final_notice,"Registered tea garden #1900 in Charaideo, Assam.",Tea Board Final Notice 2019
gs-as-cha-033,teaboard_final_notice,"Registered tea garden #3881 in Charaideo, Assam.",Tea Board Final Notice 2019
gs-as-cha-034,teaboard_final_notice,"Registered tea garden #2490 in Charaideo, Assam.",Tea Board Final Notice 2019
gs-as-cha-035,teaboard_final_notice,"Registered tea garden #Q-8 in Charaideo, Assam.",Tea Board Final Notice 2019
gs-as-cha-036,teaboard_final_notice,"Registered tea garden #305 in Charaideo, Assam.",Tea Board Final Notice 2019
gs-as-cha-037,teaboard_final_notice,"Registered tea garden #2687/RC-1239 in Charaideo, Assam.",Tea Board Final Notice 2019
gs-as-cha-038,teaboard_final_notice,"Registered tea garden #386 in Charaideo, Assam.",Tea Board Final Notice 2019
gs-as-cha-039,teaboard_final_notice,"Registered tea garden #2224 in Charaideo, Assam.",Tea Board Final Notice 2019
gs-as-cha-040,teaboard_final_notice,"Registered tea garden #394 in Charaideo, Assam.",Tea Board Final Notice 2019
gs-as-cha-041,teaboard_final_notice,"Registered tea garden #319 in Charaideo, Assam.",Tea Board Final Notice 2019
gs-as-cha-042,teaboard_final_notice,"Registered tea garden #319 in Charaideo, Assam.",Tea Board Final Notice 2019
gs-as-cha-043,teaboard_final_notice,"Registered tea garden #2447 in Charaideo, Assam.",Tea Board Final Notice 2019
gs-as-cha-044,teaboard_final_notice,"Registered tea garden #275 in Charaideo, Assam.",Tea Board Final Notice 2019
gs-as-cha-045,teaboard_final_notice,"Registered tea garden #7 in Charaideo, Assam.",Tea Board Final Notice 2019
gs-as-cha-046,teaboard_final_notice,"Registered tea garden #351/544/2110 in Charaideo, Assam.",Tea Board Final Notice 2019
gs-as-cha-047,teaboard_final_notice,"Registered tea garden #2570 in Charaideo, Assam.",Tea Board Final Notice 2019
gs-as-cha-048,teaboard_final_notice,"Registered tea garden #2652 in Charaideo, Assam.",Tea Board Final Notice 2019
gs-as-cha-049,teaboard_final_notice,"Registered tea garden #2737 in Charaideo, Assam.",Tea Board Final Notice 2019
gs-as-cha-050,teaboard_final_notice,"Registered tea garden #2082 in Charaideo, Assam.",Tea Board Final Notice 2019
gs-as-cha-051,teaboard_final_notice,"Registered tea garden #881 in Charaideo, Assam.",Tea Board Final Notice 2019
gs-as-cha-052,teaboard_final_notice,"Registered tea garden #2197 in Charaideo, Assam.",Tea Board Final Notice 2019
gs-as-dar-001,teaboard_final_notice,"Registered tea garden #2081 in Darrang, Assam.",Tea Board Final Notice 2019
gs-as-dar-002,teaboard_final_notice,"Registered tea garden #244 in Darrang, Assam.",Tea Board Final Notice 2019
gs-as-dar-003,teaboard_final_notice,"Registered tea garden #178 in Darrang, Assam.",Tea Board Final Notice 2019
gs-as-dhu-001,teaboard_final_notice,"Registered tea garden #2562 in Dhubri, Assam.",Tea Board Final Notice 2019
gs-as-dhu-002,teaboard_final_notice,"Registered tea garden #164 in Dhubri, Assam.",Tea Board Final Notice 2019
gs-as-dhu-003,teaboard_final_notice,"Registered tea garden #387 in Dhubri, Assam.",Tea Board Final Notice 2019
gs-as-dib-001,teaboard_final_notice,"Registered tea garden #Not Available in Dibrugarh, Assam.",Tea Board Final Notice 2019
gs-as-dib-002,teaboard_final_notice,"Registered tea garden #355 in Dibrugarh, Assam.",Tea Board Final Notice 2019
gs-as-dib-003,teaboard_final_notice,"Registered tea garden #331 in Dibrugarh, Assam.",Tea Board Final Notice 2019
gs-as-dib-004,teaboard_final_notice,"Registered tea garden #2565, RC -732 in Dibrugarh, Assam.",Tea Board Final Notice 2019
gs-as-dib-005,corporate_registry,Operated by McLeod Russel India Limited.,Tea Board Register & Annual Filings
gs-as-dib-006,teaboard_final_notice,"Registered tea garden #77 in Dibrugarh, Assam.",Tea Board Final Notice 2019
gs-as-dib-007,corporate_registry,Operated by Assam Company India Limited (BRS Group).,Tea Board Register & Annual Filings
gs-as-dib-008,teaboard_final_notice,"Registered tea garden #2504 in Dibrugarh, Assam.",Tea Board Final Notice 2019
gs-as-dib-009,teaboard_final_notice,"Registered tea garden #1852 in Dibrugarh, Assam.",Tea Board Final Notice 2019
gs-as-dib-010,teaboard_final_notice,"Registered tea garden #234 in Dibrugarh, Assam.",Tea Board Final Notice 2019
gs-as-dib-011,teaboard_final_notice,"Registered tea garden #2433 in Dibrugarh, Assam.",Tea Board Final Notice 2019
gs-as-dib-012,teaboard_final_notice,"Registered tea garden #3143 in Dibrugarh, Assam.",Tea Board Final Notice 2019
gs-as-dib-013,teaboard_final_notice,"Registered tea garden #2538 in Dibrugarh, Assam.",Tea Board Final Notice 2019
gs-as-dib-014,teaboard_final_notice,"Registered tea garden #1815 in Dibrugarh, Assam.",Tea Board Final Notice 2019
gs-as-dib-015,corporate_registry,Operated by Andrew Yule & Company Limited (Govt of India).,Tea Board Register & Annual Filings
gs-as-dib-016,corporate_registry,Operated by Apeejay Tea Limited (Assam Frontier).,Tea Board Register & Annual Filings
gs-as-dib-017,teaboard_final_notice,"Registered tea garden #2103 in Dibrugarh, Assam.",Tea Board Final Notice 2019
gs-as-dib-018,teaboard_final_notice,"Registered tea garden #Not Available in Dibrugarh, Assam.",Tea Board Final Notice 2019
gs-as-dib-019,teaboard_final_notice,"Registered tea garden #69 in Dibrugarh, Assam.",Tea Board Final Notice 2019
gs-as-dib-020,teaboard_final_notice,"Registered tea garden #2739 in Dibrugarh, Assam.",Tea Board Final Notice 2019
gs-as-dib-021,teaboard_final_notice,"Registered tea garden #194 in Dibrugarh, Assam.",Tea Board Final Notice 2019
gs-as-dib-022,official_pilot_audit,Verified operation. 76.65 Ha. Ownership: Jainex Tea Company Private Limited. Decision maker: Pratap Kochar.,https://www.jainexgroup.in/tea-estate/|https://www.jainexgroup.in/contact-us/
gs-as-dib-023,teaboard_final_notice,"Registered tea garden #2637 in Dibrugarh, Assam.",Tea Board Final Notice 2019
gs-as-dib-024,teaboard_final_notice,"Registered tea garden #379 in Dibrugarh, Assam.",Tea Board Final Notice 2019
gs-as-dib-025,teaboard_final_notice,"Registered tea garden #233 in Dibrugarh, Assam.",Tea Board Final Notice 2019
gs-as-dib-026,teaboard_final_notice,"Registered tea garden #2105 in Dibrugarh, Assam.",Tea Board Final Notice 2019
gs-as-dib-027,teaboard_final_notice,"Registered tea garden #2780 in Dibrugarh, Assam.",Tea Board Final Notice 2019
gs-as-dib-028,corporate_registry,Operated by Amalgamated Plantations Private Limited (Tata).,Tea Board Register & Annual Filings
gs-as-dib-029,teaboard_final_notice,"Registered tea garden #2618 in Dibrugarh, Assam.",Tea Board Final Notice 2019
gs-as-dib-030,teaboard_final_notice,"Registered tea garden #2554 in Dibrugarh, Assam.",Tea Board Final Notice 2019
gs-as-dib-031,teaboard_final_notice,"Registered tea garden #1983 in Dibrugarh, Assam.",Tea Board Final Notice 2019
gs-as-dib-032,corporate_registry,Operated by Assam Company India Limited (BRS Group).,Tea Board Register & Annual Filings
gs-as-dib-033,teaboard_final_notice,"Registered tea garden #2902 in Dibrugarh, Assam.",Tea Board Final Notice 2019
gs-as-dib-034,teaboard_final_notice,"Registered tea garden #Not Available in Dibrugarh, Assam.",Tea Board Final Notice 2019
gs-as-dib-035,teaboard_final_notice,"Registered tea garden #2092 in Dibrugarh, Assam.",Tea Board Final Notice 2019
gs-as-dib-036,teaboard_final_notice,"Registered tea garden #2284 in Dibrugarh, Assam.",Tea Board Final Notice 2019
gs-as-dib-037,teaboard_final_notice,"Registered tea garden #H-1 in Dibrugarh, Assam.",Tea Board Final Notice 2019
gs-as-dib-038,corporate_registry,Operated by Andrew Yule & Company Limited (Govt of India).,Tea Board Register & Annual Filings
gs-as-dib-039,teaboard_final_notice,"Registered tea garden #2527 in Dibrugarh, Assam.",Tea Board Final Notice 2019
gs-as-dib-040,teaboard_final_notice,"Registered tea garden #5475 in Dibrugarh, Assam.",Tea Board Final Notice 2019
gs-as-dib-041,teaboard_final_notice,"Registered tea garden #H-16 in Dibrugarh, Assam.",Tea Board Final Notice 2019
gs-as-dib-042,teaboard_final_notice,"Registered tea garden #338 in Dibrugarh, Assam.",Tea Board Final Notice 2019
gs-as-dib-043,teaboard_final_notice,"Registered tea garden #3877 in Dibrugarh, Assam.",Tea Board Final Notice 2019
gs-as-dib-044,corporate_registry,Operated by Andrew Yule & Company Limited (Govt of India).,Tea Board Register & Annual Filings
gs-as-dib-045,teaboard_final_notice,"Registered tea garden #2196 in Dibrugarh, Assam.",Tea Board Final Notice 2019
gs-as-dib-046,teaboard_final_notice,"Registered tea garden #2715 in Dibrugarh, Assam.",Tea Board Final Notice 2019
gs-as-dib-047,teaboard_final_notice,"Registered tea garden #336 in Dibrugarh, Assam.",Tea Board Final Notice 2019
gs-as-dib-048,teaboard_final_notice,"Registered tea garden #2779 in Dibrugarh, Assam.",Tea Board Final Notice 2019
gs-as-dib-049,corporate_registry,Operated by Amalgamated Plantations Private Limited (Tata).,Tea Board Register & Annual Filings
gs-as-dib-050,teaboard_final_notice,"Registered tea garden #4116 in Dibrugarh, Assam.",Tea Board Final Notice 2019
gs-as-dib-051,teaboard_final_notice,"Registered tea garden #2692 in Dibrugarh, Assam.",Tea Board Final Notice 2019
gs-as-dib-052,teaboard_final_notice,"Registered tea garden #283 in Dibrugarh, Assam.",Tea Board Final Notice 2019
gs-as-dib-053,teaboard_final_notice,"Registered tea garden #Not Available in Dibrugarh, Assam.",Tea Board Final Notice 2019
gs-as-dib-054,official_pilot_audit,Verified operation. 63.00 Ha. Ownership: Pratul Kumar Phukan proprietorship. Decision maker: Pratul Kumar Phukan.,https://commerce.gov.in/wp-content/uploads/2022/02/1251_merged.pdf|https://assamchahmazdoorsangha.org/Naharkatia.html|https://ocmms.nic.in/OCMMS_NEW/getData.action%3Bjsessionid%3DE9204189DE90510094E5CF35101F234D?application=totalApp&district=DIBRUGARH&state=Assam&status=consent&yearFrom=2014&yearTo=2024|https://www.knowyourgst.com/gst-number-search/ms-amulyabari-tea-estate-18AEYPP1656F2ZW/|https://www.commerce.gov.in/wp-content/uploads/2021/03/LOK-SABHA-17.3.2021-1.pdf
gs-as-dib-055,official_pilot_audit,Verified operation. Organized Plantation. Ownership: Current ownership unverified. Decision maker: .,https://www.atppf.nic.in/gardens.html
gs-as-dib-056,official_pilot_audit,Verified operation. 111.34 Ha. Ownership: Jainex Tea Company Private Limited. Decision maker: Pratap Kochar.,https://www.jainexgroup.in/tea-estate/|https://www.jainexgroup.in/contact-us/
gs-as-dib-057,teaboard_final_notice,"Registered tea garden #2683 in Dibrugarh, Assam.",Tea Board Final Notice 2019
gs-as-dib-058,teaboard_final_notice,"Registered tea garden #2678 in Dibrugarh, Assam.",Tea Board Final Notice 2019
gs-as-dib-059,teaboard_final_notice,"Registered tea garden #H-19 in Dibrugarh, Assam.",Tea Board Final Notice 2019
gs-as-dib-060,teaboard_final_notice,"Registered tea garden #25 in Dibrugarh, Assam.",Tea Board Final Notice 2019
gs-as-dib-061,teaboard_final_notice,"Registered tea garden #D-33 in Dibrugarh, Assam.",Tea Board Final Notice 2019
gs-as-dib-062,teaboard_final_notice,"Registered tea garden #2575 in Dibrugarh, Assam.",Tea Board Final Notice 2019
gs-as-dib-063,teaboard_final_notice,"Registered tea garden #2725 in Dibrugarh, Assam.",Tea Board Final Notice 2019
gs-as-dib-064,official_pilot_audit,Verified operation. 225.13 Ha. Ownership: Satyanarayan Tea Company Private Limited. Decision maker: Vijay Kumar Kedia.,https://ocmms.nic.in/OCMMS_NEW/getData.action%3Bjsessionid%3DE9204189DE90510094E5CF35101F234D?application=totalApp&district=DIBRUGARH&state=Assam&status=consent&yearFrom=2014&yearTo=2024|https://www.commerce.gov.in/wp-content/uploads/2021/03/LOK-SABHA-17.3.2021-1.pdf|https://www.mca.gov.in/MCA21/dca/RegulatoryRep/pdf/Plantation_Companies.pdf
gs-as-dib-065,official_pilot_audit,Verified operation. 93.18 Ha. Ownership: Sudip Chandra Bagchi proprietorship. Decision maker: Sudip Chandra Bagchi.,https://www.atppf.nic.in/gardens.html|https://www.commerce.gov.in/wp-content/uploads/2021/03/LOK-SABHA-17.3.2021-1.pdf|https://gst.jamku.app/gstin/18ACHPB8626N1Z7
gs-as-dib-066,official_pilot_audit,Verified operation. 133.87 Ha. Ownership: Sarojini Tea Co Pvt Ltd. Decision maker: Vikash Jain.,https://atepfo.in/pages/Garden_List|https://www.zaubacorp.com/company/SAROJINI-TEA-CO-PVT-LTD/U01132AS1950PTC000958
gs-as-dib-067,teaboard_final_notice,"Registered tea garden #3 in Dibrugarh, Assam.",Tea Board Final Notice 2019
gs-as-dib-068,teaboard_final_notice,"Registered tea garden #H-30 in Dibrugarh, Assam.",Tea Board Final Notice 2019
gs-as-dib-069,teaboard_final_notice,"Registered tea garden #2802 in Dibrugarh, Assam.",Tea Board Final Notice 2019
gs-as-dib-070,teaboard_final_notice,"Registered tea garden #2483 in Dibrugarh, Assam.",Tea Board Final Notice 2019
gs-as-dib-071,teaboard_final_notice,"Registered tea garden #Z-3 in Dibrugarh, Assam.",Tea Board Final Notice 2019
gs-as-dib-072,official_pilot_audit,Verified operation. 213.50 Ha. Ownership: Udalguri Tea Company Private Limited. Decision maker: Mahendra Sureka.,https://atepfo.in/pages/Garden_List|https://www.zaubacorp.com/company/UDALGURI-TEA-COMPANY-PRIVATE-LIMITED/U01132AS1950PTC000957
gs-as-dib-073,teaboard_final_notice,"Registered tea garden #1469 in Dibrugarh, Assam.",Tea Board Final Notice 2019
gs-as-dib-074,teaboard_final_notice,"Registered tea garden #2560 in Dibrugarh, Assam.",Tea Board Final Notice 2019
gs-as-dib-075,official_pilot_audit,Verified operation. 154.23 Ha. Ownership: Phukenbari Tea Co. Pvt. Ltd.. Decision maker: Topojit Bagchi.,https://atepfo.in/pages/Garden_List|https://www.zaubacorp.com/company/PHUKENBARI-TEA-CO-PVT-LTD/U01132AS1955PTC001066
gs-as-dib-076,official_pilot_audit,Verified operation. 149.64 Ha. Ownership: Bishmile Industry partnership. Decision maker: Aditya Vikram Agarwal.,https://www.atppf.nic.in/gardens.html|https://www.commerce.gov.in/wp-content/uploads/2021/03/LOK-SABHA-17.3.2021-1.pdf|https://www.teaboard.gov.in/pdf/1_pdf2062.pdf|https://piceapp.com/gst-number-search/ms-pipratoly-tea-estate-18aacfb0924e2zy/
gs-as-dib-077,teaboard_final_notice,"Registered tea garden #2245 in Dibrugarh, Assam.",Tea Board Final Notice 2019
gs-as-dib-078,teaboard_final_notice,"Registered tea garden #Not Available in Dibrugarh, Assam.",Tea Board Final Notice 2019
gs-as-dib-079,teaboard_final_notice,"Registered tea garden #2476 in Dibrugarh, Assam.",Tea Board Final Notice 2019
gs-as-dib-080,teaboard_final_notice,"Registered tea garden #H-25 in Dibrugarh, Assam.",Tea Board Final Notice 2019
gs-as-dib-081,teaboard_final_notice,"Registered tea garden #2760 in Dibrugarh, Assam.",Tea Board Final Notice 2019
gs-as-dib-082,corporate_registry,Operated by Andrew Yule & Company Limited (Govt of India).,Tea Board Register & Annual Filings
gs-as-dib-083,teaboard_final_notice,"Registered tea garden #34 (RC-148)( in Dibrugarh, Assam.",Tea Board Final Notice 2019
gs-as-dib-084,corporate_registry,Operated by Amalgamated Plantations Private Limited (Tata).,Tea Board Register & Annual Filings
gs-as-dib-085,teaboard_final_notice,"Registered tea garden #339 in Dibrugarh, Assam.",Tea Board Final Notice 2019
gs-as-dib-086,corporate_registry,Operated by Amalgamated Plantations Private Limited (Tata).,Tea Board Register & Annual Filings
gs-as-dib-087,teaboard_final_notice,"Registered tea garden #2458 in Dibrugarh, Assam.",Tea Board Final Notice 2019
gs-as-dib-088,teaboard_final_notice,"Registered tea garden #2620 in Dibrugarh, Assam.",Tea Board Final Notice 2019
gs-as-dib-089,teaboard_final_notice,"Registered tea garden #683 in Dibrugarh, Assam.",Tea Board Final Notice 2019
gs-as-dib-090,teaboard_final_notice,"Registered tea garden #940 in Dibrugarh, Assam.",Tea Board Final Notice 2019
gs-as-dib-091,corporate_registry,Operated by Assam Company India Limited (BRS Group).,Tea Board Register & Annual Filings
gs-as-dib-092,teaboard_final_notice,"Registered tea garden #2880 in Dibrugarh, Assam.",Tea Board Final Notice 2019
gs-as-dib-093,teaboard_final_notice,"Registered tea garden #2813 in Dibrugarh, Assam.",Tea Board Final Notice 2019
gs-as-dib-094,teaboard_final_notice,"Registered tea garden #2753 in Dibrugarh, Assam.",Tea Board Final Notice 2019
gs-as-dib-095,teaboard_final_notice,"Registered tea garden #2612 in Dibrugarh, Assam.",Tea Board Final Notice 2019
gs-as-dib-096,teaboard_final_notice,"Registered tea garden #NOT REGISTERED in Dibrugarh, Assam.",Tea Board Final Notice 2019
gs-as-dib-097,corporate_registry,Operated by McLeod Russel India Limited.,Tea Board Register & Annual Filings
gs-as-dib-098,official_pilot_audit,Verified operation. 196.96 Ha. Ownership: Current ownership unverified. Decision maker: .,https://www.atppf.nic.in/gardens.html|https://www.commerce.gov.in/wp-content/uploads/2021/03/LOK-SABHA-17.3.2021-1.pdf|https://commerce.gov.in/wp-content/uploads/2022/02/1251_merged.pdf
gs-as-dib-099,teaboard_final_notice,"Registered tea garden #H-18 in Dibrugarh, Assam.",Tea Board Final Notice 2019
gs-as-dib-100,teaboard_final_notice,"Registered tea garden #Z-2 in Dibrugarh, Assam.",Tea Board Final Notice 2019
gs-as-dib-101,teaboard_final_notice,"Registered tea garden #1974 in Dibrugarh, Assam.",Tea Board Final Notice 2019
gs-as-dib-102,teaboard_final_notice,"Registered tea garden #2284 in Dibrugarh, Assam.",Tea Board Final Notice 2019
gs-as-dib-103,teaboard_final_notice,"Registered tea garden #237 in Dibrugarh, Assam.",Tea Board Final Notice 2019
gs-as-dib-104,teaboard_final_notice,"Registered tea garden #356 in Dibrugarh, Assam.",Tea Board Final Notice 2019
gs-as-dib-105,official_pilot_audit,Verified operation. 111.34 Ha. Ownership: Jainex Tea Company Private Limited. Decision maker: Pratap Kochar.,https://www.jainexgroup.in/tea-estate/|https://www.jainexgroup.in/contact-us/
gs-as-dib-106,corporate_registry,Operated by Assam Company India Limited (BRS Group).,Tea Board Register & Annual Filings
gs-as-dib-107,teaboard_final_notice,"Registered tea garden #353 in Dibrugarh, Assam.",Tea Board Final Notice 2019
gs-as-dib-108,official_pilot_audit,Verified operation. 239.32 Ha. Ownership: Goneshbari Tea Company Private Limited. Decision maker: Ajay Jalan.,https://www.ocmms.nic.in/OCMMS_NEW/getData.action%3Bjsessionid%3DE184EBE78673C3F62554A64ECCFE7D5C?application=approved&district=DIBRUGARH&state=Assam&status=consent&yearFrom=2014&yearTo=2024|https://www.commerce.gov.in/wp-content/uploads/2021/03/LOK-SABHA-17.3.2021-1.pdf|https://www.assamteaxchange.com/marks.aspx
gs-as-dib-109,corporate_registry,Operated by Assam Company India Limited (BRS Group).,Tea Board Register & Annual Filings
gs-as-dib-110,teaboard_final_notice,"Registered tea garden #1617 in Dibrugarh, Assam.",Tea Board Final Notice 2019
gs-as-dib-111,official_pilot_audit,Verified operation. 139.00 Ha. Ownership: Ghooronia Tea Company Private Limited. Decision maker: Sumit Jain.,https://www.commerce.gov.in/wp-content/uploads/2021/03/LOK-SABHA-17.3.2021-1.pdf|https://pngrb.gov.in/pdf/orders/Order_DTGG_19042023.pdf|https://www.zaubacorp.com/GHOORONIA-TEA-CO-PVT-LTD-U01132AS1977PTC001701|https://www.indiafilings.com/search/ghooronia-tea-co-pvt-ltd-cin-U01132AS1977PTC001701
gs-as-dib-112,official_pilot_audit,Verified operation. 148.87 Ha. Ownership: Sitaram Budhkaran Choukhany & Co.. Decision maker: Vikash Choukhany.,https://atepfo.in/pages/Garden_List|https://ghograjan.com/
gs-as-dib-113,teaboard_final_notice,"Registered tea garden #2095 in Dibrugarh, Assam.",Tea Board Final Notice 2019
gs-as-dib-114,teaboard_final_notice,"Registered tea garden #2519 in Dibrugarh, Assam.",Tea Board Final Notice 2019
gs-as-dib-115,teaboard_final_notice,"Registered tea garden #E-30 in Dibrugarh, Assam.",Tea Board Final Notice 2019
gs-as-dib-116,teaboard_final_notice,"Registered tea garden #247 in Dibrugarh, Assam.",Tea Board Final Notice 2019
gs-as-dib-117,official_pilot_audit,Verified operation. 80.91 Ha. Ownership: Durgapur Tea Company partnership. Decision maker: Nathmal Kasera.,https://atepfo.in/pages/Garden_List|https://foodtestingweb.wordpress.com/about/
gs-as-dib-118,teaboard_final_notice,"Registered tea garden #194 in Dibrugarh, Assam.",Tea Board Final Notice 2019
gs-as-dib-119,teaboard_final_notice,"Registered tea garden #77 in Dibrugarh, Assam.",Tea Board Final Notice 2019
gs-as-dib-120,teaboard_final_notice,"Registered tea garden #G-31 in Dibrugarh, Assam.",Tea Board Final Notice 2019
gs-as-dib-121,teaboard_final_notice,"Registered tea garden #111 & 2004 in Dibrugarh, Assam.",Tea Board Final Notice 2019
gs-as-dib-122,teaboard_final_notice,"Registered tea garden #D-62 in Dibrugarh, Assam.",Tea Board Final Notice 2019
gs-as-dib-123,corporate_registry,Operated by Andrew Yule & Company Limited (Govt of India).,Tea Board Register & Annual Filings
gs-as-dib-124,teaboard_final_notice,"Registered tea garden #E-1238 in Dibrugarh, Assam.",Tea Board Final Notice 2019
gs-as-dib-125,corporate_registry,Operated by Assam Company India Limited (BRS Group).,Tea Board Register & Annual Filings
gs-as-dib-126,official_pilot_audit,Verified operation. 172.81 Ha. Ownership: Longboi Tea Company Private Limited. Decision maker: .,https://ocmms.nic.in/OCMMS_NEW/getData.action%3Bjsessionid%3DE9204189DE90510094E5CF35101F234D?application=totalApp&district=DIBRUGARH&state=Assam&status=consent&yearFrom=2014&yearTo=2024|https://www.commerce.gov.in/wp-content/uploads/2021/03/LOK-SABHA-17.3.2021-1.pdf|https://commerce.gov.in/wp-content/uploads/2022/02/1251_merged.pdf
gs-as-dib-127,teaboard_final_notice,"Registered tea garden #Not Available in Dibrugarh, Assam.",Tea Board Final Notice 2019
gs-as-dib-128,teaboard_final_notice,"Registered tea garden #401 in Dibrugarh, Assam.",Tea Board Final Notice 2019
gs-as-dib-129,teaboard_final_notice,"Registered tea garden #2514 in Dibrugarh, Assam.",Tea Board Final Notice 2019
gs-as-dib-130,teaboard_final_notice,"Registered tea garden #172 in Dibrugarh, Assam.",Tea Board Final Notice 2019
gs-as-dib-131,teaboard_final_notice,"Registered tea garden #NOT REGISTERED in Dibrugarh, Assam.",Tea Board Final Notice 2019
gs-as-dib-132,teaboard_final_notice,"Registered tea garden #2594 in Dibrugarh, Assam.",Tea Board Final Notice 2019
gs-as-dim-001,teaboard_final_notice,"Registered tea garden #2862 in Dima Hasao, Assam.",Tea Board Final Notice 2019
gs-as-dim-002,teaboard_final_notice,"Registered tea garden #2821 in Dima Hasao, Assam.",Tea Board Final Notice 2019
gs-as-goa-001,teaboard_final_notice,"Registered tea garden #1955 in Goalpara, Assam.",Tea Board Final Notice 2019
gs-as-goa-002,teaboard_final_notice,"Registered tea garden #979 in Goalpara, Assam.",Tea Board Final Notice 2019
gs-as-gol-001,teaboard_final_notice,"Registered tea garden #1583 in Golaghat, Assam.",Tea Board Final Notice 2019
gs-as-gol-002,teaboard_final_notice,"Registered tea garden #2643 in Golaghat, Assam.",Tea Board Final Notice 2019
gs-as-gol-003,teaboard_final_notice,"Registered tea garden #2487 in Golaghat, Assam.",Tea Board Final Notice 2019
gs-as-gol-004,teaboard_final_notice,"Registered tea garden #C-47 in Golaghat, Assam.",Tea Board Final Notice 2019
gs-as-gol-005,teaboard_final_notice,"Registered tea garden #2353 in Golaghat, Assam.",Tea Board Final Notice 2019
gs-as-gol-006,teaboard_final_notice,"Registered tea garden #1857 in Golaghat, Assam.",Tea Board Final Notice 2019
gs-as-gol-007,teaboard_final_notice,"Registered tea garden #2252 in Golaghat, Assam.",Tea Board Final Notice 2019
gs-as-gol-008,teaboard_final_notice,"Registered tea garden #Not Available in Golaghat, Assam.",Tea Board Final Notice 2019
gs-as-gol-009,teaboard_final_notice,"Registered tea garden #2213 in Golaghat, Assam.",Tea Board Final Notice 2019
gs-as-gol-010,teaboard_final_notice,"Registered tea garden #757 in Golaghat, Assam.",Tea Board Final Notice 2019
gs-as-gol-011,teaboard_final_notice,"Registered tea garden #2191 in Golaghat, Assam.",Tea Board Final Notice 2019
gs-as-gol-012,teaboard_final_notice,"Registered tea garden #90 in Golaghat, Assam.",Tea Board Final Notice 2019
gs-as-gol-013,teaboard_final_notice,"Registered tea garden #2030 in Golaghat, Assam.",Tea Board Final Notice 2019
gs-as-gol-014,teaboard_final_notice,"Registered tea garden #A-33 in Golaghat, Assam.",Tea Board Final Notice 2019
gs-as-gol-015,teaboard_final_notice,"Registered tea garden #2244 in Golaghat, Assam.",Tea Board Final Notice 2019
gs-as-gol-016,teaboard_final_notice,"Registered tea garden #2479 in Golaghat, Assam.",Tea Board Final Notice 2019
gs-as-gol-017,corporate_registry,Operated by Amalgamated Plantations Private Limited (Tata).,Tea Board Register & Annual Filings
gs-as-gol-018,teaboard_final_notice,"Registered tea garden #219 in Golaghat, Assam.",Tea Board Final Notice 2019
gs-as-gol-019,teaboard_final_notice,"Registered tea garden #2345 in Golaghat, Assam.",Tea Board Final Notice 2019
gs-as-gol-020,teaboard_final_notice,"Registered tea garden #2009 in Golaghat, Assam.",Tea Board Final Notice 2019
gs-as-gol-021,teaboard_final_notice,"Registered tea garden #773 in Golaghat, Assam.",Tea Board Final Notice 2019
gs-as-gol-022,teaboard_final_notice,"Registered tea garden #2477 in Golaghat, Assam.",Tea Board Final Notice 2019
gs-as-gol-023,teaboard_final_notice,"Registered tea garden #2355 in Golaghat, Assam.",Tea Board Final Notice 2019
gs-as-gol-024,teaboard_final_notice,"Registered tea garden #2798 in Golaghat, Assam.",Tea Board Final Notice 2019
gs-as-gol-025,teaboard_final_notice,"Registered tea garden #2210 in Golaghat, Assam.",Tea Board Final Notice 2019
gs-as-gol-026,teaboard_final_notice,"Registered tea garden #Not Available in Golaghat, Assam.",Tea Board Final Notice 2019
gs-as-gol-027,corporate_registry,Operated by Andrew Yule & Company Limited (Govt of India).,Tea Board Register & Annual Filings
gs-as-gol-028,teaboard_final_notice,"Registered tea garden #2883 in Golaghat, Assam.",Tea Board Final Notice 2019
gs-as-gol-029,teaboard_final_notice,"Registered tea garden #D-75 in Golaghat, Assam.",Tea Board Final Notice 2019
gs-as-gol-030,teaboard_final_notice,"Registered tea garden #RC-817 in Golaghat, Assam.",Tea Board Final Notice 2019
gs-as-gol-031,teaboard_final_notice,"Registered tea garden #2841 in Golaghat, Assam.",Tea Board Final Notice 2019
gs-as-gol-032,teaboard_final_notice,"Registered tea garden #C-44 in Golaghat, Assam.",Tea Board Final Notice 2019
gs-as-gol-033,teaboard_final_notice,"Registered tea garden #3564 in Golaghat, Assam.",Tea Board Final Notice 2019
gs-as-gol-034,teaboard_final_notice,"Registered tea garden #2796 in Golaghat, Assam.",Tea Board Final Notice 2019
gs-as-gol-035,teaboard_final_notice,"Registered tea garden #A-31 in Golaghat, Assam.",Tea Board Final Notice 2019
gs-as-gol-036,teaboard_final_notice,"Registered tea garden #2010 in Golaghat, Assam.",Tea Board Final Notice 2019
gs-as-gol-037,teaboard_final_notice,"Registered tea garden #2342 in Golaghat, Assam.",Tea Board Final Notice 2019
gs-as-gol-038,teaboard_final_notice,"Registered tea garden #563 in Golaghat, Assam.",Tea Board Final Notice 2019
gs-as-gol-039,teaboard_final_notice,"Registered tea garden #2816 in Golaghat, Assam.",Tea Board Final Notice 2019
gs-as-gol-040,teaboard_final_notice,"Registered tea garden #2212 in Golaghat, Assam.",Tea Board Final Notice 2019
gs-as-gol-041,teaboard_final_notice,"Registered tea garden #C-36 in Golaghat, Assam.",Tea Board Final Notice 2019
gs-as-gol-042,teaboard_final_notice,"Registered tea garden #82 in Golaghat, Assam.",Tea Board Final Notice 2019
gs-as-gol-043,teaboard_final_notice,"Registered tea garden #D-35 in Golaghat, Assam.",Tea Board Final Notice 2019
gs-as-gol-044,teaboard_final_notice,"Registered tea garden #293 in Golaghat, Assam.",Tea Board Final Notice 2019
gs-as-gol-045,teaboard_final_notice,"Registered tea garden #181 in Golaghat, Assam.",Tea Board Final Notice 2019
gs-as-gol-046,teaboard_final_notice,"Registered tea garden #191 in Golaghat, Assam.",Tea Board Final Notice 2019
gs-as-gol-047,teaboard_final_notice,"Registered tea garden #303 in Golaghat, Assam.",Tea Board Final Notice 2019
gs-as-gol-048,teaboard_final_notice,"Registered tea garden #716 in Golaghat, Assam.",Tea Board Final Notice 2019
gs-as-gol-049,teaboard_final_notice,"Registered tea garden #2017) 2494 in Golaghat, Assam.",Tea Board Final Notice 2019
gs-as-gol-050,corporate_registry,Operated by Amalgamated Plantations Private Limited (Tata).,Tea Board Register & Annual Filings
gs-as-gol-051,teaboard_final_notice,"Registered tea garden #M-89 in Golaghat, Assam.",Tea Board Final Notice 2019
gs-as-gol-052,teaboard_final_notice,"Registered tea garden #G-23(RC-1405) in Golaghat, Assam.",Tea Board Final Notice 2019
gs-as-gol-053,teaboard_final_notice,"Registered tea garden #1856 in Golaghat, Assam.",Tea Board Final Notice 2019
gs-as-gol-054,teaboard_final_notice,"Registered tea garden #2346 in Golaghat, Assam.",Tea Board Final Notice 2019
gs-as-gol-055,teaboard_final_notice,"Registered tea garden #Not Available in Golaghat, Assam.",Tea Board Final Notice 2019
gs-as-gol-056,teaboard_final_notice,"Registered tea garden #2315 in Golaghat, Assam.",Tea Board Final Notice 2019
gs-as-gol-057,teaboard_final_notice,"Registered tea garden #902 in Golaghat, Assam.",Tea Board Final Notice 2019
gs-as-hai-001,teaboard_final_notice,"Registered tea garden #222 in Hailakandi, Assam.",Tea Board Final Notice 2019
gs-as-hai-002,teaboard_final_notice,"Registered tea garden #914 in Hailakandi, Assam.",Tea Board Final Notice 2019
gs-as-hai-003,teaboard_final_notice,"Registered tea garden #2310 in Hailakandi, Assam.",Tea Board Final Notice 2019
gs-as-hai-004,official_pilot_audit,Verified operation. 60 Ha. Ownership: Debendra Tea and Company Private Limited. Decision maker: Madan Dutta.,https://ocmms.nic.in/OCMMS_NEW/getData.action?application=approved&district=TINSUKIA&state=Assam&status=consent&yearFrom=2014&yearTo=2024|https://www.commerce.gov.in/wp-content/uploads/2021/03/LOK-SABHA-17.3.2021-1.pdf|https://commerce.gov.in/wp-content/uploads/2022/02/1251_merged.pdf
gs-as-hai-005,teaboard_final_notice,"Registered tea garden #125 in Hailakandi, Assam.",Tea Board Final Notice 2019
gs-as-hai-006,teaboard_final_notice,"Registered tea garden #2465 in Hailakandi, Assam.",Tea Board Final Notice 2019
gs-as-hai-007,teaboard_final_notice,"Registered tea garden #279 in Hailakandi, Assam.",Tea Board Final Notice 2019
gs-as-hai-008,teaboard_final_notice,"Registered tea garden #2471 in Hailakandi, Assam.",Tea Board Final Notice 2019
gs-as-hai-009,teaboard_final_notice,"Registered tea garden #2406 in Hailakandi, Assam.",Tea Board Final Notice 2019
gs-as-hai-010,teaboard_final_notice,"Registered tea garden #2343 in Hailakandi, Assam.",Tea Board Final Notice 2019
gs-as-hai-011,teaboard_final_notice,"Registered tea garden #2407 in Hailakandi, Assam.",Tea Board Final Notice 2019
gs-as-hai-012,teaboard_final_notice,"Registered tea garden #2422 in Hailakandi, Assam.",Tea Board Final Notice 2019
gs-as-hai-013,teaboard_final_notice,"Registered tea garden #2295 in Hailakandi, Assam.",Tea Board Final Notice 2019
gs-as-hai-014,teaboard_final_notice,"Registered tea garden #1893 in Hailakandi, Assam.",Tea Board Final Notice 2019
gs-as-hai-015,teaboard_final_notice,"Registered tea garden #2572 in Hailakandi, Assam.",Tea Board Final Notice 2019
gs-as-hai-016,teaboard_final_notice,"Registered tea garden #E-49 in Hailakandi, Assam.",Tea Board Final Notice 2019
gs-as-hai-017,teaboard_final_notice,"Registered tea garden #2706 in Hailakandi, Assam.",Tea Board Final Notice 2019
gs-as-hai-018,teaboard_final_notice,"Registered tea garden #256 in Hailakandi, Assam.",Tea Board Final Notice 2019
gs-as-jor-001,teaboard_final_notice,"Registered tea garden #778(RC-1712) in Jorhat, Assam.",Tea Board Final Notice 2019
gs-as-jor-002,teaboard_final_notice,"Registered tea garden #E-53 in Jorhat, Assam.",Tea Board Final Notice 2019
gs-as-jor-003,teaboard_final_notice,"Registered tea garden #590 in Jorhat, Assam.",Tea Board Final Notice 2019
gs-as-jor-004,teaboard_final_notice,"Registered tea garden #1981 in Jorhat, Assam.",Tea Board Final Notice 2019
gs-as-jor-005,teaboard_final_notice,"Registered tea garden #2455 in Jorhat, Assam.",Tea Board Final Notice 2019
gs-as-jor-006,teaboard_final_notice,"Registered tea garden #2645 in Jorhat, Assam.",Tea Board Final Notice 2019
gs-as-jor-007,teaboard_final_notice,"Registered tea garden #2543 in Jorhat, Assam.",Tea Board Final Notice 2019
gs-as-jor-008,teaboard_final_notice,"Registered tea garden #43 in Jorhat, Assam.",Tea Board Final Notice 2019
gs-as-jor-009,teaboard_final_notice,"Registered tea garden #2 2387 in Jorhat, Assam.",Tea Board Final Notice 2019
gs-as-jor-010,teaboard_final_notice,"Registered tea garden #2817 in Jorhat, Assam.",Tea Board Final Notice 2019
gs-as-jor-011,teaboard_final_notice,"Registered tea garden #431 in Jorhat, Assam.",Tea Board Final Notice 2019
gs-as-jor-012,teaboard_final_notice,"Registered tea garden #1465(2104) in Jorhat, Assam.",Tea Board Final Notice 2019
gs-as-jor-013,teaboard_final_notice,"Registered tea garden #2958 in Jorhat, Assam.",Tea Board Final Notice 2019
gs-as-jor-014,teaboard_final_notice,"Registered tea garden #2578 in Jorhat, Assam.",Tea Board Final Notice 2019
gs-as-jor-015,teaboard_final_notice,"Registered tea garden #342 in Jorhat, Assam.",Tea Board Final Notice 2019
gs-as-jor-016,teaboard_final_notice,"Registered tea garden #2516 in Jorhat, Assam.",Tea Board Final Notice 2019
gs-as-jor-017,official_pilot_audit,Verified operation. 148.87 Ha. Ownership: Sitaram Budhkaran Choukhany & Co.. Decision maker: Vikash Choukhany.,https://atepfo.in/pages/Garden_List|https://ghograjan.com/
gs-as-jor-018,teaboard_final_notice,"Registered tea garden #2240 (1004) in Jorhat, Assam.",Tea Board Final Notice 2019
gs-as-jor-019,teaboard_final_notice,"Registered tea garden #2454 & 1464 in Jorhat, Assam.",Tea Board Final Notice 2019
gs-as-jor-020,teaboard_final_notice,"Registered tea garden #RC-2225 in Jorhat, Assam.",Tea Board Final Notice 2019
gs-as-jor-021,teaboard_final_notice,"Registered tea garden #G-42 in Jorhat, Assam.",Tea Board Final Notice 2019
gs-as-jor-022,teaboard_final_notice,"Registered tea garden #230 in Jorhat, Assam.",Tea Board Final Notice 2019
gs-as-jor-023,teaboard_final_notice,"Registered tea garden #345 in Jorhat, Assam.",Tea Board Final Notice 2019
gs-as-jor-024,teaboard_final_notice,"Registered tea garden #294/BJ-1898 in Jorhat, Assam.",Tea Board Final Notice 2019
gs-as-jor-025,teaboard_final_notice,"Registered tea garden #2388 in Jorhat, Assam.",Tea Board Final Notice 2019
gs-as-jor-026,teaboard_final_notice,"Registered tea garden #2600 in Jorhat, Assam.",Tea Board Final Notice 2019
gs-as-jor-027,teaboard_final_notice,"Registered tea garden #2252255 in Jorhat, Assam.",Tea Board Final Notice 2019
gs-as-jor-028,teaboard_final_notice,"Registered tea garden #2206 in Jorhat, Assam.",Tea Board Final Notice 2019
gs-as-jor-029,teaboard_final_notice,"Registered tea garden #2595 in Jorhat, Assam.",Tea Board Final Notice 2019
gs-as-jor-030,teaboard_final_notice,"Registered tea garden #955 in Jorhat, Assam.",Tea Board Final Notice 2019
gs-as-jor-031,teaboard_final_notice,"Registered tea garden #D-78 in Jorhat, Assam.",Tea Board Final Notice 2019
gs-as-jor-032,teaboard_final_notice,"Registered tea garden #1301, 1434 &446 in Jorhat, Assam.",Tea Board Final Notice 2019
gs-as-jor-033,teaboard_final_notice,"Registered tea garden #2418 in Jorhat, Assam.",Tea Board Final Notice 2019
gs-as-jor-034,teaboard_final_notice,"Registered tea garden #2511 in Jorhat, Assam.",Tea Board Final Notice 2019
gs-as-jor-035,corporate_registry,Operated by McLeod Russel India Limited.,Tea Board Register & Annual Filings
gs-as-jor-036,teaboard_final_notice,"Registered tea garden #286 in Jorhat, Assam.",Tea Board Final Notice 2019
gs-as-jor-037,corporate_registry,Operated by Andrew Yule & Company Limited (Govt of India).,Tea Board Register & Annual Filings
gs-as-jor-038,teaboard_final_notice,"Registered tea garden #2126 in Jorhat, Assam.",Tea Board Final Notice 2019
gs-as-jor-039,teaboard_final_notice,"Registered tea garden #3570 in Jorhat, Assam.",Tea Board Final Notice 2019
gs-as-jor-040,teaboard_final_notice,"Registered tea garden #A-40 in Jorhat, Assam.",Tea Board Final Notice 2019
gs-as-jor-041,teaboard_final_notice,"Registered tea garden #2777 in Jorhat, Assam.",Tea Board Final Notice 2019
gs-as-jor-042,teaboard_final_notice,"Registered tea garden #Not Available in Jorhat, Assam.",Tea Board Final Notice 2019
gs-as-jor-043,teaboard_final_notice,"Registered tea garden #2311 in Jorhat, Assam.",Tea Board Final Notice 2019
gs-as-jor-044,teaboard_final_notice,"Registered tea garden #1979 in Jorhat, Assam.",Tea Board Final Notice 2019
gs-as-jor-045,teaboard_final_notice,"Registered tea garden #2502 in Jorhat, Assam.",Tea Board Final Notice 2019
gs-as-jor-046,teaboard_final_notice,"Registered tea garden #D-51 in Jorhat, Assam.",Tea Board Final Notice 2019
gs-as-jor-047,teaboard_final_notice,"Registered tea garden #324 in Jorhat, Assam.",Tea Board Final Notice 2019
gs-as-jor-048,teaboard_final_notice,"Registered tea garden #2456 in Jorhat, Assam.",Tea Board Final Notice 2019
gs-as-jor-049,corporate_registry,Operated by Amalgamated Plantations Private Limited (Tata).,Tea Board Register & Annual Filings
gs-as-jor-050,teaboard_final_notice,"Registered tea garden #3035 in Jorhat, Assam.",Tea Board Final Notice 2019
gs-as-jor-051,teaboard_final_notice,"Registered tea garden #2521 in Jorhat, Assam.",Tea Board Final Notice 2019
gs-as-jor-052,teaboard_final_notice,"Registered tea garden #2127 in Jorhat, Assam.",Tea Board Final Notice 2019
gs-as-jor-053,teaboard_final_notice,"Registered tea garden #375 in Jorhat, Assam.",Tea Board Final Notice 2019
gs-as-jor-054,teaboard_final_notice,"Registered tea garden #1765 in Jorhat, Assam.",Tea Board Final Notice 2019
gs-as-jor-055,teaboard_final_notice,"Registered tea garden #11 in Jorhat, Assam.",Tea Board Final Notice 2019
gs-as-jor-056,teaboard_final_notice,"Registered tea garden #376 in Jorhat, Assam.",Tea Board Final Notice 2019
gs-as-jor-057,teaboard_final_notice,"Registered tea garden #2275 in Jorhat, Assam.",Tea Board Final Notice 2019
gs-as-jor-058,teaboard_final_notice,"Registered tea garden #43 in Jorhat, Assam.",Tea Board Final Notice 2019
gs-as-jor-059,teaboard_final_notice,"Registered tea garden #2393 in Jorhat, Assam.",Tea Board Final Notice 2019
gs-as-jor-060,teaboard_final_notice,"Registered tea garden #2557(RC-12123) in Jorhat, Assam.",Tea Board Final Notice 2019
gs-as-jor-061,teaboard_final_notice,"Registered tea garden #1899 in Jorhat, Assam.",Tea Board Final Notice 2019
gs-as-jor-062,teaboard_final_notice,"Registered tea garden #187 in Jorhat, Assam.",Tea Board Final Notice 2019
gs-as-jor-063,teaboard_final_notice,"Registered tea garden #2673 in Jorhat, Assam.",Tea Board Final Notice 2019
gs-as-jor-064,teaboard_final_notice,"Registered tea garden #186 in Jorhat, Assam.",Tea Board Final Notice 2019
gs-as-jor-065,corporate_registry,Operated by McLeod Russel India Limited.,Tea Board Register & Annual Filings
gs-as-jor-066,teaboard_final_notice,"Registered tea garden #79 in Jorhat, Assam.",Tea Board Final Notice 2019
gs-as-jor-067,teaboard_final_notice,"Registered tea garden #402 in Jorhat, Assam.",Tea Board Final Notice 2019
gs-as-jor-068,teaboard_final_notice,"Registered tea garden #349 in Jorhat, Assam.",Tea Board Final Notice 2019
gs-as-jor-069,teaboard_final_notice,"Registered tea garden #2285 in Jorhat, Assam.",Tea Board Final Notice 2019
gs-as-jor-070,teaboard_final_notice,"Registered tea garden #2101 in Jorhat, Assam.",Tea Board Final Notice 2019
gs-as-jor-071,teaboard_final_notice,"Registered tea garden #2582 in Jorhat, Assam.",Tea Board Final Notice 2019
gs-as-jor-072,teaboard_final_notice,"Registered tea garden #1982 in Jorhat, Assam.",Tea Board Final Notice 2019
gs-as-jor-073,teaboard_final_notice,"Registered tea garden #1091 in Jorhat, Assam.",Tea Board Final Notice 2019
gs-as-jor-074,teaboard_final_notice,"Registered tea garden #2587 in Jorhat, Assam.",Tea Board Final Notice 2019
gs-as-jor-075,teaboard_final_notice,"Registered tea garden #2412 in Jorhat, Assam.",Tea Board Final Notice 2019
gs-as-jor-076,teaboard_final_notice,"Registered tea garden #1649 in Jorhat, Assam.",Tea Board Final Notice 2019
gs-as-jor-077,teaboard_final_notice,"Registered tea garden #2755 in Jorhat, Assam.",Tea Board Final Notice 2019
gs-as-jor-078,teaboard_final_notice,"Registered tea garden #RC-6 in Jorhat, Assam.",Tea Board Final Notice 2019
gs-as-jor-079,teaboard_final_notice,"Registered tea garden #2773 in Jorhat, Assam.",Tea Board Final Notice 2019
gs-as-jor-080,teaboard_final_notice,"Registered tea garden #1980 in Jorhat, Assam.",Tea Board Final Notice 2019
gs-as-jor-081,teaboard_final_notice,"Registered tea garden #2125 in Jorhat, Assam.",Tea Board Final Notice 2019
gs-as-jor-082,teaboard_final_notice,"Registered tea garden #A-40 in Jorhat, Assam.",Tea Board Final Notice 2019
gs-as-kam-001,teaboard_final_notice,"Registered tea garden #2071 in Kamrup, Assam.",Tea Board Final Notice 2019
gs-as-kam-002,teaboard_final_notice,"Registered tea garden #2193 in Kamrup, Assam.",Tea Board Final Notice 2019
gs-as-kam-003,teaboard_final_notice,"Registered tea garden #137 in Kamrup, Assam.",Tea Board Final Notice 2019
gs-as-kar-001,teaboard_final_notice,"Registered tea garden #2786 in Karbi Anglong, Assam.",Tea Board Final Notice 2019
gs-as-kar-002,teaboard_final_notice,"Registered tea garden #223 in Karbi Anglong, Assam.",Tea Board Final Notice 2019
gs-as-kar-003,teaboard_final_notice,"Registered tea garden #Not Available in Karbi Anglong, Assam.",Tea Board Final Notice 2019
gs-as-kar-004,teaboard_final_notice,"Registered tea garden #C-74 in Karbi Anglong, Assam.",Tea Board Final Notice 2019
gs-as-kar-005,teaboard_final_notice,"Registered tea garden #Not Available in Karbi Anglong, Assam.",Tea Board Final Notice 2019
gs-as-kar-006,teaboard_final_notice,"Registered tea garden #RC-1167 in Karbi Anglong, Assam.",Tea Board Final Notice 2019
gs-as-kar-007,teaboard_final_notice,"Registered tea garden #2828 in Karbi Anglong, Assam.",Tea Board Final Notice 2019
gs-as-kar-008,teaboard_final_notice,"Registered tea garden #160 in Karbi Anglong, Assam.",Tea Board Final Notice 2019
gs-as-kar-009,teaboard_final_notice,"Registered tea garden #Not Available in Karbi Anglong, Assam.",Tea Board Final Notice 2019
gs-as-kar-010,teaboard_final_notice,"Registered tea garden #Not Available in Karbi Anglong, Assam.",Tea Board Final Notice 2019
gs-as-kar-011,teaboard_final_notice,"Registered tea garden #83 in Karbi Anglong, Assam.",Tea Board Final Notice 2019
gs-as-kar-012,teaboard_final_notice,"Registered tea garden #255 in Karbi Anglong, Assam.",Tea Board Final Notice 2019
gs-as-kar-013,teaboard_final_notice,"Registered tea garden #2861 in Karbi Anglong, Assam.",Tea Board Final Notice 2019
gs-as-kar-014,teaboard_final_notice,"Registered tea garden #646 in Karbi Anglong, Assam.",Tea Board Final Notice 2019
gs-as-kar-015,teaboard_final_notice,"Registered tea garden #1308 in Karbi Anglong, Assam.",Tea Board Final Notice 2019
gs-as-krg-001,teaboard_final_notice,"Registered tea garden #542 in Karimganj, Assam.",Tea Board Final Notice 2019
gs-as-krg-002,teaboard_final_notice,"Registered tea garden #2482 in Karimganj, Assam.",Tea Board Final Notice 2019
gs-as-krg-003,teaboard_final_notice,"Registered tea garden #2322 in Karimganj, Assam.",Tea Board Final Notice 2019
gs-as-krg-004,teaboard_final_notice,"Registered tea garden #1589 in Karimganj, Assam.",Tea Board Final Notice 2019
gs-as-krg-005,teaboard_final_notice,"Registered tea garden #238 in Karimganj, Assam.",Tea Board Final Notice 2019
gs-as-krg-006,teaboard_final_notice,"Registered tea garden #289 in Karimganj, Assam.",Tea Board Final Notice 2019
gs-as-krg-007,teaboard_final_notice,"Registered tea garden #24 in Karimganj, Assam.",Tea Board Final Notice 2019
gs-as-krg-008,teaboard_final_notice,"Registered tea garden #2629 in Karimganj, Assam.",Tea Board Final Notice 2019
gs-as-krg-009,teaboard_final_notice,"Registered tea garden #389 in Karimganj, Assam.",Tea Board Final Notice 2019
gs-as-krg-010,teaboard_final_notice,"Registered tea garden #2241 in Karimganj, Assam.",Tea Board Final Notice 2019
gs-as-krg-011,teaboard_final_notice,"Registered tea garden #2316 in Karimganj, Assam.",Tea Board Final Notice 2019
gs-as-krg-012,teaboard_final_notice,"Registered tea garden #C-19 in Karimganj, Assam.",Tea Board Final Notice 2019
gs-as-krg-013,teaboard_final_notice,"Registered tea garden #C-21 in Karimganj, Assam.",Tea Board Final Notice 2019
gs-as-krg-014,teaboard_final_notice,"Registered tea garden #94 in Karimganj, Assam.",Tea Board Final Notice 2019
gs-as-krg-015,teaboard_final_notice,"Registered tea garden #208 in Karimganj, Assam.",Tea Board Final Notice 2019
gs-as-krg-016,teaboard_final_notice,"Registered tea garden #1978 in Karimganj, Assam.",Tea Board Final Notice 2019
gs-as-krg-017,teaboard_final_notice,"Registered tea garden #53 in Karimganj, Assam.",Tea Board Final Notice 2019
gs-as-krg-018,teaboard_final_notice,"Registered tea garden #2122 in Karimganj, Assam.",Tea Board Final Notice 2019
gs-as-krg-019,teaboard_final_notice,"Registered tea garden #270 in Karimganj, Assam.",Tea Board Final Notice 2019
gs-as-krg-020,teaboard_final_notice,"Registered tea garden #2321 in Karimganj, Assam.",Tea Board Final Notice 2019
gs-as-krg-021,teaboard_final_notice,"Registered tea garden #93 in Karimganj, Assam.",Tea Board Final Notice 2019
gs-as-krg-022,teaboard_final_notice,"Registered tea garden #101 in Karimganj, Assam.",Tea Board Final Notice 2019
gs-as-krg-023,teaboard_final_notice,"Registered tea garden #C-15 in Karimganj, Assam.",Tea Board Final Notice 2019
gs-as-krg-024,teaboard_final_notice,"Registered tea garden #88 in Karimganj, Assam.",Tea Board Final Notice 2019
gs-as-kok-001,teaboard_final_notice,"Registered tea garden #241 in Kokrajhar, Assam.",Tea Board Final Notice 2019
gs-as-kok-002,teaboard_final_notice,"Registered tea garden #242 in Kokrajhar, Assam.",Tea Board Final Notice 2019
gs-as-kok-003,teaboard_final_notice,"Registered tea garden #243 in Kokrajhar, Assam.",Tea Board Final Notice 2019
gs-as-kok-004,teaboard_final_notice,"Registered tea garden #134 in Kokrajhar, Assam.",Tea Board Final Notice 2019
gs-as-lak-001,teaboard_final_notice,"Registered tea garden #K-55 in Lakhimpur, Assam.",Tea Board Final Notice 2019
gs-as-lak-002,teaboard_final_notice,"Registered tea garden #2591 in Lakhimpur, Assam.",Tea Board Final Notice 2019
gs-as-lak-003,teaboard_final_notice,"Registered tea garden #R-6 in Lakhimpur, Assam.",Tea Board Final Notice 2019
gs-as-lak-004,teaboard_final_notice,"Registered tea garden #D/40 in Lakhimpur, Assam.",Tea Board Final Notice 2019
gs-as-lak-005,teaboard_final_notice,"Registered tea garden #2326 in Lakhimpur, Assam.",Tea Board Final Notice 2019
gs-as-lak-006,teaboard_final_notice,"Registered tea garden #B-80 in Lakhimpur, Assam.",Tea Board Final Notice 2019
gs-as-lak-007,teaboard_final_notice,"Registered tea garden #K-33 in Lakhimpur, Assam.",Tea Board Final Notice 2019
gs-as-lak-008,teaboard_final_notice,"Registered tea garden #2446 in Lakhimpur, Assam.",Tea Board Final Notice 2019
gs-as-lak-009,teaboard_final_notice,"Registered tea garden #K-15 in Lakhimpur, Assam.",Tea Board Final Notice 2019
gs-as-lak-010,teaboard_final_notice,"Registered tea garden #320 in Lakhimpur, Assam.",Tea Board Final Notice 2019
gs-as-mor-001,teaboard_final_notice,"Registered tea garden #1994 in Morigaon, Assam.",Tea Board Final Notice 2019
gs-as-nag-001,teaboard_final_notice,"Registered tea garden #2450 in Nagaon, Assam.",Tea Board Final Notice 2019
gs-as-nag-002,teaboard_final_notice,"Registered tea garden #B-77 in Nagaon, Assam.",Tea Board Final Notice 2019
gs-as-nag-003,teaboard_final_notice,"Registered tea garden #2459 in Nagaon, Assam.",Tea Board Final Notice 2019
gs-as-nag-004,teaboard_final_notice,"Registered tea garden #A/8 in Nagaon, Assam.",Tea Board Final Notice 2019
gs-as-nag-005,corporate_registry,Operated by Amalgamated Plantations Private Limited (Tata).,Tea Board Register & Annual Filings
gs-as-nag-006,teaboard_final_notice,"Registered tea garden #2443 in Nagaon, Assam.",Tea Board Final Notice 2019
gs-as-nag-007,teaboard_final_notice,"Registered tea garden #318 in Nagaon, Assam.",Tea Board Final Notice 2019
gs-as-nag-008,corporate_registry,Operated by Assam Company India Limited (BRS Group).,Tea Board Register & Annual Filings
gs-as-nag-009,teaboard_final_notice,"Registered tea garden #2473 in Nagaon, Assam.",Tea Board Final Notice 2019
gs-as-nag-010,teaboard_final_notice,"Registered tea garden #G-38 in Nagaon, Assam.",Tea Board Final Notice 2019
gs-as-nag-011,corporate_registry,Operated by Amalgamated Plantations Private Limited (Tata).,Tea Board Register & Annual Filings
gs-as-nag-012,teaboard_final_notice,"Registered tea garden #2339 in Nagaon, Assam.",Tea Board Final Notice 2019
gs-as-nag-013,teaboard_final_notice,"Registered tea garden #421 in Nagaon, Assam.",Tea Board Final Notice 2019
gs-as-nag-014,teaboard_final_notice,"Registered tea garden #66(RC-548) in Nagaon, Assam.",Tea Board Final Notice 2019
gs-as-nag-015,teaboard_final_notice,"Registered tea garden #2320 in Nagaon, Assam.",Tea Board Final Notice 2019
gs-as-nag-016,teaboard_final_notice,"Registered tea garden #2648 in Nagaon, Assam.",Tea Board Final Notice 2019
gs-as-nag-017,teaboard_final_notice,"Registered tea garden #H-56 in Nagaon, Assam.",Tea Board Final Notice 2019
gs-as-nag-018,teaboard_final_notice,"Registered tea garden #2062 in Nagaon, Assam.",Tea Board Final Notice 2019
gs-as-nag-019,teaboard_final_notice,"Registered tea garden #2647 in Nagaon, Assam.",Tea Board Final Notice 2019
gs-as-nag-020,teaboard_final_notice,"Registered tea garden #2325 in Nagaon, Assam.",Tea Board Final Notice 2019
gs-as-lak-011,teaboard_final_notice,"Registered tea garden #2462 in Lakhimpur, Assam.",Tea Board Final Notice 2019
gs-as-siv-001,teaboard_final_notice,"Registered tea garden #2783 in Sivasagar, Assam.",Tea Board Final Notice 2019
gs-as-siv-002,teaboard_final_notice,"Registered tea garden #2104 in Sivasagar, Assam.",Tea Board Final Notice 2019
gs-as-siv-003,teaboard_final_notice,"Registered tea garden #G-50 in Sivasagar, Assam.",Tea Board Final Notice 2019
gs-as-siv-004,teaboard_final_notice,"Registered tea garden #2669 in Sivasagar, Assam.",Tea Board Final Notice 2019
gs-as-siv-005,teaboard_final_notice,"Registered tea garden #2744 in Sivasagar, Assam.",Tea Board Final Notice 2019
gs-as-siv-006,teaboard_final_notice,"Registered tea garden #G-51 in Sivasagar, Assam.",Tea Board Final Notice 2019
gs-as-siv-007,teaboard_final_notice,"Registered tea garden #2887 in Sivasagar, Assam.",Tea Board Final Notice 2019
gs-as-siv-008,teaboard_final_notice,"Registered tea garden #2160 (1058) in Sivasagar, Assam.",Tea Board Final Notice 2019
gs-as-siv-009,teaboard_final_notice,"Registered tea garden #1/1(RC-103) in Sivasagar, Assam.",Tea Board Final Notice 2019
gs-as-siv-010,teaboard_final_notice,"Registered tea garden #D-49 in Sivasagar, Assam.",Tea Board Final Notice 2019
gs-as-siv-011,teaboard_final_notice,"Registered tea garden #2495 in Sivasagar, Assam.",Tea Board Final Notice 2019
gs-as-siv-012,teaboard_final_notice,"Registered tea garden #C-74 in Sivasagar, Assam.",Tea Board Final Notice 2019
gs-as-siv-013,teaboard_final_notice,"Registered tea garden #1/2 (RC-1040 in Sivasagar, Assam.",Tea Board Final Notice 2019
gs-as-siv-014,teaboard_final_notice,"Registered tea garden #2794 in Sivasagar, Assam.",Tea Board Final Notice 2019
gs-as-siv-015,teaboard_final_notice,"Registered tea garden #4367 in Sivasagar, Assam.",Tea Board Final Notice 2019
gs-as-siv-016,teaboard_final_notice,"Registered tea garden #1053 in Sivasagar, Assam.",Tea Board Final Notice 2019
gs-as-siv-017,teaboard_final_notice,"Registered tea garden #330 in Sivasagar, Assam.",Tea Board Final Notice 2019
gs-as-siv-018,teaboard_final_notice,"Registered tea garden #H-6 in Sivasagar, Assam.",Tea Board Final Notice 2019
gs-as-siv-019,teaboard_final_notice,"Registered tea garden #2386 in Sivasagar, Assam.",Tea Board Final Notice 2019
gs-as-siv-020,teaboard_final_notice,"Registered tea garden #239 in Sivasagar, Assam.",Tea Board Final Notice 2019
gs-as-siv-021,teaboard_final_notice,"Registered tea garden #2541 in Sivasagar, Assam.",Tea Board Final Notice 2019
gs-as-siv-022,teaboard_final_notice,"Registered tea garden #130 (RC-213) in Sivasagar, Assam.",Tea Board Final Notice 2019
gs-as-siv-023,teaboard_final_notice,"Registered tea garden #2161 in Sivasagar, Assam.",Tea Board Final Notice 2019
gs-as-siv-024,teaboard_final_notice,"Registered tea garden #1299 in Sivasagar, Assam.",Tea Board Final Notice 2019
gs-as-siv-025,teaboard_final_notice,"Registered tea garden #344 in Sivasagar, Assam.",Tea Board Final Notice 2019
gs-as-siv-026,teaboard_final_notice,"Registered tea garden #2466 in Sivasagar, Assam.",Tea Board Final Notice 2019
gs-as-siv-027,teaboard_final_notice,"Registered tea garden #D-34 in Sivasagar, Assam.",Tea Board Final Notice 2019
gs-as-son-001,teaboard_final_notice,"Registered tea garden #D-38 in Sonitpur, Assam.",Tea Board Final Notice 2019
gs-as-son-002,teaboard_final_notice,"Registered tea garden #1904 in Sonitpur, Assam.",Tea Board Final Notice 2019
gs-as-son-003,teaboard_final_notice,"Registered tea garden #138 in Sonitpur, Assam.",Tea Board Final Notice 2019
gs-as-son-004,teaboard_final_notice,"Registered tea garden #D-7 in Sonitpur, Assam.",Tea Board Final Notice 2019
gs-as-son-005,teaboard_final_notice,"Registered tea garden #11 in Sonitpur, Assam.",Tea Board Final Notice 2019
gs-as-son-006,teaboard_final_notice,"Registered tea garden #2324 in Sonitpur, Assam.",Tea Board Final Notice 2019
gs-as-son-007,teaboard_final_notice,"Registered tea garden #Q-27 in Sonitpur, Assam.",Tea Board Final Notice 2019
gs-as-son-008,teaboard_final_notice,"Registered tea garden #84 in Sonitpur, Assam.",Tea Board Final Notice 2019
gs-as-son-009,teaboard_final_notice,"Registered tea garden #2530 in Sonitpur, Assam.",Tea Board Final Notice 2019
gs-as-son-010,teaboard_final_notice,"Registered tea garden #2016 in Sonitpur, Assam.",Tea Board Final Notice 2019
gs-as-son-011,teaboard_final_notice,"Registered tea garden #141 in Sonitpur, Assam.",Tea Board Final Notice 2019
gs-as-son-012,teaboard_final_notice,"Registered tea garden #D-12 in Sonitpur, Assam.",Tea Board Final Notice 2019
gs-as-son-013,teaboard_final_notice,"Registered tea garden #452 in Sonitpur, Assam.",Tea Board Final Notice 2019
gs-as-son-014,teaboard_final_notice,"Registered tea garden #Q-34 in Sonitpur, Assam.",Tea Board Final Notice 2019
gs-as-son-015,corporate_registry,Operated by McLeod Russel India Limited.,Tea Board Register & Annual Filings
gs-as-son-016,teaboard_final_notice,"Registered tea garden #1664 in Sonitpur, Assam.",Tea Board Final Notice 2019
gs-as-son-017,teaboard_final_notice,"Registered tea garden #2414(RC-232) in Sonitpur, Assam.",Tea Board Final Notice 2019
gs-as-son-018,teaboard_final_notice,"Registered tea garden #Q-28 in Sonitpur, Assam.",Tea Board Final Notice 2019
gs-as-son-019,teaboard_final_notice,"Registered tea garden #2392 in Sonitpur, Assam.",Tea Board Final Notice 2019
gs-as-son-020,teaboard_final_notice,"Registered tea garden #2389 in Sonitpur, Assam.",Tea Board Final Notice 2019
gs-as-son-021,corporate_registry,Operated by Amalgamated Plantations Private Limited (Tata).,Tea Board Register & Annual Filings
gs-as-son-022,teaboard_final_notice,"Registered tea garden #2522 in Sonitpur, Assam.",Tea Board Final Notice 2019
gs-as-son-023,teaboard_final_notice,"Registered tea garden #329 in Sonitpur, Assam.",Tea Board Final Notice 2019
gs-as-son-024,corporate_registry,Operated by McLeod Russel India Limited.,Tea Board Register & Annual Filings
gs-as-son-025,teaboard_final_notice,"Registered tea garden #D-4 in Sonitpur, Assam.",Tea Board Final Notice 2019
gs-as-son-026,official_pilot_audit,Verified operation. 50.66 Ha. Ownership: Baghbari Tea Company Private Limited. Decision maker: Mahendra Kumar Goenka.,https://ocmms.nic.in/OCMMS_NEW/getData.action?application=approved&district=TINSUKIA&state=Assam&status=consent&yearFrom=2014&yearTo=2024|https://www.atppf.nic.in/gardens.html|https://www.scribd.com/document/447358013/Tea-Directory-Assam-pdf
gs-as-son-027,teaboard_final_notice,"Registered tea garden #C/52 in Sonitpur, Assam.",Tea Board Final Notice 2019
gs-as-son-028,teaboard_final_notice,"Registered tea garden #2481 in Sonitpur, Assam.",Tea Board Final Notice 2019
gs-as-son-029,teaboard_final_notice,"Registered tea garden #114 in Sonitpur, Assam.",Tea Board Final Notice 2019
gs-as-son-030,teaboard_final_notice,"Registered tea garden #Q-5 in Sonitpur, Assam.",Tea Board Final Notice 2019
gs-as-son-031,teaboard_final_notice,"Registered tea garden #273 in Sonitpur, Assam.",Tea Board Final Notice 2019
gs-as-son-032,corporate_registry,Operated by Goodricke Group Limited.,Tea Board Register & Annual Filings
gs-as-son-033,teaboard_final_notice,"Registered tea garden #E-28 (D-28) in Sonitpur, Assam.",Tea Board Final Notice 2019
gs-as-son-034,teaboard_final_notice,"Registered tea garden #2439 in Sonitpur, Assam.",Tea Board Final Notice 2019
gs-as-son-035,teaboard_final_notice,"Registered tea garden #D-8 in Sonitpur, Assam.",Tea Board Final Notice 2019
gs-as-son-036,teaboard_final_notice,"Registered tea garden #2425 in Sonitpur, Assam.",Tea Board Final Notice 2019
gs-as-son-037,teaboard_final_notice,"Registered tea garden #37 in Sonitpur, Assam.",Tea Board Final Notice 2019
gs-as-son-038,teaboard_final_notice,"Registered tea garden #V-2 in Sonitpur, Assam.",Tea Board Final Notice 2019
gs-as-son-039,teaboard_final_notice,"Registered tea garden #N-6 in Sonitpur, Assam.",Tea Board Final Notice 2019
gs-as-son-040,teaboard_final_notice,"Registered tea garden #358 in Sonitpur, Assam.",Tea Board Final Notice 2019
gs-as-son-041,teaboard_final_notice,"Registered tea garden #C/40 in Sonitpur, Assam.",Tea Board Final Notice 2019
gs-as-son-042,teaboard_final_notice,"Registered tea garden #2449 in Sonitpur, Assam.",Tea Board Final Notice 2019
gs-as-son-043,corporate_registry,Operated by McLeod Russel India Limited.,Tea Board Register & Annual Filings
gs-as-tin-001,teaboard_final_notice,"Registered tea garden #H-29 in Tinsukia, Assam.",Tea Board Final Notice 2019
gs-as-tin-002,teaboard_final_notice,"Registered tea garden #3 in Tinsukia, Assam.",Tea Board Final Notice 2019
gs-as-tin-003,official_pilot_audit,Verified operation. 189.28 Ha. Ownership: Sookerating Tea Estate Private Limited. Decision maker: Kanhaiya Agarwalla.,https://www.atppf.nic.in/gardens.html|https://www.commerce.gov.in/wp-content/uploads/2021/03/LOK-SABHA-17.3.2021-1.pdf|https://www.thecompanycheck.com/company/sookerating-tea-estate-pvt-ltd/U01132AS1998PTC005376
gs-as-tin-004,teaboard_final_notice,"Registered tea garden #284 in Tinsukia, Assam.",Tea Board Final Notice 2019
gs-as-tin-005,teaboard_final_notice,"Registered tea garden #RC-730 in Tinsukia, Assam.",Tea Board Final Notice 2019
gs-as-tin-006,teaboard_final_notice,"Registered tea garden #2776 in Tinsukia, Assam.",Tea Board Final Notice 2019
gs-as-tin-007,teaboard_final_notice,"Registered tea garden #2603 in Tinsukia, Assam.",Tea Board Final Notice 2019
gs-as-tin-008,teaboard_final_notice,"Registered tea garden #1385 in Tinsukia, Assam.",Tea Board Final Notice 2019
gs-as-tin-009,corporate_registry,Operated by McLeod Russel India Limited.,Tea Board Register & Annual Filings
gs-as-tin-010,teaboard_final_notice,"Registered tea garden #NA in Tinsukia, Assam.",Tea Board Final Notice 2019
gs-as-tin-011,teaboard_final_notice,"Registered tea garden #2599 in Tinsukia, Assam.",Tea Board Final Notice 2019
gs-as-tin-012,teaboard_final_notice,"Registered tea garden #D-25 in Tinsukia, Assam.",Tea Board Final Notice 2019
gs-as-tin-013,teaboard_final_notice,"Registered tea garden #587 in Tinsukia, Assam.",Tea Board Final Notice 2019
gs-as-tin-014,official_pilot_audit,Verified operation. 182.64 Ha. Ownership: Lankashi Tea and Seed Estates Private Limited. Decision maker: Sandeep Boruah.,https://www.atppf.nic.in/gardens.html|https://lei.bloomberg.com/leis/view/984500DDFAB4D36PDC31|https://www.indiafilings.com/search/lankashi-tea-seed-estates-pvt-ltd-cin-U01132AS1948PTC000836
gs-as-tin-015,teaboard_final_notice,"Registered tea garden #2535 in Tinsukia, Assam.",Tea Board Final Notice 2019
gs-as-tin-016,teaboard_final_notice,"Registered tea garden #B-79 in Tinsukia, Assam.",Tea Board Final Notice 2019
gs-as-tin-017,teaboard_final_notice,"Registered tea garden #D-61 in Tinsukia, Assam.",Tea Board Final Notice 2019
gs-as-tin-018,official_pilot_audit,Verified operation. 59.48 Ha. Ownership: Ghanashyam Lahoti proprietorship. Decision maker: Ghanashyam Lahoti.,https://www.teaboard.gov.in/pdf/Final_Notice_to_all_registered_tea_planters_pdf2724.pdf|https://www.commerce.gov.in/wp-content/uploads/2021/03/LOK-SABHA-17.3.2021-1.pdf|https://northeastlivetv.com/around-ne/assam/assam-around-ne/after-33-years-in-makeshift-camps-30-flood-displaced-families-receive-land-in-tinsukia/
gs-as-tin-019,teaboard_final_notice,"Registered tea garden #RC-267 in Tinsukia, Assam.",Tea Board Final Notice 2019
gs-as-tin-020,teaboard_final_notice,"Registered tea garden #J-7 in Tinsukia, Assam.",Tea Board Final Notice 2019
gs-as-tin-021,official_pilot_audit,Verified operation. 195.65 Ha. Ownership: J.N. Sarma and other HUF legal heirs. Decision maker: Priyanka Bhattacharjee.,https://www.atppf.nic.in/gardens.html|https://indiankanoon.org/doc/40779109/|https://aagta.synthasite.com/resources/List%20Of%20Registered%20Tea%20Estates.pdf
gs-as-tin-022,teaboard_final_notice,"Registered tea garden #2636 in Tinsukia, Assam.",Tea Board Final Notice 2019
gs-as-tin-023,corporate_registry,Operated by Warren Tea Limited.,Tea Board Register & Annual Filings
gs-as-tin-024,corporate_registry,Operated by Goodricke Group Limited.,Tea Board Register & Annual Filings
gs-as-tin-025,teaboard_final_notice,"Registered tea garden #H-3 in Tinsukia, Assam.",Tea Board Final Notice 2019
gs-as-tin-026,teaboard_final_notice,"Registered tea garden #Not Available in Tinsukia, Assam.",Tea Board Final Notice 2019
gs-as-tin-027,teaboard_final_notice,"Registered tea garden #2761 in Tinsukia, Assam.",Tea Board Final Notice 2019
gs-as-tin-028,teaboard_final_notice,"Registered tea garden #H-33 in Tinsukia, Assam.",Tea Board Final Notice 2019
gs-as-tin-029,corporate_registry,Operated by Warren Tea Limited.,Tea Board Register & Annual Filings
gs-as-tin-030,teaboard_final_notice,"Registered tea garden #2246 in Tinsukia, Assam.",Tea Board Final Notice 2019
gs-as-tin-031,teaboard_final_notice,"Registered tea garden #2566 in Tinsukia, Assam.",Tea Board Final Notice 2019
gs-as-tin-032,teaboard_final_notice,"Registered tea garden #2488 in Tinsukia, Assam.",Tea Board Final Notice 2019
gs-as-tin-033,teaboard_final_notice,"Registered tea garden #936 in Tinsukia, Assam.",Tea Board Final Notice 2019
gs-as-tin-034,teaboard_final_notice,"Registered tea garden #415 in Tinsukia, Assam.",Tea Board Final Notice 2019
gs-as-tin-035,official_pilot_audit,Verified operation. 184.62 Ha. Ownership: Chandmari Tea Co Pvt Ltd. Decision maker: Dindayal Verma.,https://www.atppf.nic.in/gardens.html|https://www.commerce.gov.in/wp-content/uploads/2021/03/LOK-SABHA-17.3.2021-1.pdf|https://commerce.gov.in/wp-content/uploads/2022/02/1251_merged.pdf
gs-as-tin-036,teaboard_final_notice,"Registered tea garden #2537 in Tinsukia, Assam.",Tea Board Final Notice 2019
gs-as-tin-037,teaboard_final_notice,"Registered tea garden #2878 in Tinsukia, Assam.",Tea Board Final Notice 2019
gs-as-tin-038,teaboard_final_notice,"Registered tea garden #12 in Tinsukia, Assam.",Tea Board Final Notice 2019
gs-as-tin-039,teaboard_final_notice,"Registered tea garden #2435 in Tinsukia, Assam.",Tea Board Final Notice 2019
gs-as-tin-040,teaboard_final_notice,"Registered tea garden #10 in Tinsukia, Assam.",Tea Board Final Notice 2019
gs-as-tin-041,teaboard_final_notice,"Registered tea garden #2607 in Tinsukia, Assam.",Tea Board Final Notice 2019
gs-as-tin-042,teaboard_final_notice,"Registered tea garden #269 in Tinsukia, Assam.",Tea Board Final Notice 2019
gs-as-tin-043,teaboard_final_notice,"Registered tea garden #2485 in Tinsukia, Assam.",Tea Board Final Notice 2019
gs-as-tin-044,teaboard_final_notice,"Registered tea garden #C-45 in Tinsukia, Assam.",Tea Board Final Notice 2019
gs-as-tin-045,corporate_registry,Operated by Dhunseri Tea & Industries Limited.,Tea Board Register & Annual Filings
gs-as-tin-046,official_pilot_audit,Verified operation. 50.66 Ha. Ownership: Baghbari Tea Company Private Limited. Decision maker: Mahendra Kumar Goenka.,https://ocmms.nic.in/OCMMS_NEW/getData.action?application=approved&district=TINSUKIA&state=Assam&status=consent&yearFrom=2014&yearTo=2024|https://www.atppf.nic.in/gardens.html|https://www.scribd.com/document/447358013/Tea-Directory-Assam-pdf
gs-as-tin-047,teaboard_final_notice,"Registered tea garden #30 in Tinsukia, Assam.",Tea Board Final Notice 2019
gs-as-tin-048,teaboard_final_notice,"Registered tea garden #2749 in Tinsukia, Assam.",Tea Board Final Notice 2019
gs-as-tin-049,teaboard_final_notice,"Registered tea garden #2696-2697 in Tinsukia, Assam.",Tea Board Final Notice 2019
gs-as-tin-050,teaboard_final_notice,"Registered tea garden #2563 in Tinsukia, Assam.",Tea Board Final Notice 2019
gs-as-tin-051,official_pilot_audit,Verified operation. Official 2024 pollution-consent results support current tea processing; CRISIL reports a four-estate group covering about 281 ha; individual estate area and workforce unknown. Ownership: The Ananda Bag Tea Company Limited. Decision maker: .,https://ocmms.nic.in/OCMMS_NEW/getData.action?application=approved&district=TINSUKIA&state=Assam&status=consent&yearFrom=2014&yearTo=2024|https://ttwd.assam.gov.in/frontimpotentdata/list-of-tea-garden-at-assam|https://mail.anandabag.com/data/Abag-Hundred-Annual%20Report%202022.pdf|https://www.anandabag.com/
gs-as-tin-052,teaboard_final_notice,"Registered tea garden #2731 in Tinsukia, Assam.",Tea Board Final Notice 2019
gs-as-tin-053,teaboard_final_notice,"Registered tea garden #2606 in Tinsukia, Assam.",Tea Board Final Notice 2019
gs-as-tin-054,teaboard_final_notice,"Registered tea garden #960 in Tinsukia, Assam.",Tea Board Final Notice 2019
gs-as-tin-055,teaboard_final_notice,"Registered tea garden #315 in Tinsukia, Assam.",Tea Board Final Notice 2019
gs-as-tin-056,teaboard_final_notice,"Registered tea garden #J-5 in Tinsukia, Assam.",Tea Board Final Notice 2019
gs-as-tin-057,corporate_registry,Operated by Apeejay Tea Limited (Assam Frontier).,Tea Board Register & Annual Filings
gs-as-tin-058,teaboard_final_notice,"Registered tea garden #23 in Tinsukia, Assam.",Tea Board Final Notice 2019
gs-as-tin-059,official_pilot_audit,Verified operation. 51.70 Ha. Ownership: Balabux Laxmi Narayan partnership - current group fit unresolved. Decision maker: Vivek Agarwal.,https://ocmms.nic.in/OCMMS_NEW/getData.action?application=approved&district=TINSUKIA&state=Assam&status=consent&yearFrom=2014&yearTo=2024|https://www.commerce.gov.in/wp-content/uploads/2021/03/LOK-SABHA-17.3.2021-1.pdf|https://lei.bloomberg.com/leis/view/984500CCD89E3ED15794
gs-as-tin-060,teaboard_final_notice,"Registered tea garden #392 in Tinsukia, Assam.",Tea Board Final Notice 2019
gs-as-tin-061,teaboard_final_notice,"Registered tea garden #2605 in Tinsukia, Assam.",Tea Board Final Notice 2019
gs-as-tin-062,corporate_registry,Operated by Assam Company India Limited (BRS Group).,Tea Board Register & Annual Filings
gs-as-tin-063,corporate_registry,Operated by Assam Company India Limited (BRS Group).,Tea Board Register & Annual Filings
gs-as-tin-064,corporate_registry,Operated by Warren Tea Limited.,Tea Board Register & Annual Filings
gs-as-tin-065,official_pilot_audit,Verified operation. 124.94 Ha. Ownership: Gangabari Tea Company Private Limited. Decision maker: Paresh Patwari.,https://ocmms.nic.in/OCMMS_NEW/getData.action?application=approved&district=TINSUKIA&state=Assam&status=consent&yearFrom=2014&yearTo=2024|https://www.teaboard.gov.in/pdf/Final_Notice_to_all_registered_tea_planters_pdf2724.pdf|https://www.commerce.gov.in/wp-content/uploads/2021/03/LOK-SABHA-17.3.2021-1.pdf
gs-as-tin-066,corporate_registry,Operated by Warren Tea Limited.,Tea Board Register & Annual Filings
gs-as-tin-067,corporate_registry,Operated by Dhunseri Tea & Industries Limited.,Tea Board Register & Annual Filings
gs-as-tin-068,teaboard_final_notice,"Registered tea garden #2745 in Tinsukia, Assam.",Tea Board Final Notice 2019
gs-as-tin-069,teaboard_final_notice,"Registered tea garden #535 in Tinsukia, Assam.",Tea Board Final Notice 2019
gs-as-tin-070,official_pilot_audit,Verified operation. 258.25 Ha. Ownership: Gillapukri Tea Company Limited. Decision maker: .,https://www.atppf.nic.in/gardens.html|https://www.commerce.gov.in/wp-content/uploads/2021/03/LOK-SABHA-17.3.2021-1.pdf|https://www.zaubacorp.com/GILLAPUKRI-TEA-CO-LIMITED-U01132WB1997PLC083328
gs-as-tin-071,teaboard_final_notice,"Registered tea garden #2869 in Tinsukia, Assam.",Tea Board Final Notice 2019
gs-as-tin-072,teaboard_final_notice,"Registered tea garden #1932 in Tinsukia, Assam.",Tea Board Final Notice 2019
gs-as-tin-073,teaboard_final_notice,"Registered tea garden #2602 in Tinsukia, Assam.",Tea Board Final Notice 2019
gs-as-tin-074,teaboard_final_notice,"Registered tea garden #109 in Tinsukia, Assam.",Tea Board Final Notice 2019
gs-as-tin-075,teaboard_final_notice,"Registered tea garden #2724 in Tinsukia, Assam.",Tea Board Final Notice 2019
gs-as-tin-076,official_pilot_audit,Verified operation. Organized Plantation. Ownership: Segunbari Tea Company Limited. Decision maker: .,https://ocmms.nic.in/OCMMS_NEW/getData.action?application=approved&district=TINSUKIA&state=Assam&status=consent&yearFrom=2014&yearTo=2024|https://www.teaboard.gov.in/pdf/Final_Notice_to_all_registered_tea_planters_pdf2724.pdf|https://www.zaubacorp.com/company/SEGUNBARI-TEA-CO-LTD/U15491WB1983PLC036106
gs-as-tin-077,teaboard_final_notice,"Registered tea garden #2506 in Tinsukia, Assam.",Tea Board Final Notice 2019
gs-as-tin-078,official_pilot_audit,Verified operation. 141.71 Ha. Ownership: Sankar Tea Company Private Limited. Decision maker: Ashok Kumar Lohia.,https://ocmms.nic.in/OCMMS_NEW/industryLogin.action%3Bjsessionid%3DBFE690BEAC9A439B0930999D2F69677C?district=Tinsukia&indUserId=I2020RG4181&state=Assam&status=consent|https://sansad.in/getFile/loksabhaquestions/annex/175/AU3633.pdf?source=pqals
gs-as-tin-079,teaboard_final_notice,"Registered tea garden #2486 in Tinsukia, Assam.",Tea Board Final Notice 2019
gs-as-tin-080,teaboard_final_notice,"Registered tea garden #2708(NC) in Tinsukia, Assam.",Tea Board Final Notice 2019
gs-as-tin-081,official_pilot_audit,Verified operation. 120.88 Ha. Ownership: Sadasiva Tea Company Private Limited. Decision maker: Mitali Chakravarty.,https://www.teaboard.gov.in/pdf/Final_Notice_to_all_registered_tea_planters_pdf2724.pdf|https://www.commerce.gov.in/wp-content/uploads/2021/03/LOK-SABHA-17.3.2021-1.pdf|https://www.zaubacorp.com/SADASIVA-TEA-CO-PVT-LTD-U01132AS1967PTC001285
gs-as-tin-082,teaboard_final_notice,"Registered tea garden #3897 in Tinsukia, Assam.",Tea Board Final Notice 2019
gs-as-tin-083,teaboard_final_notice,"Registered tea garden #74 in Tinsukia, Assam.",Tea Board Final Notice 2019
gs-as-tin-084,corporate_registry,Operated by Apeejay Tea Limited (Assam Frontier).,Tea Board Register & Annual Filings
gs-as-tin-085,teaboard_final_notice,"Registered tea garden #2890/ASTIMAP 881 in Tinsukia, Assam.",Tea Board Final Notice 2019
gs-as-tin-086,teaboard_final_notice,"Registered tea garden #2487 in Tinsukia, Assam.",Tea Board Final Notice 2019
gs-as-tin-087,teaboard_final_notice,"Registered tea garden #Not Available in Tinsukia, Assam.",Tea Board Final Notice 2019
gs-as-tin-088,teaboard_final_notice,"Registered tea garden #2247 in Tinsukia, Assam.",Tea Board Final Notice 2019
gs-as-tin-089,official_pilot_audit,Verified operation. 51.70 Ha. Ownership: Balabux Laxmi Narayan partnership - current group fit unresolved. Decision maker: Vivek Agarwal.,https://ocmms.nic.in/OCMMS_NEW/getData.action?application=approved&district=TINSUKIA&state=Assam&status=consent&yearFrom=2014&yearTo=2024|https://www.commerce.gov.in/wp-content/uploads/2021/03/LOK-SABHA-17.3.2021-1.pdf|https://lei.bloomberg.com/leis/view/984500CCD89E3ED15794
gs-as-tin-090,corporate_registry,Operated by Warren Tea Limited.,Tea Board Register & Annual Filings
gs-as-tin-091,corporate_registry,Operated by Assam Company India Limited (BRS Group).,Tea Board Register & Annual Filings
gs-as-tin-092,official_pilot_audit,Verified operation. 115.85 Ha. Ownership: Prabhat Tea Estate Assam Private Limited. Decision maker: Prabhudayal Beriwal.,https://www.atppf.nic.in/gardens.html|https://www.commerce.gov.in/wp-content/uploads/2021/03/LOK-SABHA-17.3.2021-1.pdf|https://www.tofler.in/prabhat-tea-estate-assam-private-limited/company/U15491AS1993PTC003940
gs-as-tin-093,teaboard_final_notice,"Registered tea garden #11 in Tinsukia, Assam.",Tea Board Final Notice 2019
gs-as-uda-001,corporate_registry,Operated by McLeod Russel India Limited.,Tea Board Register & Annual Filings
gs-as-uda-002,corporate_registry,Operated by Goodricke Group Limited.,Tea Board Register & Annual Filings
gs-as-uda-003,teaboard_final_notice,"Registered tea garden #J-23 in Udalguri, Assam.",Tea Board Final Notice 2019
gs-as-uda-004,corporate_registry,Operated by Goodricke Group Limited.,Tea Board Register & Annual Filings
gs-as-uda-005,corporate_registry,Operated by Amalgamated Plantations Private Limited (Tata).,Tea Board Register & Annual Filings
gs-as-uda-006,teaboard_final_notice,"Registered tea garden #D-18 in Udalguri, Assam.",Tea Board Final Notice 2019
