tb_sno,estate_name,tb_reg_no,state,district,raw_entry
28,FATEMABAD TEA ESTATE,36,Assam,Baksa,FATEMABAD TEA ESTATE 36 ASSAM BAKSA
29,MENOKA TEA ESTATE,1764 (RC-530),Assam,Baksa,MENOKA TEA ESTATE 1764 (RC-530) ASSAM BAKSA
30,BEHALI TEA ESTATE,D-27,Assam,Biswanath,BEHALI TEA ESTATE D-27 ASSAM BISWANATH
31,BORGAON T.E,3046,Assam,Biswanath,BORGAON T.E 3046 ASSAM BISWANATH
32,DHULLIE TEA ESTATE,V-4,Assam,Biswanath,DHULLIE TEA ESTATE V-4 ASSAM BISWANATH
33,KETTELA TEA ESTATE,2536,Assam,Biswanath,KETTELA TEA ESTATE 2536 ASSAM BISWANATH
34,MAJULIGHUR,D-29,Assam,Biswanath,MAJULIGHUR D-29 ASSAM BISWANATH
35,MAHALUXMI TEA ESTATE,70,Assam,Biswanath,MAHALUXMI TEA ESTATE 70 ASSAM BISWANATH
36,GINGIA,N/26,Assam,Biswanath,GINGIA N/26 ASSAM BISWANATH
37,HALEM,N-27,Assam,Biswanath,HALEM N-27 ASSAM BISWANATH
38,MONABARIE,N-22,Assam,Biswanath,MONABARIE N-22 ASSAM BISWANATH
39,MIJICAJAN,D-28,Assam,Biswanath,MIJICAJAN D-28 ASSAM BISWANATH
40,NEWPURUPBARI,2464,Assam,Biswanath,NEWPURUPBARI 2464 ASSAM BISWANATH
41,NIRMALA T.E,105,Assam,Biswanath,NIRMALA T.E 105 ASSAM BISWANATH
42,NYA GOGRA T.E,N-28,Assam,Biswanath,NYA GOGRA T.E N-28 ASSAM BISWANATH
43,PERTABGHUR TEA ESTATE,D/6,Assam,Biswanath,PERTABGHUR TEA ESTATE D/6 ASSAM BISWANATH
44,TEZALPATTY TEA ESTATE,2874,Assam,Biswanath,TEZALPATTY TEA ESTATE 2874 ASSAM BISWANATH
45,SRILA TE,3028,Assam,Cachar,SRILA TE 3028 ASSAM CACHAR
46,SUBONG TEA(PRITHVI TEA CO PVT LTD),2513,Assam,Cachar,SUBONG TEA(PRITHVI TEA CO PVT LTD) 2513 ASSAM CACHAR
47,PATHECHERRA TEA ESTATE,1880,Assam,Cachar,PATHECHERRA TEA ESTATE 1880 ASSAM CACHAR
48,PALLORBUND,2424,Assam,Cachar,PALLORBUND 2424 ASSAM CACHAR
49,RUKNI TE,2429,Assam,Cachar,RUKNI TE 2429 ASSAM CACHAR
50,ROSEKANDY TE,2217,Assam,Cachar,ROSEKANDY TE 2217 ASSAM CACHAR
51,RUTTONPORE TE,2289,Assam,Cachar,RUTTONPORE TE 2289 ASSAM CACHAR
52,RAHMAN NAGAR,76,Assam,Cachar,RAHMAN NAGAR 76 ASSAM CACHAR
53,RAMPORE TE,2402,Assam,Cachar,RAMPORE TE 2402 ASSAM CACHAR
54,POLOI TE,2239,Assam,Cachar,POLOI TE 2239 ASSAM CACHAR
55,URRUNABUND TE,2029,Assam,Cachar,URRUNABUND TE 2029 ASSAM CACHAR
56,WEST JALINGA TE,2451,Assam,Cachar,WEST JALINGA TE 2451 ASSAM CACHAR
57,SILCURI,2403,Assam,Cachar,SILCURI 2403 ASSAM CACHAR
58,HILARA TE,2380,Assam,Cachar,HILARA TE 2380 ASSAM CACHAR
59,IRINGMARA TEA ESTATE,2007,Assam,Cachar,IRINGMARA TEA ESTATE 2007 ASSAM CACHAR
60,INDRAGARH TE,2964,Assam,Cachar,INDRAGARH TE 2964 ASSAM CACHAR
61,JATINGA VALLEY TE,2055,Assam,Cachar,JATINGA VALLEY TE 2055 ASSAM CACHAR
62,JELLALPORE TEA ESTATE,2568,Assam,Cachar,JELLALPORE TEA ESTATE 2568 ASSAM CACHAR
63,JHIRIGHAT TE,H-9,Assam,Cachar,JHIRIGHAT TE H-9 ASSAM CACHAR
64,MONIIERKHAL TE,2337,Assam,Cachar,MONIIERKHAL TE 2337 ASSAM CACHAR
65,HATTICHERRA TE,2512,Assam,Cachar,HATTICHERRA TE 2512 ASSAM CACHAR
66,DWARBUND TE,2451,Assam,Cachar,DWARBUND TE 2451 ASSAM CACHAR
67,DILKHOOSH TE,2432,Assam,Cachar,DILKHOOSH TE 2432 ASSAM CACHAR
68,DOOLOOGRAM TE,2166,Assam,Cachar,DOOLOOGRAM TE 2166 ASSAM CACHAR
69,DOLOO TE,2474,Assam,Cachar,DOLOO TE 2474 ASSAM CACHAR
70,MADOORA TE,288,Assam,Cachar,MADOORA TE 288 ASSAM CACHAR
71,MARTYCHERRA TE,2098,Assam,Cachar,MARTYCHERRA TE 2098 ASSAM CACHAR
72,LARSINGAH TE,2391,Assam,Cachar,LARSINGAH TE 2391 ASSAM CACHAR
73,LABAC,2470,Assam,Cachar,LABAC 2470 ASSAM CACHAR
74,LAKHIPORE,2177,Assam,Cachar,LAKHIPORE 2177 ASSAM CACHAR
75,KOOMBER TEA ESTATE,2653,Assam,Cachar,KOOMBER TEA ESTATE 2653 ASSAM CACHAR
76,KAILASHPUR TE,2679,Assam,Cachar,KAILASHPUR TE 2679 ASSAM CACHAR
77,KALLINECHERRA,C-10,Assam,Cachar,KALLINECHERRA C-10 ASSAM CACHAR
78,KALLINE TE,2569,Assam,Cachar,KALLINE TE 2569 ASSAM CACHAR
79,KHOREEL TEA ESTATE,2060,Assam,Cachar,KHOREEL TEA ESTATE 2060 ASSAM CACHAR
80,BICRAMPORE T.E.,2309,Assam,Cachar,BICRAMPORE T.E. 2309 ASSAM CACHAR
81,BINNAKANDY T.E,2437,Assam,Cachar,BINNAKANDY T.E 2437 ASSAM CACHAR
82,BOROKAI T.E,2384,Assam,Cachar,BOROKAI T.E 2384 ASSAM CACHAR
83,BOROJALINGAH T.E.,2340,Assam,Cachar,BOROJALINGAH T.E. 2340 ASSAM CACHAR
84,BURTOLL T.E,2469,Assam,Cachar,BURTOLL T.E 2469 ASSAM CACHAR
85,CHANDIGHAT T.E.,2540,Assam,Cachar,CHANDIGHAT T.E. 2540 ASSAM CACHAR
86,COOMBERGRAM,C-2,Assam,Cachar,COOMBERGRAM C-2 ASSAM CACHAR
87,CRAIGPARK T.E.,2369(2368),Assam,Cachar,CRAIGPARK T.E. 2369(2368) ASSAM CACHAR
88,DEGUBBER T.E,2163,Assam,Cachar,DEGUBBER T.E 2163 ASSAM CACHAR
89,DERBY T.E,2350,Assam,Cachar,DERBY T.E 2350 ASSAM CACHAR
90,DEWAN TE,2468,Assam,Cachar,DEWAN TE 2468 ASSAM CACHAR
91,BENODNAGAR T.E,110,Assam,Cachar,BENODNAGAR T.E 110 ASSAM CACHAR
92,BHUBANDHAR TEA ESTATE,2460,Assam,Cachar,BHUBANDHAR TEA ESTATE 2460 ASSAM CACHAR
93,BHUVANVALLEY,2035,Assam,Cachar,BHUVANVALLEY 2035 ASSAM CACHAR
94,BAJRANGPUR,2165,Assam,Cachar,BAJRANGPUR 2165 ASSAM CACHAR
95,BALACHERRA TE,1304,Assam,Cachar,BALACHERRA TE 1304 ASSAM CACHAR
96,ALYNEE & NARAINDHAR,2509,Assam,Cachar,ALYNEE & NARAINDHAR 2509 ASSAM CACHAR
97,AMRANAGAR TEA ESTATE,1613,Assam,Cachar,AMRANAGAR TEA ESTATE 1613 ASSAM CACHAR
98,ARCUTTIPORE TE,2332,Assam,Cachar,ARCUTTIPORE TE 2332 ASSAM CACHAR
99,AIDEOBARI TEA ESTATE,2124,Assam,Charaideo,AIDEOBARI TEA ESTATE 2124 ASSAM CHARAIDEO
100,AIDEOPUKHURI TEA ESTATE,1065,Assam,Charaideo,AIDEOPUKHURI TEA ESTATE 1065 ASSAM CHARAIDEO
101,BEHUBOR TE,391,Assam,Charaideo,BEHUBOR TE 391 ASSAM CHARAIDEO
102,BEZBARUAH TEA ESTATE,1675,Assam,Charaideo,BEZBARUAH TEA ESTATE 1675 ASSAM CHARAIDEO
103,BHUYANKHAT,1718,Assam,Charaideo,BHUYANKHAT 1718 ASSAM CHARAIDEO
104,BARASALI TE,2279,Assam,Charaideo,BARASALI TE 2279 ASSAM CHARAIDEO
105,BARUAKHAT,393,Assam,Charaideo,BARUAKHAT 393 ASSAM CHARAIDEO
106,DEEPLING TEA ESTATE,2583,Assam,Charaideo,DEEPLING TEA ESTATE 2583 ASSAM CHARAIDEO
107,BORPATRA TEA GARDEN,K-22,Assam,Charaideo,BORPATRA TEA GARDEN K-22 ASSAM CHARAIDEO
108,BORTIMON TE,2274,Assam,Charaideo,BORTIMON TE 2274 ASSAM CHARAIDEO
109,BORHAT TEA ESTATE,A-49,Assam,Charaideo,BORHAT TEA ESTATE A-49 ASSAM CHARAIDEO
110,CHERIDEO PURBUT T.E,RC-2571,Assam,Charaideo,CHERIDEO PURBUT T.E RC-2571 ASSAM CHARAIDEO
111,BEMOLAPUR,2641,Assam,Charaideo,BEMOLAPUR 2641 ASSAM CHARAIDEO
112,NAHORHABI TEA ESTATE,2203,Assam,Charaideo,NAHORHABI TEA ESTATE 2203 ASSAM CHARAIDEO
113,KHAGORIJAN TE,304 (RC-829),Assam,Charaideo,KHAGORIJAN TE 304 (RC-829) ASSAM CHARAIDEO
114,KHONA TE,2159,Assam,Charaideo,KHONA TE 2159 ASSAM CHARAIDEO
115,MAJIDPUR TEA GARDEN,466,Assam,Charaideo,MAJIDPUR TEA GARDEN 466 ASSAM CHARAIDEO
116,KOLAKATA TEA GARDEN,882,Assam,Charaideo,KOLAKATA TEA GARDEN 882 ASSAM CHARAIDEO
117,LAKILY TEA ESTATE,2891,Assam,Charaideo,LAKILY TEA ESTATE 2891 ASSAM CHARAIDEO
118,LAKSHMIJAN,337,Assam,Charaideo,LAKSHMIJAN 337 ASSAM CHARAIDEO
119,LUKWAH TE,2159,Assam,Charaideo,LUKWAH TE 2159 ASSAM CHARAIDEO
120,MAJIDPUR B TEA GARDEN,466,Assam,Charaideo,MAJIDPUR B TEA GARDEN 466 ASSAM CHARAIDEO
121,DUBBA,3443,Assam,Charaideo,DUBBA 3443 ASSAM CHARAIDEO
122,GHORAJAN,282,Assam,Charaideo,GHORAJAN 282 ASSAM CHARAIDEO
123,GUWATING,2680,Assam,Charaideo,GUWATING 2680 ASSAM CHARAIDEO
124,"HAJUA-KHOOMTAIE G54, G52 (RC-631)",Not Available,Assam,Charaideo,"HAJUA-KHOOMTAIE G54, G52 (RC-631) ASSAM CHARAIDEO"
125,HINGRIJAN TEA ESTATE,2671,Assam,Charaideo,HINGRIJAN TEA ESTATE 2671 ASSAM CHARAIDEO
126,HINGRAJAN,291,Assam,Charaideo,HINGRAJAN 291 ASSAM CHARAIDEO
127,JABOKA TE Q10,Not Available,Assam,Charaideo,JABOKA TE Q10 ASSAM CHARAIDEO
128,MAJIDPUR (A) PART II TEA ESTATE,2499,Assam,Charaideo,MAJIDPUR (A) PART II TEA ESTATE 2499 ASSAM CHARAIDEO
129,MUTTRAPORE TE Q,9,Assam,Charaideo,MUTTRAPORE TE Q 9 ASSAM CHARAIDEO
130,MUKTABARI TEA ESTATE,1900,Assam,Charaideo,MUKTABARI TEA ESTATE 1900 ASSAM CHARAIDEO
131,NAGAHAT TE,3881,Assam,Charaideo,NAGAHAT TE 3881 ASSAM CHARAIDEO
132,NAMDANG,2490,Assam,Charaideo,NAMDANG 2490 ASSAM CHARAIDEO
133,NAPUK TE,Q-8,Assam,Charaideo,NAPUK TE Q-8 ASSAM CHARAIDEO
134,SHREELUXMI TEA ESTATE,305,Assam,Charaideo,SHREELUXMI TEA ESTATE 305 ASSAM CHARAIDEO
135,SHANTIPUR,2687/RC-1239,Assam,Charaideo,SHANTIPUR 2687/RC-1239 ASSAM CHARAIDEO
136,SARUMATHURA TE,386,Assam,Charaideo,SARUMATHURA TE 386 ASSAM CHARAIDEO
137,SALKATHONI,2224,Assam,Charaideo,SALKATHONI 2224 ASSAM CHARAIDEO
138,RATANPUR TE,394,Assam,Charaideo,RATANPUR TE 394 ASSAM CHARAIDEO
139,RANGCHALLI,319,Assam,Charaideo,RANGCHALLI 319 ASSAM CHARAIDEO
140,RAIDANG,319,Assam,Charaideo,RAIDANG 319 ASSAM CHARAIDEO
141,RONGBARI,2447,Assam,Charaideo,RONGBARI 2447 ASSAM CHARAIDEO
142,OUGURIJAN,275,Assam,Charaideo,OUGURIJAN 275 ASSAM CHARAIDEO
143,SUFFRY TEA ESTATE Q,7,Assam,Charaideo,SUFFRY TEA ESTATE Q 7 ASSAM CHARAIDEO
144,SUNDARPUR TEA ESTATE,351/544/2110,Assam,Charaideo,SUNDARPUR TEA ESTATE 351/544/2110 ASSAM CHARAIDEO
145,SUNTOK TEA ESTATE,2570,Assam,Charaideo,SUNTOK TEA ESTATE 2570 ASSAM CHARAIDEO
146,TAIRAI,2652,Assam,Charaideo,TAIRAI 2652 ASSAM CHARAIDEO
147,SOONITPUR TEA ESTATE,2737,Assam,Charaideo,SOONITPUR TEA ESTATE 2737 ASSAM CHARAIDEO
148,SONARIE,2082,Assam,Charaideo,SONARIE 2082 ASSAM CHARAIDEO
149,TINGALIBAM T.E,881,Assam,Charaideo,TINGALIBAM T.E 881 ASSAM CHARAIDEO
150,TIMON TE,2197,Assam,Charaideo,TIMON TE 2197 ASSAM CHARAIDEO
151,TONGANI TEA ESTATE,2081,Assam,Darrang,TONGANI TEA ESTATE 2081 ASSAM DARRANG
152,CHIKONMATI,244,Assam,Darrang,CHIKONMATI 244 ASSAM DARRANG
153,BARGARA,178,Assam,Darrang,BARGARA 178 ASSAM DARRANG
154,CHOIBARI TEA ESTATE,2562,Assam,Dhubri,CHOIBARI TEA ESTATE 2562 ASSAM DHUBRI
155,CHAPAR,164,Assam,Dhubri,CHAPAR 164 ASSAM DHUBRI
156,KRISHNAKALI TEA ESTATE,387,Assam,Dhubri,KRISHNAKALI TEA ESTATE 387 ASSAM DHUBRI
157,"MOHMORA UNIT-II, DEKHARI TEA ESTATE, C/O MAYUR PLANTATION",Not Available,Assam,Dibrugarh,"MOHMORA UNIT-II, DEKHARI TEA ESTATE, C/O MAYUR PLANTATION ASSAM DIBRUGARH"
158,KORANGANI,355,Assam,Dibrugarh,KORANGANI 355 ASSAM DIBRUGARH
159,LAHOALBARI,331,Assam,Dibrugarh,LAHOALBARI 331 ASSAM DIBRUGARH
160,LENGRAI,"2565, RC -732",Assam,Dibrugarh,"LENGRAI 2565, RC -732 ASSAM DIBRUGARH"
161,LEPETKATTA,D-26,Assam,Dibrugarh,LEPETKATTA D-26 ASSAM DIBRUGARH
162,MAHABIR,77,Assam,Dibrugarh,MAHABIR 77 ASSAM DIBRUGARH
163,MAIJAN T E,G-15,Assam,Dibrugarh,MAIJAN T E G-15 ASSAM DIBRUGARH
164,MANABARI,2504,Assam,Dibrugarh,MANABARI 2504 ASSAM DIBRUGARH
165,MAUD TEA ESTATE,1852,Assam,Dibrugarh,MAUD TEA ESTATE 1852 ASSAM DIBRUGARH
166,MADHUTING TEA ESTATE,234,Assam,Dibrugarh,MADHUTING TEA ESTATE 234 ASSAM DIBRUGARH
167,MADHUBAN,2433,Assam,Dibrugarh,MADHUBAN 2433 ASSAM DIBRUGARH
168,MAHABIRBARI,3143,Assam,Dibrugarh,MAHABIRBARI 3143 ASSAM DIBRUGARH
169,MANCOTTA,2538,Assam,Dibrugarh,MANCOTTA 2538 ASSAM DIBRUGARH
170,MADARKHAT,1815,Assam,Dibrugarh,MADARKHAT 1815 ASSAM DIBRUGARH
171,KHOWANG,2619,Assam,Dibrugarh,KHOWANG 2619 ASSAM DIBRUGARH
172,KHARJAN TEA ESTATE,J-15,Assam,Dibrugarh,KHARJAN TEA ESTATE J-15 ASSAM DIBRUGARH
173,KHANIKAR,2103,Assam,Dibrugarh,KHANIKAR 2103 ASSAM DIBRUGARH
174,KAMAKHYA CHA BAGICHA,Not Available,Assam,Dibrugarh,KAMAKHYA CHA BAGICHA ASSAM DIBRUGARH
175,KENDUGURI,69,Assam,Dibrugarh,KENDUGURI 69 ASSAM DIBRUGARH
176,TRIVENI TEA ESTATE,2739,Assam,Dibrugarh,TRIVENI TEA ESTATE 2739 ASSAM DIBRUGARH
177,KAILASHPUR TEA ESTATE,194,Assam,Dibrugarh,KAILASHPUR TEA ESTATE 194 ASSAM DIBRUGARH
178,KALIAPANI,1699,Assam,Dibrugarh,KALIAPANI 1699 ASSAM DIBRUGARH
179,PRAKASH PRATISTHAN TEA ESTATE,2637,Assam,Dibrugarh,PRAKASH PRATISTHAN TEA ESTATE 2637 ASSAM DIBRUGARH
180,HELENBARI TEA ESTATE,379,Assam,Dibrugarh,HELENBARI TEA ESTATE 379 ASSAM DIBRUGARH
181,KATHALGURI,233,Assam,Dibrugarh,KATHALGURI 233 ASSAM DIBRUGARH
182,KANJIBARI TEA ESTATE,2105,Assam,Dibrugarh,KANJIBARI TEA ESTATE 2105 ASSAM DIBRUGARH
183,CHOWDUNG TEA ESTATE,2780,Assam,Dibrugarh,CHOWDUNG TEA ESTATE 2780 ASSAM DIBRUGARH
184,CHUBWA TEA ESTATE,A-64,Assam,Dibrugarh,CHUBWA TEA ESTATE A-64 ASSAM DIBRUGARH
185,DESAM TEA ESTATE,2618,Assam,Dibrugarh,DESAM TEA ESTATE 2618 ASSAM DIBRUGARH
186,ESSEL BIO RESEARCH PLANTATION (DEKHARI),2554,Assam,Dibrugarh,ESSEL BIO RESEARCH PLANTATION (DEKHARI) 2554 ASSAM DIBRUGARH
187,BIJLI BARI TEA ESTATE,1983,Assam,Dibrugarh,BIJLI BARI TEA ESTATE 1983 ASSAM DIBRUGARH
188,BORBOROOAH TEA ESTATE,G-17,Assam,Dibrugarh,BORBOROOAH TEA ESTATE G-17 ASSAM DIBRUGARH
189,BIPINBAG TEA ESTATE,2902,Assam,Dibrugarh,BIPINBAG TEA ESTATE 2902 ASSAM DIBRUGARH
190,BHAGATRAM TEA ESTATE,Not Available,Assam,Dibrugarh,BHAGATRAM TEA ESTATE ASSAM DIBRUGARH
191,BALIMARA TEA ESTATE,2092,Assam,Dibrugarh,BALIMARA TEA ESTATE 2092 ASSAM DIBRUGARH
192,BAUGHPARA,2284,Assam,Dibrugarh,BAUGHPARA 2284 ASSAM DIBRUGARH
193,BALIJAN(H) TEA ESTATE,H-1,Assam,Dibrugarh,BALIJAN(H) TEA ESTATE H-1 ASSAM DIBRUGARH
194,BASMATIA TEA ESTATE,2775,Assam,Dibrugarh,BASMATIA TEA ESTATE 2775 ASSAM DIBRUGARH
195,BARBARI TEA ESTATE,2527,Assam,Dibrugarh,BARBARI TEA ESTATE 2527 ASSAM DIBRUGARH
196,BASANTIBARI TEA ESTATE,5475,Assam,Dibrugarh,BASANTIBARI TEA ESTATE 5475 ASSAM DIBRUGARH
197,BALIJAN NORTH TEA ESTATE,H-16,Assam,Dibrugarh,BALIJAN NORTH TEA ESTATE H-16 ASSAM DIBRUGARH
198,MAYAJAN TEA ESTATE,338,Assam,Dibrugarh,MAYAJAN TEA ESTATE 338 ASSAM DIBRUGARH
199,BHAJONI TEA ESTATE,3877,Assam,Dibrugarh,BHAJONI TEA ESTATE 3877 ASSAM DIBRUGARH
200,BHAMUN TEA ESTATE,2619,Assam,Dibrugarh,BHAMUN TEA ESTATE 2619 ASSAM DIBRUGARH
201,BHARTIA TEA ESTATE,2196,Assam,Dibrugarh,BHARTIA TEA ESTATE 2196 ASSAM DIBRUGARH
202,AGARWAL,2715,Assam,Dibrugarh,AGARWAL 2715 ASSAM DIBRUGARH
203,AHMEDY TEA ESTATE,336,Assam,Dibrugarh,AHMEDY TEA ESTATE 336 ASSAM DIBRUGARH
204,ALIMUR PLANT PVT LTD,2779,Assam,Dibrugarh,ALIMUR PLANT PVT LTD 2779 ASSAM DIBRUGARH
205,ACHABAM A,58,Assam,Dibrugarh,ACHABAM A 58 ASSAM DIBRUGARH
206,MEGHA,4116,Assam,Dibrugarh,MEGHA 4116 ASSAM DIBRUGARH
207,ARUNSHREE TEA ESTATE,2692,Assam,Dibrugarh,ARUNSHREE TEA ESTATE 2692 ASSAM DIBRUGARH
208,ASITPUR TEA ESTATE,283,Assam,Dibrugarh,ASITPUR TEA ESTATE 283 ASSAM DIBRUGARH
209,APARNA TEA ESTATE,Not Available,Assam,Dibrugarh,APARNA TEA ESTATE ASSAM DIBRUGARH
210,AMULYABARI TEA ESTATE,1690,Assam,Dibrugarh,AMULYABARI TEA ESTATE 1690 ASSAM DIBRUGARH
211,AMULGURI,396,Assam,Dibrugarh,AMULGURI 396 ASSAM DIBRUGARH
212,SHALMARI,965,Assam,Dibrugarh,SHALMARI 965 ASSAM DIBRUGARH
213,SHYAMMURTI,2683,Assam,Dibrugarh,SHYAMMURTI 2683 ASSAM DIBRUGARH
214,TODI,2678,Assam,Dibrugarh,TODI 2678 ASSAM DIBRUGARH
215,SEALKOTEE TEA ESTATE,H-19,Assam,Dibrugarh,SEALKOTEE TEA ESTATE H-19 ASSAM DIBRUGARH
216,SESSA K,25,Assam,Dibrugarh,SESSA K 25 ASSAM DIBRUGARH
217,SEPON TEA ESTATE,D-33,Assam,Dibrugarh,SEPON TEA ESTATE D-33 ASSAM DIBRUGARH
218,SATKARTAR,2575,Assam,Dibrugarh,SATKARTAR 2575 ASSAM DIBRUGARH
219,SAINAGAR,2725,Assam,Dibrugarh,SAINAGAR 2725 ASSAM DIBRUGARH
220,SATYANARAYAN TEA ESTATE,2093,Assam,Dibrugarh,SATYANARAYAN TEA ESTATE 2093 ASSAM DIBRUGARH
221,SATISPUR,2693,Assam,Dibrugarh,SATISPUR 2693 ASSAM DIBRUGARH
222,SAROJINI TEA ESTATE,2057,Assam,Dibrugarh,SAROJINI TEA ESTATE 2057 ASSAM DIBRUGARH
223,SINGLIJAN K,3,Assam,Dibrugarh,SINGLIJAN K 3 ASSAM DIBRUGARH
224,ZALONI,H-30,Assam,Dibrugarh,ZALONI H-30 ASSAM DIBRUGARH
225,HATIGARH TEA ESTATE,2802,Assam,Dibrugarh,HATIGARH TEA ESTATE 2802 ASSAM DIBRUGARH
226,UMATARA,2483,Assam,Dibrugarh,UMATARA 2483 ASSAM DIBRUGARH
227,SHREE GANGA TEA ESTATE,Z-3,Assam,Dibrugarh,SHREE GANGA TEA ESTATE Z-3 ASSAM DIBRUGARH
228,UDALGURI TEA ESTATE,2048,Assam,Dibrugarh,UDALGURI TEA ESTATE 2048 ASSAM DIBRUGARH
229,PARBATIPUR,1469,Assam,Dibrugarh,PARBATIPUR 1469 ASSAM DIBRUGARH
230,PARBATIPUR,2560,Assam,Dibrugarh,PARBATIPUR 2560 ASSAM DIBRUGARH
231,PHUKENBARI,400,Assam,Dibrugarh,PHUKENBARI 400 ASSAM DIBRUGARH
232,PIPRATOLY TEA ESTATE,352,Assam,Dibrugarh,PIPRATOLY TEA ESTATE 352 ASSAM DIBRUGARH
233,RUNGLITING,2245,Assam,Dibrugarh,RUNGLITING 2245 ASSAM DIBRUGARH
234,PURSOTTAM,Not Available,Assam,Dibrugarh,PURSOTTAM ASSAM DIBRUGARH
235,RADHESHYAM TEA ESTATE,2476,Assam,Dibrugarh,RADHESHYAM TEA ESTATE 2476 ASSAM DIBRUGARH
236,RAJAH ALLI,H-25,Assam,Dibrugarh,RAJAH ALLI H-25 ASSAM DIBRUGARH
237,RAMJI MOHAN,2760,Assam,Dibrugarh,RAMJI MOHAN 2760 ASSAM DIBRUGARH
238,RAJGARH,2772/RC 1227,Assam,Dibrugarh,RAJGARH 2772/RC 1227 ASSAM DIBRUGARH
239,NAHORKUTIA A,34 (RC-148)(,Assam,Dibrugarh,NAHORKUTIA A 34 (RC-148)( ASSAM DIBRUGARH
240,NAMROOP,A-35,Assam,Dibrugarh,NAMROOP A-35 ASSAM DIBRUGARH
241,NANDANBAN TEA ESTATE,339,Assam,Dibrugarh,NANDANBAN TEA ESTATE 339 ASSAM DIBRUGARH
242,NAHORTOLI T.E,A-43,Assam,Dibrugarh,NAHORTOLI T.E A-43 ASSAM DIBRUGARH
243,MUKUL,2458,Assam,Dibrugarh,MUKUL 2458 ASSAM DIBRUGARH
244,MULCHANDBAG,2620,Assam,Dibrugarh,MULCHANDBAG 2620 ASSAM DIBRUGARH
245,NILMONI,683,Assam,Dibrugarh,NILMONI 683 ASSAM DIBRUGARH
246,MANOJKUNJ TEA ESTATE,940,Assam,Dibrugarh,MANOJKUNJ TEA ESTATE 940 ASSAM DIBRUGARH
247,NUDWA T.E,G-18/RC-636,Assam,Dibrugarh,NUDWA T.E G-18/RC-636 ASSAM DIBRUGARH
248,NEW PARBOTIPUR,2880,Assam,Dibrugarh,NEW PARBOTIPUR 2880 ASSAM DIBRUGARH
249,NEW SADASIVA,2813,Assam,Dibrugarh,NEW SADASIVA 2813 ASSAM DIBRUGARH
250,HIMALAYA TEA ESTATE,2753,Assam,Dibrugarh,HIMALAYA TEA ESTATE 2753 ASSAM DIBRUGARH
251,HUKANPUKRI TEA ESTATE,2612,Assam,Dibrugarh,HUKANPUKRI TEA ESTATE 2612 ASSAM DIBRUGARH
252,IDA TEA ESTATE,NOT REGISTERED,Assam,Dibrugarh,IDA TEA ESTATE NOT REGISTERED ASSAM DIBRUGARH
253,MORAN,D-32,Assam,Dibrugarh,MORAN D-32 ASSAM DIBRUGARH
254,MOTHOLA,2410,Assam,Dibrugarh,MOTHOLA 2410 ASSAM DIBRUGARH
255,MOHUNBAREE,H-18,Assam,Dibrugarh,MOHUNBAREE H-18 ASSAM DIBRUGARH
256,JOONKTOLLEE TEA ESTATE,Z-2,Assam,Dibrugarh,JOONKTOLLEE TEA ESTATE Z-2 ASSAM DIBRUGARH
257,JALANNAGAR,1974,Assam,Dibrugarh,JALANNAGAR 1974 ASSAM DIBRUGARH
258,JALANNAGAR SOUTH,2284,Assam,Dibrugarh,JALANNAGAR SOUTH 2284 ASSAM DIBRUGARH
259,HATIJAN TEA ESTATE,237,Assam,Dibrugarh,HATIJAN TEA ESTATE 237 ASSAM DIBRUGARH
260,HATKHOLA TEA ESTATE,356,Assam,Dibrugarh,HATKHOLA TEA ESTATE 356 ASSAM DIBRUGARH
261,HALMARI TEA ESTATE,154,Assam,Dibrugarh,HALMARI TEA ESTATE 154 ASSAM DIBRUGARH
262,HAZELBANK TEA ESTATE,G-22,Assam,Dibrugarh,HAZELBANK TEA ESTATE G-22 ASSAM DIBRUGARH
263,HARISHPUR TEA ESTATE,353,Assam,Dibrugarh,HARISHPUR TEA ESTATE 353 ASSAM DIBRUGARH
264,GONESHBARI TEA ESTATE,131,Assam,Dibrugarh,GONESHBARI TEA ESTATE 131 ASSAM DIBRUGARH
265,GREENWOOD TEA ESTATE,G-26,Assam,Dibrugarh,GREENWOOD TEA ESTATE G-26 ASSAM DIBRUGARH
266,GITANAGAR TEA ESTATE,1617,Assam,Dibrugarh,GITANAGAR TEA ESTATE 1617 ASSAM DIBRUGARH
267,GHOORONIA TEA ESTATE,2108,Assam,Dibrugarh,GHOORONIA TEA ESTATE 2108 ASSAM DIBRUGARH
268,GHOGRAJAN TEA ESTATE,182,Assam,Dibrugarh,GHOGRAJAN TEA ESTATE 182 ASSAM DIBRUGARH
269,ETHELWOLD TEA ESTATE,2095,Assam,Dibrugarh,ETHELWOLD TEA ESTATE 2095 ASSAM DIBRUGARH
270,DOOLIA TEA ESTATE,2519,Assam,Dibrugarh,DOOLIA TEA ESTATE 2519 ASSAM DIBRUGARH
271,OUPHULIA,E-30,Assam,Dibrugarh,OUPHULIA E-30 ASSAM DIBRUGARH
272,DULIABAM TEA ESTATE,247,Assam,Dibrugarh,DULIABAM TEA ESTATE 247 ASSAM DIBRUGARH
273,DURGAPUR TEA ESTATE,172,Assam,Dibrugarh,DURGAPUR TEA ESTATE 172 ASSAM DIBRUGARH
274,DILLI TEA ESTATE,194,Assam,Dibrugarh,DILLI TEA ESTATE 194 ASSAM DIBRUGARH
275,DIROIBAM TEA ESTATE,77,Assam,Dibrugarh,DIROIBAM TEA ESTATE 77 ASSAM DIBRUGARH
276,DIRAI TEA ESTATE,G-31,Assam,Dibrugarh,DIRAI TEA ESTATE G-31 ASSAM DIBRUGARH
277,DINJOYE AND MAHABIRBARI TEA ESTATE,111 & 2004,Assam,Dibrugarh,DINJOYE AND MAHABIRBARI TEA ESTATE 111 & 2004 ASSAM DIBRUGARH
278,DIRIAL TEA ESTATE,D-62,Assam,Dibrugarh,DIRIAL TEA ESTATE D-62 ASSAM DIBRUGARH
279,TINKHONG TEA ESTATE,2597,Assam,Dibrugarh,TINKHONG TEA ESTATE 2597 ASSAM DIBRUGARH
280,TELOIJAN,E-1238,Assam,Dibrugarh,TELOIJAN E-1238 ASSAM DIBRUGARH
281,THANAI TEA ESTATE,G- 23,Assam,Dibrugarh,THANAI TEA ESTATE G- 23 ASSAM DIBRUGARH
282,LONGBOI,2248,Assam,Dibrugarh,LONGBOI 2248 ASSAM DIBRUGARH
283,SOURABH A/F,Not Available,Assam,Dibrugarh,SOURABH A/F ASSAM DIBRUGARH
284,TAMULBARI TEA ESTATE,401,Assam,Dibrugarh,TAMULBARI TEA ESTATE 401 ASSAM DIBRUGARH
285,TARINIPUR TEA ESTATE,2514,Assam,Dibrugarh,TARINIPUR TEA ESTATE 2514 ASSAM DIBRUGARH
286,SURAJ TEA ESTATE,172,Assam,Dibrugarh,SURAJ TEA ESTATE 172 ASSAM DIBRUGARH
287,SURABHI PLANTATIONS,NOT REGISTERED,Assam,Dibrugarh,SURABHI PLANTATIONS NOT REGISTERED ASSAM DIBRUGARH
288,SURESHNAGAR TEA ESTATE,2594,Assam,Dibrugarh,SURESHNAGAR TEA ESTATE 2594 ASSAM DIBRUGARH
289,GUNJUNG TEA ESTATE,2862,Assam,Dima Hasao,GUNJUNG TEA ESTATE 2862 ASSAM DIMA HASAO
290,KOPILI TE,2821,Assam,Dima Hasao,KOPILI TE 2821 ASSAM DIMA HASAO
291,MAIJONGA TEA ESTATE,1955,Assam,Goalpara,MAIJONGA TEA ESTATE 1955 ASSAM GOALPARA
292,SIMLITOLA,979,Assam,Goalpara,SIMLITOLA 979 ASSAM GOALPARA
293,SHYAMRAIPORE,1583,Assam,Golaghat,SHYAMRAIPORE 1583 ASSAM GOLAGHAT
294,WOKA T.E,2643,Assam,Golaghat,WOKA T.E 2643 ASSAM GOLAGHAT
295,UDAYAN TE,2487,Assam,Golaghat,UDAYAN TE 2487 ASSAM GOLAGHAT
296,RUNGAJAUN TE,C-47,Assam,Golaghat,RUNGAJAUN TE C-47 ASSAM GOLAGHAT
297,SENGAJAN,2353,Assam,Golaghat,SENGAJAN 2353 ASSAM GOLAGHAT
298,RENGMA,1857,Assam,Golaghat,RENGMA 1857 ASSAM GOLAGHAT
299,RADHABARI,2252,Assam,Golaghat,RADHABARI 2252 ASSAM GOLAGHAT
300,PROBHAKAR T.E. NEG-546,Not Available,Assam,Golaghat,PROBHAKAR T.E. NEG-546 ASSAM GOLAGHAT
301,RUNGAMATTY,2213,Assam,Golaghat,RUNGAMATTY 2213 ASSAM GOLAGHAT
302,PABHOJAN TE,757,Assam,Golaghat,PABHOJAN TE 757 ASSAM GOLAGHAT
303,OATING TEA ESTATE,2191,Assam,Golaghat,OATING TEA ESTATE 2191 ASSAM GOLAGHAT
304,GOVINDAPUR TEA ESTATE,90,Assam,Golaghat,GOVINDAPUR TEA ESTATE 90 ASSAM GOLAGHAT
305,GOLAGHAT TE,2030,Assam,Golaghat,GOLAGHAT TE 2030 ASSAM GOLAGHAT
306,HATHIKULI TEA ESTATE,A-33,Assam,Golaghat,HATHIKULI TEA ESTATE A-33 ASSAM GOLAGHAT
307,HALMIRA ESTATE TEA PVT. LTD,2244,Assam,Golaghat,HALMIRA ESTATE TEA PVT. LTD 2244 ASSAM GOLAGHAT
308,HALMIRAMOOK TE,2479,Assam,Golaghat,HALMIRAMOOK TE 2479 ASSAM GOLAGHAT
309,DIFFLOO TEA ESTATE,A-32,Assam,Golaghat,DIFFLOO TEA ESTATE A-32 ASSAM GOLAGHAT
310,DIGHLIHULA TE,219,Assam,Golaghat,DIGHLIHULA TE 219 ASSAM GOLAGHAT
311,DUKENHENGRA TEA ESATAE,2345,Assam,Golaghat,DUKENHENGRA TEA ESATAE 2345 ASSAM GOLAGHAT
312,DOLAGURI TEA ESTATE,2009,Assam,Golaghat,DOLAGURI TEA ESTATE 2009 ASSAM GOLAGHAT
313,FURKATING TEA ESTATE,773,Assam,Golaghat,FURKATING TEA ESTATE 773 ASSAM GOLAGHAT
314,JAMGURI TEA ESTATEI,2477,Assam,Golaghat,JAMGURI TEA ESTATEI 2477 ASSAM GOLAGHAT
315,MOHEEMA,2355,Assam,Golaghat,MOHEEMA 2355 ASSAM GOLAGHAT
316,NEETINNAGAR T.E,2798,Assam,Golaghat,NEETINNAGAR T.E 2798 ASSAM GOLAGHAT
317,NEGHERITING,2210,Assam,Golaghat,NEGHERITING 2210 ASSAM GOLAGHAT
318,NILGIRI TEA ESTATE,Not Available,Assam,Golaghat,NILGIRI TEA ESTATE ASSAM GOLAGHAT
319,MURPHULANI TE,M-25,Assam,Golaghat,MURPHULANI TE M-25 ASSAM GOLAGHAT
320,NANDAPUR,2883,Assam,Golaghat,NANDAPUR 2883 ASSAM GOLAGHAT
321,NAHORBARI TEA ESTATE,D-75,Assam,Golaghat,NAHORBARI TEA ESTATE D-75 ASSAM GOLAGHAT
322,NAHORJAN TE,RC-817,Assam,Golaghat,NAHORJAN TE RC-817 ASSAM GOLAGHAT
323,MANI,2841,Assam,Golaghat,MANI 2841 ASSAM GOLAGHAT
324,MARANGI,C-44,Assam,Golaghat,MARANGI C-44 ASSAM GOLAGHAT
325,MAHALAXMI TEA ESTATE,3564,Assam,Golaghat,MAHALAXMI TEA ESTATE 3564 ASSAM GOLAGHAT
326,KRISHNA TE,2796,Assam,Golaghat,KRISHNA TE 2796 ASSAM GOLAGHAT
327,LATTAKOOJAN TE,A-31,Assam,Golaghat,LATTAKOOJAN TE A-31 ASSAM GOLAGHAT
328,KATHONI,2010,Assam,Golaghat,KATHONI 2010 ASSAM GOLAGHAT
329,KOOPAHUATING TEA ESTATE,2342,Assam,Golaghat,KOOPAHUATING TEA ESTATE 2342 ASSAM GOLAGHAT
330,ANANDAPUR,563,Assam,Golaghat,ANANDAPUR 563 ASSAM GOLAGHAT
331,ATHABARI TEA ESTATE,2816,Assam,Golaghat,ATHABARI TEA ESTATE 2816 ASSAM GOLAGHAT
332,MESSAMARA,2212,Assam,Golaghat,MESSAMARA 2212 ASSAM GOLAGHAT
333,METHONI TE,C-36,Assam,Golaghat,METHONI TE C-36 ASSAM GOLAGHAT
334,ABHOYJAN TEA ESTATE,82,Assam,Golaghat,ABHOYJAN TEA ESTATE 82 ASSAM GOLAGHAT
335,BEHORA TEA ESTATE,D-35,Assam,Golaghat,BEHORA TEA ESTATE D-35 ASSAM GOLAGHAT
336,BALIJAN TEA ESTATE,293,Assam,Golaghat,BALIJAN TEA ESTATE 293 ASSAM GOLAGHAT
337,BANWARIPUR T.E,181,Assam,Golaghat,BANWARIPUR T.E 181 ASSAM GOLAGHAT
338,BHAGWAN T.E.,191,Assam,Golaghat,BHAGWAN T.E. 191 ASSAM GOLAGHAT
339,BHOGADABARI TE,303,Assam,Golaghat,BHOGADABARI TE 303 ASSAM GOLAGHAT
340,BORTING TE,716,Assam,Golaghat,BORTING TE 716 ASSAM GOLAGHAT
341,BOGIDHOLA TEA ESTATE (LOCKOUT SINCE,2017) 2494,Assam,Golaghat,BOGIDHOLA TEA ESTATE (LOCKOUT SINCE 2017) 2494 ASSAM GOLAGHAT
342,BORJAN TEA ESTATE,2453,Assam,Golaghat,BORJAN TEA ESTATE 2453 ASSAM GOLAGHAT
343,BOGIJAN TEA ESTATE,M-89,Assam,Golaghat,BOGIJAN TEA ESTATE M-89 ASSAM GOLAGHAT
344,BUKHIAL TEA ESTATE,G-23(RC-1405),Assam,Golaghat,BUKHIAL TEA ESTATE G-23(RC-1405) ASSAM GOLAGHAT
345,DALOWJAN TE,1856,Assam,Golaghat,DALOWJAN TE 1856 ASSAM GOLAGHAT
346,SOCKIETING TE,2346,Assam,Golaghat,SOCKIETING TE 2346 ASSAM GOLAGHAT
347,BIJULEE TEA ESTATE NEG-699,Not Available,Assam,Golaghat,BIJULEE TEA ESTATE NEG-699 ASSAM GOLAGHAT
348,TILOTTAMA,2315,Assam,Golaghat,TILOTTAMA 2315 ASSAM GOLAGHAT
349,RAJABARI TEA ESTATE,902,Assam,Golaghat,RAJABARI TEA ESTATE 902 ASSAM GOLAGHAT
350,SOUTH CACHAR TE,222,Assam,Hailakandi,SOUTH CACHAR TE 222 ASSAM HAILAKANDI
351,SULTANICHERA,914,Assam,Hailakandi,SULTANICHERA 914 ASSAM HAILAKANDI
352,CHANDYPORE T.E,2310,Assam,Hailakandi,CHANDYPORE T.E 2310 ASSAM HAILAKANDI
353,DEVENDRA TE,2703,Assam,Hailakandi,DEVENDRA TE 2703 ASSAM HAILAKANDI
354,CUTLACHERRA T.E.,125,Assam,Hailakandi,CUTLACHERRA T.E. 125 ASSAM HAILAKANDI
355,BURNIE BRAES T.E,2465,Assam,Hailakandi,BURNIE BRAES T.E 2465 ASSAM HAILAKANDI
356,BUNDOOKMARA T.E,279,Assam,Hailakandi,BUNDOOKMARA T.E 279 ASSAM HAILAKANDI
357,AENAKHALL T.E.,2471,Assam,Hailakandi,AENAKHALL T.E. 2471 ASSAM HAILAKANDI
358,LALLAMOOKH TEA ESTATE,2406,Assam,Hailakandi,LALLAMOOKH TEA ESTATE 2406 ASSAM HAILAKANDI
359,LALLACHERRA,2343,Assam,Hailakandi,LALLACHERRA 2343 ASSAM HAILAKANDI
360,KUNCHUNPORE TE,2407,Assam,Hailakandi,KUNCHUNPORE TE 2407 ASSAM HAILAKANDI
361,KOYAH TEA ESTATE,2422,Assam,Hailakandi,KOYAH TEA ESTATE 2422 ASSAM HAILAKANDI
362,MANIPUR TE,2295,Assam,Hailakandi,MANIPUR TE 2295 ASSAM HAILAKANDI
363,NARSINGPORE TE,1893,Assam,Hailakandi,NARSINGPORE TE 1893 ASSAM HAILAKANDI
364,DHOLAI TEA GARDEN,2572,Assam,Hailakandi,DHOLAI TEA GARDEN 2572 ASSAM HAILAKANDI
365,ROOPACHERA TE,E-49,Assam,Hailakandi,ROOPACHERA TE E-49 ASSAM HAILAKANDI
366,UMESH TE,2706,Assam,Hailakandi,UMESH TE 2706 ASSAM HAILAKANDI
367,VERNERPUR TE,256,Assam,Hailakandi,VERNERPUR TE 256 ASSAM HAILAKANDI
368,UMABARI T.E,778(RC-1712),Assam,Jorhat,UMABARI T.E 778(RC-1712) ASSAM JORHAT
369,TYROON T.E,E-53,Assam,Jorhat,TYROON T.E E-53 ASSAM JORHAT
370,UDAYJYOTI(RANGDOI T.P),590,Assam,Jorhat,UDAYJYOTI(RANGDOI T.P) 590 ASSAM JORHAT
371,SINGORIJAN TE,1981,Assam,Jorhat,SINGORIJAN TE 1981 ASSAM JORHAT
372,SAMAGURI TE,2455,Assam,Jorhat,SAMAGURI TE 2455 ASSAM JORHAT
373,SANGSUA,2645,Assam,Jorhat,SANGSUA 2645 ASSAM JORHAT
374,SELENG,2543,Assam,Jorhat,SELENG 2543 ASSAM JORHAT
375,TOCKLAI TEA ESTATE,43,Assam,Jorhat,TOCKLAI TEA ESTATE 43 ASSAM JORHAT
376,NORTH BORSAIKOTA TEA ESTATE NO.,2 2387,Assam,Jorhat,NORTH BORSAIKOTA TEA ESTATE NO. 2 2387 ASSAM JORHAT
377,PADAM,2817,Assam,Jorhat,PADAM 2817 ASSAM JORHAT
378,SOUTH BORSAIKOTA TEA ESTATE,431,Assam,Jorhat,SOUTH BORSAIKOTA TEA ESTATE 431 ASSAM JORHAT
379,RAJABARI TE,1465(2104),Assam,Jorhat,RAJABARI TE 1465(2104) ASSAM JORHAT
380,RANGAJAN,2958,Assam,Jorhat,RANGAJAN 2958 ASSAM JORHAT
381,RAMKONG,2578,Assam,Jorhat,RAMKONG 2578 ASSAM JORHAT
382,DURGABARI,342,Assam,Jorhat,DURGABARI 342 ASSAM JORHAT
383,DUFLATING TE,2516,Assam,Jorhat,DUFLATING TE 2516 ASSAM JORHAT
384,GHORAJAN,377,Assam,Jorhat,GHORAJAN 377 ASSAM JORHAT
385,GABROOPURBAT TE,2240 (1004),Assam,Jorhat,GABROOPURBAT TE 2240 (1004) ASSAM JORHAT
386,GATOONGA T E,2454 & 1464,Assam,Jorhat,GATOONGA T E 2454 & 1464 ASSAM JORHAT
387,HAROCHARAI TEA ESTATE,RC-2225,Assam,Jorhat,HAROCHARAI TEA ESTATE RC-2225 ASSAM JORHAT
388,HEELEAKAH TE,G-42,Assam,Jorhat,HEELEAKAH TE G-42 ASSAM JORHAT
389,HATIGARH TEA ESTATE,230,Assam,Jorhat,HATIGARH TEA ESTATE 230 ASSAM JORHAT
390,GOHAINBAREE TE,345,Assam,Jorhat,GOHAINBAREE TE 345 ASSAM JORHAT
391,GOBINDAPORE & BIJLEEJAN,294/BJ-1898,Assam,Jorhat,GOBINDAPORE & BIJLEEJAN 294/BJ-1898 ASSAM JORHAT
392,GREEN VIEW,2388,Assam,Jorhat,GREEN VIEW 2388 ASSAM JORHAT
393,NAGANIJAN,2600,Assam,Jorhat,NAGANIJAN 2600 ASSAM JORHAT
394,NARAYANPUR & BHOWANIPUR,2252255,Assam,Jorhat,NARAYANPUR & BHOWANIPUR 2252255 ASSAM JORHAT
395,NEW SONWAL TEA ESTATE,2206,Assam,Jorhat,NEW SONWAL TEA ESTATE 2206 ASSAM JORHAT
396,NEW SAMAGURI,2595,Assam,Jorhat,NEW SAMAGURI 2595 ASSAM JORHAT
397,MONOMOY TEA ESTATE,955,Assam,Jorhat,MONOMOY TEA ESTATE 955 ASSAM JORHAT
398,MOABUND DIVISION (BEHORA TEA ESTATE),D-78,Assam,Jorhat,MOABUND DIVISION (BEHORA TEA ESTATE) D-78 ASSAM JORHAT
399,JAGDUAR T.E.,"1301, 1434 &446",Assam,Jorhat,"JAGDUAR T.E. 1301, 1434 &446 ASSAM JORHAT"
400,JADAVPUR,2418,Assam,Jorhat,JADAVPUR 2418 ASSAM JORHAT
401,JOGIBHETA TEA ESTATE,2511,Assam,Jorhat,JOGIBHETA TEA ESTATE 2511 ASSAM JORHAT
402,HUNWAL TEA ESTATE N,4,Assam,Jorhat,HUNWAL TEA ESTATE N 4 ASSAM JORHAT
403,HOLONGAJAN TEA ESTATE,286,Assam,Jorhat,HOLONGAJAN TEA ESTATE 286 ASSAM JORHAT
404,HOOLUNGOOREE TEA ESTATE,RC-1229,Assam,Jorhat,HOOLUNGOOREE TEA ESTATE RC-1229 ASSAM JORHAT
405,MADHOOPUR,2126,Assam,Jorhat,MADHOOPUR 2126 ASSAM JORHAT
406,PURANIMATI TEA PLANTATIONS PVT.LTD.,3570,Assam,Jorhat,PURANIMATI TEA PLANTATIONS PVT.LTD. 3570 ASSAM JORHAT
407,KONIKOR-DALLIM TEA ESTATE,A-40,Assam,Jorhat,KONIKOR-DALLIM TEA ESTATE A-40 ASSAM JORHAT
408,KUHUM,2777,Assam,Jorhat,KUHUM 2777 ASSAM JORHAT
409,KOTALGOORIE TE T3,Not Available,Assam,Jorhat,KOTALGOORIE TE T3 ASSAM JORHAT
410,LAKHIBARI TE,2311,Assam,Jorhat,LAKHIBARI TE 2311 ASSAM JORHAT
411,LETEKOOJAN,1979,Assam,Jorhat,LETEKOOJAN 1979 ASSAM JORHAT
412,LOHPOHIA TEA ESTATE,2502,Assam,Jorhat,LOHPOHIA TEA ESTATE 2502 ASSAM JORHAT
413,KAKADONGA TEA STATE,D-51,Assam,Jorhat,KAKADONGA TEA STATE D-51 ASSAM JORHAT
414,KAMALPUR,324,Assam,Jorhat,KAMALPUR 324 ASSAM JORHAT
415,KAMARBAND TEA ESTATE,2456,Assam,Jorhat,KAMARBAND TEA ESTATE 2456 ASSAM JORHAT
416,KAKAJAN,A-38,Assam,Jorhat,KAKAJAN A-38 ASSAM JORHAT
417,KASOJAN,3035,Assam,Jorhat,KASOJAN 3035 ASSAM JORHAT
418,MELENG TEA ESTATE,2521,Assam,Jorhat,MELENG TEA ESTATE 2521 ASSAM JORHAT
419,MEZENGAH,2127,Assam,Jorhat,MEZENGAH 2127 ASSAM JORHAT
420,AKHOIDESSA TEA ESTATE,375,Assam,Jorhat,AKHOIDESSA TEA ESTATE 375 ASSAM JORHAT
421,BAGHSONG TEA ESTATE,1765,Assam,Jorhat,BAGHSONG TEA ESTATE 1765 ASSAM JORHAT
422,BAHANI TEA ESTATE,11,Assam,Jorhat,BAHANI TEA ESTATE 11 ASSAM JORHAT
423,BARUAHJAN TE,376,Assam,Jorhat,BARUAHJAN TE 376 ASSAM JORHAT
424,BAMUNIBARI,2275,Assam,Jorhat,BAMUNIBARI 2275 ASSAM JORHAT
425,BORBHETA TEA ESTATE,43,Assam,Jorhat,BORBHETA TEA ESTATE 43 ASSAM JORHAT
426,BORHOLLA TEA ESTATE,2393,Assam,Jorhat,BORHOLLA TEA ESTATE 2393 ASSAM JORHAT
427,BOISAHABI TE,2557(RC-12123),Assam,Jorhat,BOISAHABI TE 2557(RC-12123) ASSAM JORHAT
428,BOSABARI TEA ESTATE,1899,Assam,Jorhat,BOSABARI TEA ESTATE 1899 ASSAM JORHAT
429,BOIDEHA TE,187,Assam,Jorhat,BOIDEHA TE 187 ASSAM JORHAT
430,BOKAHOLA,2673,Assam,Jorhat,BOKAHOLA 2673 ASSAM JORHAT
431,BOLOMA TEA ESTATE,186,Assam,Jorhat,BOLOMA TEA ESTATE 186 ASSAM JORHAT
432,DHULLIE,2601JOR,Assam,Jorhat,DHULLIE 2601JOR ASSAM JORHAT
433,CHENIJAN,79,Assam,Jorhat,CHENIJAN 79 ASSAM JORHAT
434,CHAPAJAN,402,Assam,Jorhat,CHAPAJAN 402 ASSAM JORHAT
435,CHETIABARI,349,Assam,Jorhat,CHETIABARI 349 ASSAM JORHAT
436,DAHINGEAPAR,2285,Assam,Jorhat,DAHINGEAPAR 2285 ASSAM JORHAT
437,DAMAYANTI TEA ESTATE,2101,Assam,Jorhat,DAMAYANTI TEA ESTATE 2101 ASSAM JORHAT
438,CINNAMARA TEA ESTATE,2582,Assam,Jorhat,CINNAMARA TEA ESTATE 2582 ASSAM JORHAT
439,SWARNAPUR,1982,Assam,Jorhat,SWARNAPUR 1982 ASSAM JORHAT
440,SYEDBARI,1091,Assam,Jorhat,SYEDBARI 1091 ASSAM JORHAT
441,SYCOTTA TEA ESTATE,2587,Assam,Jorhat,SYCOTTA TEA ESTATE 2587 ASSAM JORHAT
442,SOLALBARI,2412,Assam,Jorhat,SOLALBARI 2412 ASSAM JORHAT
443,SOCKLATINGA,1649,Assam,Jorhat,SOCKLATINGA 1649 ASSAM JORHAT
444,SORAIPANI,2755,Assam,Jorhat,SORAIPANI 2755 ASSAM JORHAT
445,SOTAI,RC-6,Assam,Jorhat,SOTAI RC-6 ASSAM JORHAT
446,TIRUAL T.E,2773,Assam,Jorhat,TIRUAL T.E 2773 ASSAM JORHAT
447,TIPOMIA,1980,Assam,Jorhat,TIPOMIA 1980 ASSAM JORHAT
448,TENGALBARIE,2125,Assam,Jorhat,TENGALBARIE 2125 ASSAM JORHAT
449,TEOK TEA ESTATE,A-40,Assam,Jorhat,TEOK TEA ESTATE A-40 ASSAM JORHAT
450,SONAPUR TEA ESTATE,2071,Assam,Kamrup,SONAPUR TEA ESTATE 2071 ASSAM KAMRUP
451,BARDUAR TEA ESTATE,2193,Assam,Kamrup,BARDUAR TEA ESTATE 2193 ASSAM KAMRUP
452,RANI TEA ESTATE,137,Assam,Kamrup,RANI TEA ESTATE 137 ASSAM KAMRUP
453,BHAGAWATI TEA ESTATE,2786,Assam,Karbi Anglong,BHAGAWATI TEA ESTATE 2786 ASSAM KARBI ANGLONG
454,LAHORIJAN & NIRMAL KUMAR,223,Assam,Karbi Anglong,LAHORIJAN & NIRMAL KUMAR 223 ASSAM KARBI ANGLONG
455,MAA SURJEE NEG-1117,Not Available,Assam,Karbi Anglong,MAA SURJEE NEG-1117 ASSAM KARBI ANGLONG
456,DEOPANI TEA ESTATE,C-74,Assam,Karbi Anglong,DEOPANI TEA ESTATE C-74 ASSAM KARBI ANGLONG
457,BHAWANI TEA ESTATE NEG-492,Not Available,Assam,Karbi Anglong,BHAWANI TEA ESTATE NEG-492 ASSAM KARBI ANGLONG
458,BOKAJAN TEA ESTATE,RC-1167,Assam,Karbi Anglong,BOKAJAN TEA ESTATE RC-1167 ASSAM KARBI ANGLONG
459,BANASPATY TEA ESTATE,2828,Assam,Karbi Anglong,BANASPATY TEA ESTATE 2828 ASSAM KARBI ANGLONG
460,BARPATHAR TEA ESTATE,160,Assam,Karbi Anglong,BARPATHAR TEA ESTATE 160 ASSAM KARBI ANGLONG
461,AMBA TEA ESTATE NEG-398,Not Available,Assam,Karbi Anglong,AMBA TEA ESTATE NEG-398 ASSAM KARBI ANGLONG
462,NIRJA TEA ESTATE NEG-1118,Not Available,Assam,Karbi Anglong,NIRJA TEA ESTATE NEG-1118 ASSAM KARBI ANGLONG
463,DHANSERI TEA ESTATE,83,Assam,Karbi Anglong,DHANSERI TEA ESTATE 83 ASSAM KARBI ANGLONG
464,RAMANUGGER,255,Assam,Karbi Anglong,RAMANUGGER 255 ASSAM KARBI ANGLONG
465,RANGSALI,2861,Assam,Karbi Anglong,RANGSALI 2861 ASSAM KARBI ANGLONG
466,SAKAMBARI NEG-,646,Assam,Karbi Anglong,SAKAMBARI NEG- 646 ASSAM KARBI ANGLONG
467,SOBHANESWARI,1308,Assam,Karbi Anglong,SOBHANESWARI 1308 ASSAM KARBI ANGLONG
468,SREE BEHULLA TE,542,Assam,Karimganj,SREE BEHULLA TE 542 ASSAM KARIMGANJ
469,SEPHANJURI BHEEL TE,2482,Assam,Karimganj,SEPHANJURI BHEEL TE 2482 ASSAM KARIMGANJ
470,SINGLACHERRA,2322,Assam,Karimganj,SINGLACHERRA 2322 ASSAM KARIMGANJ
471,SHONAICHERRA TE,1589,Assam,Karimganj,SHONAICHERRA TE 1589 ASSAM KARIMGANJ
472,RABBANIA TE,238,Assam,Karimganj,RABBANIA TE 238 ASSAM KARIMGANJ
473,RAJARAMPORE,289,Assam,Karimganj,RAJARAMPORE 289 ASSAM KARIMGANJ
474,PROMODENAGAR TE,24,Assam,Karimganj,PROMODENAGAR TE 24 ASSAM KARIMGANJ
475,PATHINI TEA ESTATE,2629,Assam,Karimganj,PATHINI TEA ESTATE 2629 ASSAM KARIMGANJ
476,DURGANAGAR TE,389,Assam,Karimganj,DURGANAGAR TE 389 ASSAM KARIMGANJ
477,DULLABCHERRA TE,2241,Assam,Karimganj,DULLABCHERRA TE 2241 ASSAM KARIMGANJ
478,GOOMBIRA,2316,Assam,Karimganj,GOOMBIRA 2316 ASSAM KARIMGANJ
479,HATTIKHIRA TE,C-19,Assam,Karimganj,HATTIKHIRA TE C-19 ASSAM KARIMGANJ
480,ISABHEEL TEA ESTATE,C-21,Assam,Karimganj,ISABHEEL TEA ESTATE C-21 ASSAM KARIMGANJ
481,JALALNAGAR,94,Assam,Karimganj,JALALNAGAR 94 ASSAM KARIMGANJ
482,AYLABARI TEA ESTATE,208,Assam,Karimganj,AYLABARI TEA ESTATE 208 ASSAM KARIMGANJ
483,BAITAKHAL TE,1978,Assam,Karimganj,BAITAKHAL TE 1978 ASSAM KARIMGANJ
484,BHUBRIGHAT,53,Assam,Karimganj,BHUBRIGHAT 53 ASSAM KARIMGANJ
485,BIDYANAGAR T.E.,2122,Assam,Karimganj,BIDYANAGAR T.E. 2122 ASSAM KARIMGANJ
486,CHARGOLA VELLY T.E.,270,Assam,Karimganj,CHARGOLA VELLY T.E. 270 ASSAM KARIMGANJ
487,CHARGOLA T.E.,2321,Assam,Karimganj,CHARGOLA T.E. 2321 ASSAM KARIMGANJ
488,MADANPUR TE,93,Assam,Karimganj,MADANPUR TE 93 ASSAM KARIMGANJ
489,MANIKNAGAR TE,101,Assam,Karimganj,MANIKNAGAR TE 101 ASSAM KARIMGANJ
490,LONGAI TE,C-15,Assam,Karimganj,LONGAI TE C-15 ASSAM KARIMGANJ
491,KALINAGAR T.E.,88,Assam,Karimganj,KALINAGAR T.E. 88 ASSAM KARIMGANJ
492,KOKRAJHAR TE,241,Assam,Kokrajhar,KOKRAJHAR TE 241 ASSAM KOKRAJHAR
493,DALOABARI TEA ESTATE,242,Assam,Kokrajhar,DALOABARI TEA ESTATE 242 ASSAM KOKRAJHAR
494,BANGLABARI TEA ESTATE,243,Assam,Kokrajhar,BANGLABARI TEA ESTATE 243 ASSAM KOKRAJHAR
495,MORNAI TEA ESTATE,134,Assam,Kokrajhar,MORNAI TEA ESTATE 134 ASSAM KOKRAJHAR
496,HARMUTTY TEA ESTATE,K-55,Assam,Lakhimpur,HARMUTTY TEA ESTATE K-55 ASSAM LAKHIMPUR
497,DOOLAHAT TEA ESTATE,2591,Assam,Lakhimpur,DOOLAHAT TEA ESTATE 2591 ASSAM LAKHIMPUR
498,SILONIBARI TEA ESTATE,R-6,Assam,Lakhimpur,SILONIBARI TEA ESTATE R-6 ASSAM LAKHIMPUR
499,SEAJULI,D/40,Assam,Lakhimpur,SEAJULI D/40 ASSAM LAKHIMPUR
500,ANANDA TEA ESTATE,2326,Assam,Lakhimpur,ANANDA TEA ESTATE 2326 ASSAM LAKHIMPUR
501,CINNATOLLIAH TEA GARDEN,B-80,Assam,Lakhimpur,CINNATOLLIAH TEA GARDEN B-80 ASSAM LAKHIMPUR
502,DEJOO TEA ESTATE,K-33,Assam,Lakhimpur,DEJOO TEA ESTATE K-33 ASSAM LAKHIMPUR
503,BORDEOBAM TEA ESTATE,2446,Assam,Lakhimpur,BORDEOBAM TEA ESTATE 2446 ASSAM LAKHIMPUR
504,KOILAMARI TEA ESTATE,K-15,Assam,Lakhimpur,KOILAMARI TEA ESTATE K-15 ASSAM LAKHIMPUR
505,MADHUPUR,320,Assam,Lakhimpur,MADHUPUR 320 ASSAM LAKHIMPUR
506,GOPAL KRISHNA TEA ESTATE,1994,Assam,Morigaon,GOPAL KRISHNA TEA ESTATE 1994 ASSAM MORIGAON
507,DHONTOLA,2450,Assam,Nagaon,DHONTOLA 2450 ASSAM NAGAON
508,JIAJURI,B-77,Assam,Nagaon,JIAJURI B-77 ASSAM NAGAON
509,SECONEE,2459,Assam,Nagaon,SECONEE 2459 ASSAM NAGAON
510,SAGMOOTEA TEA ESTATE,A/8,Assam,Nagaon,SAGMOOTEA TEA ESTATE A/8 ASSAM NAGAON
511,NONOI TEA ESTATE,A-65,Assam,Nagaon,NONOI TEA ESTATE A-65 ASSAM NAGAON
512,RANGOLOO TE,2443,Assam,Nagaon,RANGOLOO TE 2443 ASSAM NAGAON
513,MATIAPAHAR,318,Assam,Nagaon,MATIAPAHAR 318 ASSAM NAGAON
514,KONDOLI,T/2,Assam,Nagaon,KONDOLI T/2 ASSAM NAGAON
515,KOLIABUR TEA ESTATE,2473,Assam,Nagaon,KOLIABUR TEA ESTATE 2473 ASSAM NAGAON
516,LOONGSOONG TE,G-38,Assam,Nagaon,LOONGSOONG TE G-38 ASSAM NAGAON
517,KELLYDEN TEA ESTATE,A-66,Assam,Nagaon,KELLYDEN TEA ESTATE A-66 ASSAM NAGAON
518,KHANAJAN TEA ESTATE,2339,Assam,Nagaon,KHANAJAN TEA ESTATE 2339 ASSAM NAGAON
519,KHATOON TE,421,Assam,Nagaon,KHATOON TE 421 ASSAM NAGAON
520,BORPANI,66(RC-548),Assam,Nagaon,BORPANI 66(RC-548) ASSAM NAGAON
521,BURRAPAHAR,2320,Assam,Nagaon,BURRAPAHAR 2320 ASSAM NAGAON
522,DEJOO VALLEY T.E,2648,Assam,Nagaon,DEJOO VALLEY T.E 2648 ASSAM NAGAON
523,CHAPANALA TEA ESTATE,H-56,Assam,Nagaon,CHAPANALA TEA ESTATE H-56 ASSAM NAGAON
524,AMSOI TEA ESTATE,2062,Assam,Nagaon,AMSOI TEA ESTATE 2062 ASSAM NAGAON
525,AMLUCKIE TEA ESTATE,2647,Assam,Nagaon,AMLUCKIE TEA ESTATE 2647 ASSAM NAGAON
526,SUKANJURI TEA ESTATE,2325,Assam,Nagaon,SUKANJURI TEA ESTATE 2325 ASSAM NAGAON
527,PATHALIPAM TEA ESTATE,2462,Assam,Lakhimpur,PATHALIPAM TEA ESTATE 2462 ASSAM NORTH LAKHIMPUR
528,NYEIJONG TE,2783,Assam,Sivasagar,NYEIJONG TE 2783 ASSAM SIVASAGAR
529,RAJA BARRIE TEA ESTATE,2104,Assam,Sivasagar,RAJA BARRIE TEA ESTATE 2104 ASSAM SIVASAGAR
530,MOHOKUTIE TEA ESTATE,G-50,Assam,Sivasagar,MOHOKUTIE TEA ESTATE G-50 ASSAM SIVASAGAR
531,MODINAGAR TE,2669,Assam,Sivasagar,MODINAGAR TE 2669 ASSAM SIVASAGAR
532,MORE TEA ESTATE,2744,Assam,Sivasagar,MORE TEA ESTATE 2744 ASSAM SIVASAGAR
533,DOOMURDULLUNG,G-51,Assam,Sivasagar,DOOMURDULLUNG G-51 ASSAM SIVASAGAR
534,GELAKEY,2887,Assam,Sivasagar,GELAKEY 2887 ASSAM SIVASAGAR
535,GOSSAINBARI TEA ESTATE,2160 (1058),Assam,Sivasagar,GOSSAINBARI TEA ESTATE 2160 (1058) ASSAM SIVASAGAR
536,AMGOORIE F,1/1(RC-103),Assam,Sivasagar,AMGOORIE F 1/1(RC-103) ASSAM SIVASAGAR
537,ATTABARRIE TEA ESTATE,D-49,Assam,Sivasagar,ATTABARRIE TEA ESTATE D-49 ASSAM SIVASAGAR
538,BEHUBOR TEA ESTATE,2495,Assam,Sivasagar,BEHUBOR TEA ESTATE 2495 ASSAM SIVASAGAR
539,DEOPANI TEA ESTATE,C-74,Assam,Sivasagar,DEOPANI TEA ESTATE C-74 ASSAM SIVASAGAR
540,BORBAM TEA GARDEN F,1/2 (RC-1040,Assam,Sivasagar,BORBAM TEA GARDEN F 1/2 (RC-1040 ASSAM SIVASAGAR
541,SHREE JOYA CHA BAGAN PVT LTD.,2794,Assam,Sivasagar,SHREE JOYA CHA BAGAN PVT LTD. 2794 ASSAM SIVASAGAR
542,BIHUBARI TEA ESTATE,4367,Assam,Sivasagar,BIHUBARI TEA ESTATE 4367 ASSAM SIVASAGAR
543,MADOORIE,1053,Assam,Sivasagar,MADOORIE 1053 ASSAM SIVASAGAR
544,SREE SIBBARI TEA ESTATE,330,Assam,Sivasagar,SREE SIBBARI TEA ESTATE 330 ASSAM SIVASAGAR
545,THOWRA,H-6,Assam,Sivasagar,THOWRA H-6 ASSAM SIVASAGAR
546,TIOK TEA ESTATE,2386,Assam,Sivasagar,TIOK TEA ESTATE 2386 ASSAM SIVSAGAR
547,MASKARA TEA ESTATE,239,Assam,Sivasagar,MASKARA TEA ESTATE 239 ASSAM SIVSAGAR
548,MACKEYPORE TEA ESTATE,2541,Assam,Sivasagar,MACKEYPORE TEA ESTATE 2541 ASSAM SIVSAGAR
549,KRISHNABEHARI TEA ESTATE,130 (RC-213),Assam,Sivasagar,KRISHNABEHARI TEA ESTATE 130 (RC-213) ASSAM SIVSAGAR
550,BORAHI TE,2161,Assam,Sivasagar,BORAHI TE 2161 ASSAM SIVSAGAR
551,BANAMALIE,1299,Assam,Sivasagar,BANAMALIE 1299 ASSAM SIVSAGAR
552,ATALPUKHRI,344,Assam,Sivasagar,ATALPUKHRI 344 ASSAM SIVSAGAR
553,HANUMANBAG TE,2466,Assam,Sivasagar,HANUMANBAG TE 2466 ASSAM SIVSAGAR
554,RAJMAI TEA ESTATE,D-34,Assam,Sivasagar,RAJMAI TEA ESTATE D-34 ASSAM SIVSAGAR
555,RUPAJULI T.E.,D-38,Assam,Sonitpur,RUPAJULI T.E. D-38 ASSAM SONITPUR
556,NOORBARI T.E,1904,Assam,Sonitpur,NOORBARI T.E 1904 ASSAM SONITPUR
557,PANBARI,138,Assam,Sonitpur,PANBARI 138 ASSAM SONITPUR
558,PABHOI,D-7,Assam,Sonitpur,PABHOI D-7 ASSAM SONITPUR
559,PHULBARI D,11,Assam,Sonitpur,PHULBARI D 11 ASSAM SONITPUR
560,SAPOI,2324,Assam,Sonitpur,SAPOI 2324 ASSAM SONITPUR
561,SESSA,Q-27,Assam,Sonitpur,SESSA Q-27 ASSAM SONITPUR
562,TOPIA,84,Assam,Sonitpur,TOPIA 84 ASSAM SONITPUR
563,SINGRI,2530,Assam,Sonitpur,SINGRI 2530 ASSAM SONITPUR
564,SHYAMGURI,2016,Assam,Sonitpur,SHYAMGURI 2016 ASSAM SONITPUR
565,TULIP T.E,141,Assam,Sonitpur,TULIP T.E 141 ASSAM SONITPUR
566,HARCHURAH,D-12,Assam,Sonitpur,HARCHURAH D-12 ASSAM SONITPUR
567,HIRAJULI,452,Assam,Sonitpur,HIRAJULI 452 ASSAM SONITPUR
568,GHOIRALLIE T.E.,Q-34,Assam,Sonitpur,GHOIRALLIE T.E. Q-34 ASSAM SONITPUR
569,DUFFLAGHUR T.E.,D-20,Assam,Sonitpur,DUFFLAGHUR T.E. D-20 ASSAM SONITPUR
570,DURRUNG,1664,Assam,Sonitpur,DURRUNG 1664 ASSAM SONITPUR
571,DHENDAI T.E,2414(RC-232),Assam,Sonitpur,DHENDAI T.E 2414(RC-232) ASSAM SONITPUR
572,DHULAPADUNG T.E,Q-28,Assam,Sonitpur,DHULAPADUNG T.E Q-28 ASSAM SONITPUR
573,HOOGRAJULI,2392,Assam,Sonitpur,HOOGRAJULI 2392 ASSAM SONITPUR
574,NILPUR,2389,Assam,Sonitpur,NILPUR 2389 ASSAM SONITPUR
575,NAHORANI,A-41,Assam,Sonitpur,NAHORANI A-41 ASSAM SONITPUR
576,NARAYANPUR,2522,Assam,Sonitpur,NARAYANPUR 2522 ASSAM SONITPUR
577,MONMOHINIPUR,329,Assam,Sonitpur,MONMOHINIPUR 329 ASSAM SONITPUR
578,ADDABARIE N,24,Assam,Sonitpur,ADDABARIE N 24 ASSAM SONITPUR
579,BARGANG T.E,D-4,Assam,Sonitpur,BARGANG T.E D-4 ASSAM SONITPUR
580,BAGHMARI TEA GARDEN,266(E-45),Assam,Sonitpur,BAGHMARI TEA GARDEN 266(E-45) ASSAM SONITPUR
581,BAMGAON,C/52,Assam,Sonitpur,BAMGAON C/52 ASSAM SONITPUR
582,BELSERI T.E,2481,Assam,Sonitpur,BELSERI T.E 2481 ASSAM SONITPUR
583,BHOLAGURI T.E,114,Assam,Sonitpur,BHOLAGURI T.E 114 ASSAM SONITPUR
584,BORJULI T.E,Q-5,Assam,Sonitpur,BORJULI T.E Q-5 ASSAM SONITPUR
585,BORCHOLA T.E,273,Assam,Sonitpur,BORCHOLA T.E 273 ASSAM SONITPUR
586,BOROI T.E.,D-15,Assam,Sonitpur,BOROI T.E. D-15 ASSAM SONITPUR
587,BORMAH JAN,E-28 (D-28),Assam,Sonitpur,BORMAH JAN E-28 (D-28) ASSAM SONITPUR
588,CHARDWAR,2439,Assam,Sonitpur,CHARDWAR 2439 ASSAM SONITPUR
589,DEKORAI T.E,D-8,Assam,Sonitpur,DEKORAI T.E D-8 ASSAM SONITPUR
590,KOLONY T.E,2425,Assam,Sonitpur,KOLONY T.E 2425 ASSAM SONITPUR
591,MANOBAG,37,Assam,Sonitpur,MANOBAG 37 ASSAM SONITPUR
592,TINKHARIA T.E,V-2,Assam,Sonitpur,TINKHARIA T.E V-2 ASSAM SONITPUR
593,TEZPORE AND GOGRA T.E,N-6,Assam,Sonitpur,TEZPORE AND GOGRA T.E N-6 ASSAM SONITPUR
594,SOGRA,358,Assam,Sonitpur,SOGRA 358 ASSAM SONITPUR
595,SONABHEEL,C/40,Assam,Sonitpur,SONABHEEL C/40 ASSAM SONITPUR
596,SONAJULI,2449,Assam,Sonitpur,SONAJULI 2449 ASSAM SONITPUR
597,TARAJULIE T.E. N,23,Assam,Sonitpur,TARAJULIE T.E. N 23 ASSAM SONITPUR
598,TARA TEA ESTATE,H-29,Assam,Tinsukia,TARA TEA ESTATE H-29 ASSAM TINSUKIA
599,TALUP TEA ESTATE J,3,Assam,Tinsukia,TALUP TEA ESTATE J 3 ASSAM TINSUKIA
600,SOOKERATING,2102,Assam,Tinsukia,SOOKERATING 2102 ASSAM TINSUKIA
601,SREE KRISHNA ESTATE,284,Assam,Tinsukia,SREE KRISHNA ESTATE 284 ASSAM TINSUKIA
602,TIPAM,RC-730,Assam,Tinsukia,TIPAM RC-730 ASSAM TINSUKIA
603,TINGAMIRA,2776,Assam,Tinsukia,TINGAMIRA 2776 ASSAM TINSUKIA
604,MARGHERITA T.E.,2603,Assam,Tinsukia,MARGHERITA T.E. 2603 ASSAM TINSUKIA
605,MANOHARPUR TEA ESTATE,1385,Assam,Tinsukia,MANOHARPUR TEA ESTATE 1385 ASSAM TINSUKIA
606,MAHAKALI TEA ESTATE,C-28,Assam,Tinsukia,MAHAKALI TEA ESTATE C-28 ASSAM TINSUKIA
607,MALIRAMPUR,NA,Assam,Tinsukia,MALIRAMPUR NA ASSAM TINSUKIA
608,MANGALAM,2599,Assam,Tinsukia,MANGALAM 2599 ASSAM TINSUKIA
609,KOOMSONG,D-25,Assam,Tinsukia,KOOMSONG D-25 ASSAM TINSUKIA
610,KONAPATHAR,587,Assam,Tinsukia,KONAPATHAR 587 ASSAM TINSUKIA
611,LANKASHI TEA ESTATE,2553,Assam,Tinsukia,LANKASHI TEA ESTATE 2553 ASSAM TINSUKIA
612,LIMBUGURI TEA ESTATE,2535,Assam,Tinsukia,LIMBUGURI TEA ESTATE 2535 ASSAM TINSUKIA
613,LEDO T.E,B-79,Assam,Tinsukia,LEDO T.E B-79 ASSAM TINSUKIA
614,KEYHUNG TEA ESTATE,D-61,Assam,Tinsukia,KEYHUNG TEA ESTATE D-61 ASSAM TINSUKIA
615,KESAGURI,2691,Assam,Tinsukia,KESAGURI 2691 ASSAM TINSUKIA
616,KHETOJAN,RC-267,Assam,Tinsukia,KHETOJAN RC-267 ASSAM TINSUKIA
617,KHOBONG TEA ESTATE,J-7,Assam,Tinsukia,KHOBONG TEA ESTATE J-7 ASSAM TINSUKIA
618,KHATANGPANI,283,Assam,Tinsukia,KHATANGPANI 283 ASSAM TINSUKIA
619,KISSNESS,2636,Assam,Tinsukia,KISSNESS 2636 ASSAM TINSUKIA
620,DEOHALL TEA ESTATE,H-5,Assam,Tinsukia,DEOHALL TEA ESTATE H-5 ASSAM TINSUKIA
621,DEHING TEA ESTATE,2604,Assam,Tinsukia,DEHING TEA ESTATE 2604 ASSAM TINSUKIA
622,DEAMOOLIE TEA ESTATE,H-3,Assam,Tinsukia,DEAMOOLIE TEA ESTATE H-3 ASSAM TINSUKIA
623,DHANUKA TEA ESTATE,Not Available,Assam,Tinsukia,DHANUKA TEA ESTATE Not Available ASSAM TINSUKIA
624,DHONJAN TEA ESTATE,2761,Assam,Tinsukia,DHONJAN TEA ESTATE 2761 ASSAM TINSUKIA
625,DHELAKHAT TEA ESTATE,H-33,Assam,Tinsukia,DHELAKHAT TEA ESTATE H-33 ASSAM TINSUKIA
626,DHOEDAAM TEA ESTATE,H-24,Assam,Tinsukia,DHOEDAAM TEA ESTATE H-24 ASSAM TINSUKIA
627,DHOLLA TEA ESTATE,2246,Assam,Tinsukia,DHOLLA TEA ESTATE 2246 ASSAM TINSUKIA
628,CATO TEA & SEED,2566,Assam,Tinsukia,CATO TEA & SEED 2566 ASSAM TINSUKIA
629,DAIMUKHIA TEA ESTATE,2488,Assam,Tinsukia,DAIMUKHIA TEA ESTATE 2488 ASSAM TINSUKIA
630,CHOTA TINGRAI TEA ESTATE,936,Assam,Tinsukia,CHOTA TINGRAI TEA ESTATE 936 ASSAM TINSUKIA
631,CHARALI TEA & TEA SEED ESTATE,415,Assam,Tinsukia,CHARALI TEA & TEA SEED ESTATE 415 ASSAM TINSUKIA
632,CHANDMARI TEA ESTATE,2319,Assam,Tinsukia,CHANDMARI TEA ESTATE 2319 ASSAM TINSUKIA
633,CHOKHANI TEA & TEA SEED,2537,Assam,Tinsukia,CHOKHANI TEA & TEA SEED 2537 ASSAM TINSUKIA
634,BRAHMAJAN TEA ESTATE,2878,Assam,Tinsukia,BRAHMAJAN TEA ESTATE 2878 ASSAM TINSUKIA
635,BUDLABETA TEA ESTATE J,12,Assam,Tinsukia,BUDLABETA TEA ESTATE J 12 ASSAM TINSUKIA
636,BORBHETA TEA ESTATE,2435,Assam,Tinsukia,BORBHETA TEA ESTATE 2435 ASSAM TINSUKIA
637,BORDUBI TEA ESTATE D,10,Assam,Tinsukia,BORDUBI TEA ESTATE D 10 ASSAM TINSUKIA
638,BOGAPANI TEA ESTATE,2607,Assam,Tinsukia,BOGAPANI TEA ESTATE 2607 ASSAM TINSUKIA
639,BHERJAN TEA ESTATE,269,Assam,Tinsukia,BHERJAN TEA ESTATE 269 ASSAM TINSUKIA
640,BEESAKOPIE TEA ESTATE,2485,Assam,Tinsukia,BEESAKOPIE TEA ESTATE 2485 ASSAM TINSUKIA
641,BAZALONI TEA ESTATE,C-45,Assam,Tinsukia,BAZALONI TEA ESTATE C-45 ASSAM TINSUKIA
642,BAHADUR TEA ESTATE,272,Assam,Tinsukia,BAHADUR TEA ESTATE 272 ASSAM TINSUKIA
643,BAGHBARI TEA ESTATE,Not Available,Assam,Tinsukia,BAGHBARI TEA ESTATE Not Available ASSAM TINSUKIA
644,BAGHJAN TEA ESTATE G,30,Assam,Tinsukia,BAGHJAN TEA ESTATE G 30 ASSAM TINSUKIA
645,BAJRANGPUR,2749,Assam,Tinsukia,BAJRANGPUR 2749 ASSAM TINSUKIA
646,ALAKANANDA TEA ESTATE,2696-2697,Assam,Tinsukia,ALAKANANDA TEA ESTATE 2696-2697 ASSAM TINSUKIA
647,AMBIKA TEA ESTATE,2563,Assam,Tinsukia,AMBIKA TEA ESTATE 2563 ASSAM TINSUKIA
648,ANANDABAG TEA ESTATE,211,Assam,Tinsukia,ANANDABAG TEA ESTATE 211 ASSAM TINSUKIA
649,ANANDAPOOR TEA ESTATE,2731,Assam,Tinsukia,ANANDAPOOR TEA ESTATE 2731 ASSAM TINSUKIA
650,NAMDANG,2606,Assam,Tinsukia,NAMDANG 2606 ASSAM TINSUKIA
651,NILIMA,960,Assam,Tinsukia,NILIMA 960 ASSAM TINSUKIA
652,HOLLONGHABI TEA ESTATE,315,Assam,Tinsukia,HOLLONGHABI TEA ESTATE 315 ASSAM TINSUKIA
653,HOKONGURI TEA ESTATE,J-5,Assam,Tinsukia,HOKONGURI TEA ESTATE J-5 ASSAM TINSUKIA
654,HILIKA TEA ESTATE J,4,Assam,Tinsukia,HILIKA TEA ESTATE J 4 ASSAM TINSUKIA
655,ITAKHOOLI TEA ESTATE D,23,Assam,Tinsukia,ITAKHOOLI TEA ESTATE D 23 ASSAM TINSUKIA
656,PADUMANI TEA ESTATE,1437,Assam,Tinsukia,PADUMANI TEA ESTATE 1437 ASSAM TINSUKIA
657,JALPUNIA TEA ESTATE,392,Assam,Tinsukia,JALPUNIA TEA ESTATE 392 ASSAM TINSUKIA
658,DIROK TEA ESTATE,2605,Assam,Tinsukia,DIROK TEA ESTATE 2605 ASSAM TINSUKIA
659,DIGULTURRUNG TEA ESTATE,G-25,Assam,Tinsukia,DIGULTURRUNG TEA ESTATE G-25 ASSAM TINSUKIA
660,DINJAN TEA ESTATE,G-27,Assam,Tinsukia,DINJAN TEA ESTATE G-27 ASSAM TINSUKIA
661,DUAMARA TEA ESTATE,H-77,Assam,Tinsukia,DUAMARA TEA ESTATE H-77 ASSAM TINSUKIA
662,GANGABARI TEA ESTATE,418,Assam,Tinsukia,GANGABARI TEA ESTATE 418 ASSAM TINSUKIA
663,HATIMARA TEA ESTATE,H-78,Assam,Tinsukia,HATIMARA TEA ESTATE H-78 ASSAM TINSUKIA
664,HAPJAN TEA ESTATE J,9,Assam,Tinsukia,HAPJAN TEA ESTATE J 9 ASSAM TINSUKIA
665,HANUMAN TEA ESTATE,2745,Assam,Tinsukia,HANUMAN TEA ESTATE 2745 ASSAM TINSUKIA
666,GOHAIN TEA ESTATE,535,Assam,Tinsukia,GOHAIN TEA ESTATE 535 ASSAM TINSUKIA
667,GILLAPUKRI,622,Assam,Tinsukia,GILLAPUKRI 622 ASSAM TINSUKIA
668,VISHNU TEA ESTATE,2869,Assam,Tinsukia,VISHNU TEA ESTATE 2869 ASSAM TINSUKIA
669,TONGANAGAON T.E,1932,Assam,Tinsukia,TONGANAGAON T.E 1932 ASSAM TINSUKIA
670,TIPPUK,2602,Assam,Tinsukia,TIPPUK 2602 ASSAM TINSUKIA
671,SEWPUR TEA ESTATE,109,Assam,Tinsukia,SEWPUR TEA ESTATE 109 ASSAM TINSUKIA
672,SEWALI,2724,Assam,Tinsukia,SEWALI 2724 ASSAM TINSUKIA
673,SEGUNBARI TEA ESTATE,113,Assam,Tinsukia,SEGUNBARI TEA ESTATE 113 ASSAM TINSUKIA
674,SAVITRI TEA ESTATE,2506,Assam,Tinsukia,SAVITRI TEA ESTATE 2506 ASSAM TINSUKIA
675,SANKAR TEA ESTATE,133,Assam,Tinsukia,SANKAR TEA ESTATE 133 ASSAM TINSUKIA
676,SAMDANG TEA ESTATE,2486,Assam,Tinsukia,SAMDANG TEA ESTATE 2486 ASSAM TINSUKIA
677,SAPORTOLI TEA ESTATE,2708(NC),Assam,Tinsukia,SAPORTOLI TEA ESTATE 2708(NC) ASSAM TINSUKIA
678,SADASIVA TEA ESTATE,1816,Assam,Tinsukia,SADASIVA TEA ESTATE 1816 ASSAM TINSUKIA
679,FATHEPUR TEA COMPANY,3897,Assam,Tinsukia,FATHEPUR TEA COMPANY 3897 ASSAM TINSUKIA
680,PHILLOBARI D,74,Assam,Tinsukia,PHILLOBARI D 74 ASSAM TINSUKIA
681,PENGAREE J,16,Assam,Tinsukia,PENGAREE J 16 ASSAM TINSUKIA
682,PATKAI,2890/ASTIMAP 881,Assam,Tinsukia,PATKAI 2890/ASTIMAP 881 ASSAM TINSUKIA
683,RAIDANG TEA ESTATE,2487,Assam,Tinsukia,RAIDANG TEA ESTATE 2487 ASSAM TINSUKIA
684,PARSURAM (SOUTH) TEA ESTATE,Not Available,Assam,Tinsukia,PARSURAM (SOUTH) TEA ESTATE Not Available ASSAM TINSUKIA
685,PARSURAM (NORTH) TEA ESTATE,2247,Assam,Tinsukia,PARSURAM (NORTH) TEA ESTATE 2247 ASSAM TINSUKIA
686,PADUMANI,380,Assam,Tinsukia,PADUMANI 380 ASSAM TINSUKIA
687,RUPAI TEA ESTATE,H-27,Assam,Tinsukia,RUPAI TEA ESTATE H-27 ASSAM TINSUKIA
688,RUNGAGORA,G- 29,Assam,Tinsukia,RUNGAGORA G- 29 ASSAM TINSUKIA
689,PRABHAT TEA ESTATE,553,Assam,Tinsukia,PRABHAT TEA ESTATE 553 ASSAM TINSUKIA
690,POWAI A,11,Assam,Tinsukia,POWAI A 11 ASSAM TINSUKIA
691,PANEERY T.E.,D/3,Assam,Udalguri,PANEERY T.E. D/3 ASSAM UDALGURI
692,ORANGAJULI,B/74,Assam,Udalguri,ORANGAJULI B/74 ASSAM UDALGURI
693,ORANG,J-23,Assam,Udalguri,ORANG J-23 ASSAM UDALGURI
694,SINGRIMARI TEA ESTATE,196,Assam,Udalguri,SINGRIMARI TEA ESTATE 196 ASSAM UDALGURI
695,HATTIGOR,A-9,Assam,Udalguri,HATTIGOR A-9 ASSAM UDALGURI
696,DIMAKUSI,D-18,Assam,Udalguri,DIMAKUSI D-18 ASSAM UDALGURI
