entity_name,type,state,marks,source_page
"FARINGOLA DIAMOND, SREERANG DIAMOND, SREEVISHNU A.N. SECURITIES PVT. LTD. SOCKLATINGA TEA ESTATE",Organized Estate / Factory,Assam,"SOCKLATINGA, SOCKLATINGA",13
"ABG CHA UDYOGABG CHA UDYOG, JOYA TEA ESTATE",Organized Estate / Factory,Assam,JOYA,13
AGARWAL(ASSAM) TEA ESTATE AGARWAL(ASSAM) TEA ESTATE,Organized Estate / Factory,Assam,"MADHOKULI GOLD, MADHOKULI",13
"AIDEOBARIE TEA ESTATE, FACTORY & STG",Organized Estate / Factory,Assam,AIDEOBARI PREMIUM,13
ACHABAM TE & STG,Organized Estate / Factory,Assam,,13
BORHAT TE FACTORY & STG,Bought Leaf Factory (BLF),Assam,,14
"OD, BORHAT LEAF-CC, BORHAT DUST-DC, BORHAT LEAF-OR BORJAN TE",Organized Estate / Factory,Assam,BORJAN,14
CHUBWA TE & STG,Organized Estate / Factory,Assam,,14
DIFFLOO TEA ESTATE & SMALL TEA GROWERS,Organized Estate / Factory,Assam,"DIFFLOO, NORTH GRANT",14
HATHIKULI TEA ESTATE,Organized Estate / Factory,Assam,HATHIKULI,14
HATTIGOR TEA ESTATE,Organized Estate / Factory,Assam,"HATTIGOR, KALSI, HARISINGHA",14
"KELLYDEN TE,FACTORY & STG",Bought Leaf Factory (BLF),Assam,"KELLYDEN, HATIGAON",14
LAMABARI TEA ESTATE & STG,Organized Estate / Factory,Assam,"LAMABARI, SPRINGFIELD",14
"AND MEGA FACTORY, LATTAKOOJAN TEA ESTATE",Organized Estate / Factory,Assam,,14
"LATTAKOOJAN,DEBRAPARA, DEOPAHAR NAMROOP TE & STG",Organized Estate / Factory,Assam,"NAMROOP, POMATOLI",14
MAJULI TE,Organized Estate / Factory,Assam,"MAJULI, KHOIRABARI",14
NAHORANI TEA ESTATE & STG,Organized Estate / Factory,Assam,,14
"NAHARONI ORTHODOX, NAHORANI HIGHGROWN NAHORKUTIA TE & STG",Organized Estate / Factory,Assam,"NAHORKUTIA, NAGAPARA",14
NAHORTOLI TEA ESTATE,Organized Estate / Factory,Assam,"NAHORTOLI, RANIKHOLA",14
"KAKAJAN TEA ESTATE & FACTORY, BHELAGURI TE",Organized Estate / Factory,Assam,,15
"KAKAJAN HIGHGROWN, KAKAJAN, BHELAGURI NONOI TE & STG",Organized Estate / Factory,Assam,NONOI,15
POWAI TE & STG,Organized Estate / Factory,Assam,,15
"POWAI, POWAI HIGH GROWN, PASIGHAT, DYGROON SAGMOOTEA TEA ESTATE FACTORY",Organized Estate / Factory,Assam,SAGMOOTEA,15
TEOK TEA ESTATE & STG,Organized Estate / Factory,Assam,"TEOK,KONIKOR- DALLIM",15
DULIABAM TE SHG,Organized Estate / Factory,Assam,DULIABAM,15
HALMARI & DULIABAM TEA ESTATE,Organized Estate / Factory,Assam,HALMARI,15
AMCHONG TEA ESTATEAMCHONG TEA ESTATE,Organized Estate / Factory,Assam,,15
"AMCHONG PREMIUM, AMCHONG CLONAL AMGOORIE TEA GARDEN",Organized Estate / Factory,Assam,AMGOORIE,15
BARGANG TEA GARDEN,Organized Estate / Factory,Assam,BARGANG T.G.,15
ANANDABARI TEA CO PVT LTD ANANDABARI ESTATE & FACTORY,Organized Estate / Factory,Assam,,15
"ANANDABARI, ANANDABARI CL, ANANDBARI ROYAL BASMATIA TE",Organized Estate / Factory,Assam,"BASMATIA, YULE GREEN",15
DESAM TE,Organized Estate / Factory,Assam,"DESAM, BHAMUN",15
HOOLUNGOOREE TE,Organized Estate / Factory,Assam,"HOOLUNGOOREE, KHATISONA",15
KHOWANG TE,Organized Estate / Factory,Assam,"KHOWANG, HINGRIJAN",15
MURPHULANI TE,Organized Estate / Factory,Assam,"MURPHULANI, BOGIJAN",15
RAJGARH TE,Organized Estate / Factory,Assam,"RAJGARH, YULE ORANGE",15
TINKONG TEA ESTATE,Organized Estate / Factory,Assam,"TINKONG, DILLIBARI",15
BUDLABETA TEA ESTATE FACTORY & STG,Organized Estate / Factory,Assam,,16
BUDLAPARA TEA ESTATE FACTORY & STG,Organized Estate / Factory,Assam,"BUDLAPARA-C,BUDLAPARA -DC",16
GHOIRALLIE TEA ESTATE FACTORY,Organized Estate / Factory,Assam,GHOIRALLIE,16
DHUNSERI TEA & INDUSTRIES LTD. HAPJAN TEA ESTATE,Organized Estate / Factory,Assam,HAPJAN,16
HOKONGURI TEA ESTATE,Organized Estate / Factory,Assam,HOKONGURI,16
KHOBONG TEA ESTATE FACTORY,Organized Estate / Factory,Assam,KHOBONG,16
MUTTRAPORE TEA ESTATE FACTORY,Organized Estate / Factory,Assam,MUTTRAPORE,16
Singlo Napuk Tea Estate LLPNAPUK TEA ESTATE FACTORY,Organized Estate / Factory,Assam,NAPUK,16
PENGAREE TEA ESTATE FACTORY,Organized Estate / Factory,Assam,"PENGAREE OR, PENGAREE CTC",16
SESSA TEA ESTATE FACTORY,Organized Estate / Factory,Assam,SESSA M,16
TALUP TEA ESTATE FACTORY,Organized Estate / Factory,Assam,,16
"TALUP C (LEAF GRADE), TALUP DC (DUST GRADE)",Organized Estate / Factory,Assam,NATURAL TEA,16
PRODUCTS,Organized Estate / Factory,Assam,NATURAL TEA PRODUCTSASSAM,16
"SUMONIBARIE, AISHWINI, AMBROSIA, AAZURIAH",Organized Estate / Factory,Assam,TEA INDUSTRIESASSAM TEA INDUSTRIES & STGsASSAMKATHONIBARI,16
BARUAH TEA FACTORY,Organized Estate / Factory,Assam,,16
"BARUAH PREMIUM, BORSILLAH NAMTI BORSILLAH TEA ESTATE",Organized Estate / Factory,Assam,BORSILLAH,16
BORSILLAH TEA ESTATE FACTORY II,Organized Estate / Factory,Assam,,16
"BORSILLAH BARUAH, BORSILLAH LADOIGARH MOKRUNG TE-SHG",Organized Estate / Factory,Assam,MOKRUNG-CL,16
MOKRUNG TE,Organized Estate / Factory,Assam,MOKRUNG T.E,16
SALKATHONI TE AND BARASALI TE,Organized Estate / Factory,Assam,SALKATHONI,16
B. GUPTA (TEA) CO. P.LTDBUNDOOKMARA TEA ESTATE,Organized Estate / Factory,Assam,,16
"BUNDOOKMARA ROYAL, BUNDOOKMARA TEA BADULIPAR LIMITEDKOOMTAI ESTATE & FACTORY",Organized Estate / Factory,Assam,KOOMTAI B,16
BAGHMARI TEA COMPANY LTD BAGHMARI TEA GARDEN,Organized Estate / Factory,Assam,"BAGHMARI, BAGHMARI CLONAL",16
BAHANI TEA CO. PVT. LTDBAHANI TEA CO. PVT. LTD,Organized Estate / Factory,Assam,BAHANI,16
BALAJI TEA INDUSTRIESBALAJI TEA INDUSTRIES,Bought Leaf Factory (BLF),Assam,BALAJI,16
BANAMALIE TEA ESTATEBANAMALIE TEA ESTATE,Organized Estate / Factory,Assam,BANAMALIE,16
BANSIDHAR BADRIDASS MODI PVT LTD SREE SIBBARI TEA ESTATE,Organized Estate / Factory,Assam,,17
BARUANAGAR TEA ESTATE P. LTD SUNDARPUR TE & STG,Organized Estate / Factory,Assam,,17
"SUNDARPUR, SUNDARPUR CL, BARUAKHAT BAZALONI GROUP LTDBAZALONI",Organized Estate / Factory,Assam,"BAZALONI,RAJGARALI",17
BCS AGRO & MERCANTILEKOLONG TEA FACTORY & STGs,Bought Leaf Factory (BLF),Assam,KOLONG,17
BENGAL TEA & FABRICS LTDANANDA TEA ESTATE & STG,Organized Estate / Factory,Assam,ANANDA TEA ESTATE,17
BHAWANIPUR TEA CO. PVT LTD BHAWANIPUR TEA FACTORY & STG,Bought Leaf Factory (BLF),Assam,BHAWANIPUR,17
BHERGAON TEA INDUSTRIES P. LTD BHERGAON TE,Bought Leaf Factory (BLF),Assam,BHERGAON,17
BHUWALKA TRADING & TEA CO. P. LTD. AENAKHALL TE,Tea Processor / Unit,Assam,"AENAKHALL, LUCKYNAGAR",17
CHIKONMATI TEA ESTATE,Organized Estate / Factory,Assam,CHIKONMATI SUNBRAND,17
KOKRAJHAR TEA ESTATE,Organized Estate / Factory,Assam,KOKRAJHAR,17
& SONS PARTNERSHIP COMPANY ROSEKANDY TE,Organized Estate / Factory,Assam,ROSEKANDY,17
BL TEA INDUSTRIESBLTI FACTORY & STG,Bought Leaf Factory (BLF),Assam,SILJURI,17
BOHNIMAN TEA PRIVATE LIMITED BOHNIMAN TEA PRIVATE LIMITED,Organized Estate / Factory,Assam,DAHINGEAHILLS,17
BOKAHOLA TEA CO P LTDBOKAHOLA TE,Organized Estate / Factory,Assam,BOKAHOLA,17
BORA TEA PVT LTDBORA TEA PVT LTD,Organized Estate / Factory,Assam,,17
"PADAMI, JAAMIPUR, PENDEN, BUBINO BORBAM TEA GARDENBORBAM TEA GARDEN",Organized Estate / Factory,Assam,BORBAM,17
BORBHETA ESTATE PVT LTDMADHUBAN TEA ESTATE,Organized Estate / Factory,Assam,"MADHUBAN, MADHUBAN UK",17
BORBIL TEA COMPANYBORBIL TEA COMPANY,Organized Estate / Factory,Assam,BORBIL TEA,17
BORMAH JAN TEA COMPANY(1936) LTD BORMAHJAN TEA ESTATE,Organized Estate / Factory,Assam,"BORMAHJAN,OUPHULIA",17
BORPATHER TEA CO. LLPBORPATHAR TEA FACTORY & STG,Bought Leaf Factory (BLF),Assam,CLASSIC BORPATHAR,17
CHANDPUR TEA PLANTERS & INDUSTRIES - SHG,Bought Leaf Factory (BLF),Assam,CHETAK TEA,18
FACTORY ( A UNIT OF GOPAL BHOROLI TEA CO PVT. LTD) GOPAL BHOROLI TEA CO PVT LTD,Organized Estate / Factory,Assam,,18
"CHANDARPRABHA TEA CL, CHANDARPRABHA TEA GOLD CHENIMAI TEA COMPANYCHENIMAI TEA COMPANY",Organized Estate / Factory,Assam,"CHENIMAI, ALIF",18
CHOIBARI TEA & INDUSTRIES LTD CHOIBARI TEA ESTATE,Organized Estate / Factory,Assam,CHOIBARI,18
CHUNGIBARIE TEA ESTATES P LTD CHUNGIBARIE TEA ESTATES P LTD-STG,Organized Estate / Factory,Assam,"CHUNGIBARIE, SINGORAJAN",18
CLASSIC TEA COMPANY P. LTD CLASSIC TEA COMPANY P. LTD & STG,Organized Estate / Factory,Assam,CLASSIC,18
"CORNHILL TEA PVT LTDCORNHILL TEA ESTATE, FACTORY &",Organized Estate / Factory,Assam,SAPORTOLI,18
DALOWJAN TEA CO P. LTDDALOWJAN TEA ESTATE,Organized Estate / Factory,Assam,DALOWJAN,18
DARSHANLAL ANAND PRAKASH & SONS PVT LTD KHONGEA TEA FACTORY,Organized Estate / Factory,Assam,"KHONGEA, KHONGEA CLONAL",18
SHAKOMATO TEA ESTATE & STG,Organized Estate / Factory,Assam,"SADHARU, BEGUNBARI",18
SHAKOMATO TEA ESTATE,Organized Estate / Factory,Assam,SHAKOMATO,18
DEODARSHAN TEA COMPANY LIMITED,Organized Estate / Factory,Assam,DEODARSHAN,18
DERBY PLANTATION PVT. LTD. DERBY TEA ESTATE,Organized Estate / Factory,Assam,"DERBY, RUGBY",18
DHANSHREE TEA INDUSTRIESDHANSHREE TEA INDUSTRIES,Bought Leaf Factory (BLF),Assam,ASSAM VALLEY,18
DHANESWARI WOOD PRODCUTS LTD. MOHEEMA TEA ESTATE,Organized Estate / Factory,Assam,"MOHEEMA, SONAKHET",18
DHANSRI TEA INDUSTRIESDHANSRI TEA FACTORY & STGS,Bought Leaf Factory (BLF),Assam,,18
"DHENDAI TEA ESTATE, DHENDAI TEA & INDUSTRIES PVT LTD-SHG",Organized Estate / Factory,Assam,"DHENDAI, DHENDAI SELECT",18
DHOLAI TEA CO.DHOLAI TEA GARDEN,Organized Estate / Factory,Assam,"DHOLAI TEA, TAMULPAN, DHOLAI",18
DHULLIE TEA PLANTATIONS PVT LTD DHULLIE TEA ESTATE,Organized Estate / Factory,Assam,DHULLIE,19
BALIJAN NORTH TEA ESTATE,Organized Estate / Factory,Assam,BALIJAN NORTH TEA ESTATE,19
BAHIPOOKRI TEA ESTATE,Organized Estate / Factory,Assam,,19
"BAHIPOOKRI, DHANPOOKRI, DHUNTARA BETTYBARI TE",Organized Estate / Factory,Assam,"BETTYBARI, GOANBARI",19
DILLI TE,Organized Estate / Factory,Assam,,19
"DILLI CLONAL, DILLI CLONAL BN, DILLI CLONAL BB DHUNSERI TE",Organized Estate / Factory,Assam,"DHUNSERI, DHUNDUA",19
HATIBARI TEA FACTORY,Organized Estate / Factory,Assam,HATIPOOKRI,19
HATIJAN TEA ESTATE- STG,Organized Estate / Factory,Assam,"HATIJAN CLONAL, NAYANIGURI",19
KHAGORIJAN TEA ESTATE & STG,Organized Estate / Factory,Assam,"KHAGORIJAN, RAMBAGH, DRG",19
ORANG TE,Organized Estate / Factory,Assam,"ORANG CLONAL, ORANGBARI",19
SHIVANI TEA ESTATE & STG,Organized Estate / Factory,Assam,"MAKANDI, MUSKAN, SANTI",19
DINJOYE TEA ESTATE P. LTDDINJOYE TEA ESTATE,Organized Estate / Factory,Assam,DINJOYE TE,19
DOHUTIA TEA COMPANYDOHUTIA TEA COMPANY,Organized Estate / Factory,Assam,"NATUNMATI, TRINAYAN",19
DOLAGURI TEA CO. (P) LTD.DOLAGURI TE,Organized Estate / Factory,Assam,DOLAGURI,19
DOWAMARA TEA COMPANY(P) LTD. DOWAMARA TEA COMPANY(P) LTD.,Organized Estate / Factory,Assam,DOWAMARA,19
DOYAPORE TEA & INDUSTRIES PVT LTD DOYAPORE TEA ESTATE,Organized Estate / Factory,Assam,DOYAPORE,19
DPG ESTATESSREE KRISHNA TEA ESTATE,Organized Estate / Factory,Assam,"SREE KRISHNA TEA GOLD, SREE",19
DUKHENHENGRA TEA P. LTD.SOCKIETING TEA ESTATE,Organized Estate / Factory,Assam,SOCKIETING,19
DURRUNG TEA ESTATE LIMITED DURRUNG TEA ESTATE,Organized Estate / Factory,Assam,DURRUNG,19
EASTERN DOOARS TEA COMPANY LTD DALOABARI TEA ESTATE,Organized Estate / Factory,Assam,,20
"DALOABARI,BANGLABARI,JEEVANS HREE EVER",Organized Estate / Factory,Assam,TEA PVT. LTDEVERASSAM TEA PVT. LTDASSAMANUBARI,20
FOGAWALA BALAJI TEA UNITGOHAINBAREE TEA FACTORY & STGS,Bought Leaf Factory (BLF),Assam,,20
"GOHAINBAREE, GOHAINBAREE PREMUM FUSION INDUSTRIESFUSION INDUSTRIES",Bought Leaf Factory (BLF),Assam,"ISHWAR GOLD, UMANG GOLD",20
G.D TIE-UP PVT LTD.BURRAPAHAR TEA ESTATE,Organized Estate / Factory,Assam,BURRAPAHAR,20
ARUN TEA ESTATE,Organized Estate / Factory,Assam,ARUN,20
BETJAN TEA ESTATE,Organized Estate / Factory,Assam,BETJAN TEA ESTATE,20
"DOORIA TEA ESTATE, BORKATONEE TEA ESTATE, GORUNGA TEA ESTATE",Organized Estate / Factory,Assam,DOORIA,20
GORUNGA TEA FACTORY & STG,Bought Leaf Factory (BLF),Assam,GORUNGA (KOTHARI PREMIUM),20
GOBINDAPORE & BIJLEEJAN TEA ESTATE,Organized Estate / Factory,Assam,BIJLEEJAN TEA,20
GONESHBARI TEA COMPANY P LTD GONESHBARI TEA ESTATE,Organized Estate / Factory,Assam,GONESHBARI,20
NONAIPARA TEA FACTORY & STG,Bought Leaf Factory (BLF),Assam,TUSKER VALLEY,20
COOMBERGRAM TEA ESTATE,Organized Estate / Factory,Assam,COOMBERGRAM,20
ORANGAJULI TEA FACTORY & STG,Bought Leaf Factory (BLF),Assam,BORNADI,20
NONAIPARA TEA FACTORY,Organized Estate / Factory,Assam,NONAIPARA,20
ORANGAJULI TEA ESTATE,Organized Estate / Factory,Assam,ORANGAJULI,20
HARCHURAH TEA ESTATE,Organized Estate / Factory,Assam,HARCHURAH,20
GOPAL KRISHNA TEA CO. PVT LTD GOPAL KRISHNA TE,Organized Estate / Factory,Assam,GOPAL KRISHNA TEA,21
GOROMPANI AGRO TEA FACTORY & STGS,Bought Leaf Factory (BLF),Assam,,21
"GOROMPANI, NAHORBARI, NAHORBARI GOLAGHAT GROB TEA COMPANYTEEN ALI",Organized Estate / Factory,Assam,TEENALI,21
HALMIRA ESTATE TEA PRIVATE HALMIRA TEA ESTATE,Organized Estate / Factory,Assam,HALMIRA,21
HARISHPUR TEA COMPANY PVT. LTD HARISHPUR TE,Organized Estate / Factory,Assam,HARISHPUR,21
HIRAJULI TEA COMPANY LIMITED HIRAJULI TEA ESTATE & FACTORY,Organized Estate / Factory,Assam,HIRAJULI,21
HOLLONGHABHI TEA ESTATE PVT. LTD. HOLLONGHABI TEA ESTATE & STG,Organized Estate / Factory,Assam,HOLLONGHABI,21
HOOGRAJULI (ASSAM) TEA COMPANY HOOGRAJULI TEA ESTATE,Organized Estate / Factory,Assam,HOOGRAJULI,21
HORUJAN TEA COMPANYHORUJAN TEA COMPANY,Organized Estate / Factory,Assam,,21
ISHWAR TEA COMPANY PVT LTD - SHG,Organized Estate / Factory,Assam,"GODUKA, MOHANBAG",21
J J TEA PVT LTDSRI DANGARIA TEA FACTORY & STG,Bought Leaf Factory (BLF),Assam,DANGARIA TEA,21
J M AGRO INDUSTRIESDHOLLA TEA ESTATE & FACTORY,Tea Processor / Unit,Assam,DHOLLA,21
JAGUNBARI TEA COMPANYJAGUNBARI TEA COMPANY,Organized Estate / Factory,Assam,JAGUNBARI TEA,21
JAINEX TEA COMPANY PVT LTD KALIAPANI TEA FACTORY,Organized Estate / Factory,Assam,"KALIAPANI, SHALMARI",21
JALANNAGAR DEVEOPMENT PVT. LTD. CHOTA TINGRAI,Organized Estate / Factory,Assam,CHOTA TINGRAI,21
JALLAN FURKATING TEA CO. PVT. LTD. FURKATING TEA FACTORY & STG,Bought Leaf Factory (BLF),Assam,FURKATING,21
MELENG TEA ESTATE,Organized Estate / Factory,Assam,,21
"TOWKOK, MANGALAM & MANJUSHREE TEA ESTATES",Organized Estate / Factory,Assam,,21
JAYANTI TEA PVT LTDJAYANTI TEA PVT LTD -SHG,Organized Estate / Factory,Assam,"JAYANTI, MISSAMARA",22
BURTOLL TEA ESTATE,Organized Estate / Factory,Assam,,22
"BURTOLL, BURTOLL GOLD, BURTOLL SPECIAL DEWAN TEA ESTATE",Organized Estate / Factory,Assam,,22
"DEWAN, DEWAN GOLD, DEWAN SPECIAL, DEWAN CLONAL JELLALPORE TEA ESTATE",Organized Estate / Factory,Assam,,22
"SPECIAL, JELLALPORE CLONAL, JELLALPORE NORMAL LABAC TEA ESTATE",Organized Estate / Factory,Assam,,22
"LABAC CLONAL, LABAC GOLD, LABAC SPECIAL KALLINE TEA ESTATE",Organized Estate / Factory,Assam,,22
"KALLINE GOLD, KALLINE SPL, KALLINE GOLD 1 NAHORHABI TEA ESTATE",Organized Estate / Factory,Assam,,22
"PARBATIPUR TEA ESTATE, MULCHANDBAG TEA ESTATE",Organized Estate / Factory,Assam,"JODHPUR TEA RL/CL , JODHPUR",22
JOONKTOLLEE TEA -STG,Organized Estate / Factory,Assam,DEESANG,22
JOONKTOLLEE TE,Organized Estate / Factory,Assam,JOONKTOLLEE,22
JAMIRAH TE,Organized Estate / Factory,Assam,JAMIRAH,22
NILMONI TEA ESTATE,Organized Estate / Factory,Assam,RANGABAM,22
JUTLIBARI TEA AND PLANTATIONS LLP JUTLIBARI TEA ESTATE,Organized Estate / Factory,Assam,JUTLIBARI,22
KADAMBA TEA COMPANYKADAMBA TEA COMPANY AND STG,Organized Estate / Factory,Assam,KADAMB ESTATE,22
KAKADONGA TEA ESTATES PVT. LTD KAKADONGA TE,Organized Estate / Factory,Assam,KAKADONGA TEA ESTATE,22
KALYANI TEA COMPANY LTD.KENDUGURI TE,Organized Estate / Factory,Assam,,23
KAMARBANDHA TEA FACTORY KAMARBANDHA TEA FACTORY,Organized Estate / Factory,Assam,KAMARBANDHA,23
KANCO TEA AND INDUSTRIES LTD BAMONPOOKRIE TEA ESTATE,Organized Estate / Factory,Assam,BAMONPOOKRIE,23
KANCO TEA INDUSTRIES LIMITED MACKEYPORE TE,Bought Leaf Factory (BLF),Assam,MACKEYPORE,23
KANKARIA TEA CO.KRISHNA SUSHAIBINI TE,Organized Estate / Factory,Assam,KRISHNA TEA,23
KANOI PLANTATIONS P. LTDDOOLAHAT TEA ESTATE FACTORY,Organized Estate / Factory,Assam,DOOLAHAT,23
JORBAGH TEA FACTORY & LINGRIPOOKRIE TEA ESTATE,Organized Estate / Factory,Assam,LIGRIPOOKRIE TEA,23
KESHAN TEA INDUSTRIESKESHAN TEA FACTORY & STGS,Bought Leaf Factory (BLF),Assam,"TARINIBARI, PURVANYA",23
KESHAVA PLANTATIONS PVT LTD AZIZBAGH TEA ESTATE,Organized Estate / Factory,Assam,AZIZBAGH,23
KOLONY TEA ESTATE PRIVATE LTD KOLONY TE,Organized Estate / Factory,Assam,KOLONY,23
KOOMBER TEA ESTATEKOOMBER TEA ESTATE,Organized Estate / Factory,Assam,KOOMBER,23
KORANGANI TEA CO. PVT. LTD KORANGANI TEA CO. PVT. LTD,Organized Estate / Factory,Assam,KORANGANI,23
KRISHNABEHARI TEA CO. LTD.KRISHNABEHARI TE,Organized Estate / Factory,Assam,,23
"KRISHNABEHARI ROYAL, KRISHNABEHARI KRISSHIVSAI TEA PRODUCERSKRISSHIVSAI TEA PRODUCERS",Organized Estate / Factory,Assam,MURLI,23
KYANG TEA SEEDCO. LTDNEWPURUPBARI TEA ESTATE &,Organized Estate / Factory,Assam,NEW PURUPBARI,23
LAKHESHWARI TEA INDUSTRIES LAKHESHWARI TEA FACTORY & STGS,Bought Leaf Factory (BLF),Assam,"KALIBARI, JAZZY",23
LALBAGAN TEA LLPSIRAJULI TEA FACTORY & STGs,Bought Leaf Factory (BLF),Assam,LALBAGAN,23
LALLAMOOKH TEA COMPANY P. LTD LALLAMOOKH TEA,Organized Estate / Factory,Assam,LALLAMOOKH,23
LANKASHI TEA & SEEDS ESTATES PVT. LTD,Organized Estate / Factory,Assam,LANKASHI,24
LAOJAN TEA CO. PVT. LTD. LAOJAN TEA FACTORY & STGs,Bought Leaf Factory (BLF),Assam,LAOJAN,24
LAXMI TEA INDUSTRIESLAXMI TEA FACTORY & STG,Bought Leaf Factory (BLF),Assam,"BORGURI, BORGURI ROYAL",24
LAXMI TEA PROCESSORS COMPANY PVT LTD,Organized Estate / Factory,Assam,"LAXMIBARI, LAKHIJURI",24
LEKHAPANI TEA COMPANY PVT LTD- STG,Organized Estate / Factory,Assam,LEKHAPANI TEA,24
NARAYANPUR TEA ESTATE,Organized Estate / Factory,Assam,NARAYANPUR,24
ADDABARIE TEA ESTATE,Organized Estate / Factory,Assam,ADDABARIE HIGH GROWN,24
MAHAKALI TEA ESTATE,Organized Estate / Factory,Assam,,24
"MAHAKALI HIGH GROWN, MAHAKALI HIGH GROWN OR BHUYANKHAT TE & STG",Organized Estate / Factory,Assam,BHUYANKHAT,24
LEPETKATTA TEA ESTATE,Organized Estate / Factory,Assam,,24
"LEPETKATTA HIGH GROWN DO FOR DUST GRADE, SEPON TEA ESTATE",Organized Estate / Factory,Assam,,24
SEPON HIGH GROWN DO FOR DUST GRADE MORAN TEA ESTATE & FACTORY,Organized Estate / Factory,Assam,,24
"grade, Moran High Grown -OD for Dust grade ATTABARIE TEA ESTATE & FACTORY",Organized Estate / Factory,Assam,,24
DIRAI TEA ESTATE,Organized Estate / Factory,Assam,,25
"GROWN- OR, DIRAI HIGH GROWN- DO MONMOHINIPUR FACTORY & ESTATE",Organized Estate / Factory,Assam,MONMOHINIPUR,25
SHYAMAGURI TEA ESTATE & FACTORY,Organized Estate / Factory,Assam,SHYAMAGURI,25
M/S ATCO TEA CO. PVT. LTDATCO TEA FACTORY & STG,Bought Leaf Factory (BLF),Assam,LACHITNAGAR,25
CINNATOLLIAH TEA GARDEN AND FACTORY,Organized Estate / Factory,Assam,CINNATOLLIAH,25
M/S LUHIT TEA COMPANY PVT LTD M/S LUHIT TEA COMPANY PVT LTD,Organized Estate / Factory,Assam,SHIVAMGURI,25
M/S MANGLA TEA FACTORYM/S MANGLA TEA FACTORY,Organized Estate / Factory,Assam,SINGIMARI,25
M/S. SONABHEEL TEA LTD.SONABHEEL TEA ESTATE,Organized Estate / Factory,Assam,SONABHEEL,25
MADHHUPUR TEA ESTATE FACTORY & STG,Organized Estate / Factory,Assam,"MADHUPUR,MADHUPUR-BL",25
OATING TEA ESTATE FACTORY,Organized Estate / Factory,Assam,"OATING, OATING-BL",25
MADHUTING TEA PVT. LTDMADHUTING TE,Organized Estate / Factory,Assam,"MADHUTING, MADHUHATI",25
MAHABIR TEA ESTATEMAHABIR TEA ESTATE,Organized Estate / Factory,Assam,"JOKAI, SAINAGAR",25
MAHADEOBARI TEA COMPANY PVT. LTD. MAHADEOBARI TEA ESTATE,Organized Estate / Factory,Assam,MAHADEOBARI,25
MANABARRIE TEA CO. LTDKACHARIGAON TEA ESTATE,Organized Estate / Factory,Assam,KACHARIGAON,25
MANDHANIA TEA & INDUSTRIES MANDHANIA TEA & INDUSTRIES- SHG,Bought Leaf Factory (BLF),Assam,,25
"DHOOM, DIMORUGURI, SATYAM, MIRABARI MANIPUR TEA CO. PVT. LTD.MANIPUR TEA ESTATE",Organized Estate / Factory,Assam,"ANJANEYA, MANIPUR",25
MANKHOWA TEA COMPANYMANKHOWA TEA ESTATE,Organized Estate / Factory,Assam,,25
"MANKHOWA - GOLD, MANKHOWA MANTRI TEA CO PVT. LTDPATHINI TEA ESTATE",Organized Estate / Factory,Assam,"PATHINI, VASUNDHARA",25
MARANGI PVT LTD.MARANGI TEA ESTATE & FACTORY &,Organized Estate / Factory,Assam,"MARANGI, UDAYAN",25
MAZBAT TEA ESTATE LTDMAZBAT TEA ESTATE,Organized Estate / Factory,Assam,"MAZBAT, MAGAON, MAZBAT",25
"GOGRA TEA ESTATE, HALEM TEA ESTATE, MONABARI TEA ESTATE &",Organized Estate / Factory,Assam,,26
"ESTATE,PANEERY TEA ESTATE,DIMAKUSI TEA ESTATE,",Organized Estate / Factory,Assam,,26
"ESTATE,RUPAJULI TEA ESTATE, TEZPORE AND GOGRA TEA ESTATES &",Organized Estate / Factory,Assam,,26
MARGHERITA TEA ESTATE & NAMDANG TEA ESTATE & FACTORIES,Organized Estate / Factory,Assam,,26
"HUNWAL ESTATE, RAJMAI ESTATE, BEHORA ESTATE, BUKHIAL FACTORIES",Organized Estate / Factory,Assam,,26
"HUNWAL, RAJMAI, BEHORA, BUKHIAL BAGHJAN TEA ESTATE",Organized Estate / Factory,Assam,BAGHJAN,26
BEESAKOPIE TEA ESTATE,Organized Estate / Factory,Assam,BEESAKOPIE,26
BORDUBI TEA ESTATE,Organized Estate / Factory,Assam,BORDUBI TE,26
PHILLOBARI TEA ESTATE,Organized Estate / Factory,Assam,PHILLOBARI TE,26
GINGIA TE,Organized Estate / Factory,Assam,GINGIA TEA ESTATE,26
KOILAMARI TE,Organized Estate / Factory,Assam,KOILAMARI,26
KOOMSONG TE,Organized Estate / Factory,Assam,KOOMSONG T.E,26
MAJULIGHUR TE,Organized Estate / Factory,Assam,MAJULIGHUR,26
SINGLIJAN TE,Organized Estate / Factory,Assam,SINGLIJAN TE,26
RAIDANG TEA ESTATE,Organized Estate / Factory,Assam,RAIDANG T.E.,26
SAMDANG TEA ESTATE,Organized Estate / Factory,Assam,SAMDANG(orthodox),26
SEAJULI,Organized Estate / Factory,Assam,SEAJULI TEA ESTATE,27
MLD GROUP- BATELI TEA COMPANY LTD BATELI TEA ESTATE & STG,Organized Estate / Factory,Assam,BATELI,27
MODI TEA & INDUSTRIES PVT. LTD MODI TEA & INDUSTRIES PVT. LTD,Bought Leaf Factory (BLF),Assam,"MODI TEA , MODI TEA CLONAL",27
MOKALBARI KANOI TEA ESTATE P. LTD MOKALBARI TEA ESTATE,Organized Estate / Factory,Assam,,27
"KAMAKHYABARI EAST, KAMAKHYABARI MONKHOOLI TEA CO.MONKHOOLI TEA CO.- SHG",Organized Estate / Factory,Assam,MONKHOOLI,27
MUKTABARI TEA ESTATE PVT. LTD (MUKTABARI) MUKTABARI TEA ESTATE & STG,Organized Estate / Factory,Assam,MUKTABARI,27
MURARI TEA INDUSTRIES-FACTORY & SHG,Bought Leaf Factory (BLF),Assam,SHIVKALYANI,27
NABIBON TEA COMPANYNABIBON TEA COMPANY,Organized Estate / Factory,Assam,"NABIBON, LENA, ALINA",27
NAGAHAT TEA ESTATE PVT. LTD. NAGAHAT TEA ESTATE PVT. LTD.,Organized Estate / Factory,Assam,"DIKRONG, NAGAHAT",27
NARSINGPORE TEA COMPANY NARSINGPORE TE & FACTORY,Organized Estate / Factory,Assam,"NARSINGPORE, KALACHERRA",27
NAUPUKHURI TEA COMPANYNAUPUKHURI TEA COMPANY,Organized Estate / Factory,Assam,NAUPUKHURI,27
NEELAMBER TEA LLPNEELAMBER TEA LLP,Organized Estate / Factory,Assam,GAJANAN,27
NEFAA TEA INDUSTRIESNEFAA TEA INDUSTRIES & STG,Bought Leaf Factory (BLF),Assam,"NEFAA, ARYA,ARYAN, CAMBRIC",27
NEW RANGSALI PLANTATION PVT. LTD. NEW RANGSALI FACTORY & ESTATES,Organized Estate / Factory,Assam,KARBI VALLEY,27
NEW SONWAL TEA CO. (P) LTD NEW SONWAL TEA ESTATE &SHG,Organized Estate / Factory,Assam,NEW SONOWAL T.E.,27
PABHOJAN TEA ESTATEPABHOJAN TE,Organized Estate / Factory,Assam,PABHOJAN,27
PANBARI TEA COMPANYPANBARI TEA ESTATE,Organized Estate / Factory,Assam,"PANBARI, BORCHOLA",27
PARAMESHWARI TEA COMPANY & STG,Organized Estate / Factory,Assam,,27
"BORNEWRIA, SILONIJAN, KARBI- GOLD DECKIAJULI TEA ESTATE & STG",Organized Estate / Factory,Assam,"DECKIAJULI, JIASIL",27
RAJAJULI FACTORY & STG,Bought Leaf Factory (BLF),Assam,RAJAJULI,28
PATKAI TEA CO. PVT. LTD.PATKAI FACTORY & STG,Bought Leaf Factory (BLF),Assam,,28
PENGREEGARH TEA COMPANY PENGREEGARH TEA COMPANY,Organized Estate / Factory,Assam,PENGREEGARH TEA,28
POPULAR TIE UP PVT. LTD. SELENG TEA ESTATE,Organized Estate / Factory,Assam,SELENG TEA ESTATE,28
PRABHUNI TEA COMPANYPRABHUNI TEA FACTORY,Organized Estate / Factory,Assam,"KAMARBUND, BORSAIKOTA",28
PULIBOR TEA PVT LTDPULIBOR TEA PVT LTD,Organized Estate / Factory,Assam,PULIBOR TEA,28
PULSAR COMMERCE PVT. LTD PABHOI TE,Organized Estate / Factory,Assam,PABHOI,28
RADHA TEA COMPANY PRIVATE LIMITED,Organized Estate / Factory,Assam,MOUKHOWAH,28
RAMESHWARA TEA PROCESSING UNIT RAMESHWARA TEA FACTORY & STG,Bought Leaf Factory (BLF),Assam,SUBANSIRI,28
RAMJULI TEA COMPANYRAMJULI TEA FACTORY,Organized Estate / Factory,Assam,"GOROIMARI, RAMJULI",28
REGINA TEA COMPANY P. LTD REGINA TEA COMPANY P. LTD,Organized Estate / Factory,Assam,"ULLAH, MIRAJULI, DIYA",28
RIDDHI SIDDHI PLANTATIONSJAIPUR TEA ESTATE,Organized Estate / Factory,Assam,JAIPUR,28
RIVER VALLEY TEA COMPANY PVT. LTD BEHUBOR TE,Organized Estate / Factory,Assam,BEHUBOR TEA ESTATE,28
RNT PLANTATIONSLUKWAH TE,Organized Estate / Factory,Assam,LUKWAH,28
KHARIKATIA TEA ESTATE,Organized Estate / Factory,Assam,KHARIKATIA,28
ROMAI TEA ESTATE,Organized Estate / Factory,Assam,ROMAI,28
ROSSELL INDIA LTD.NAGRIJULI TEA ESTATE & STG,Organized Estate / Factory,Assam,"NAGRIJULI, BANSIBAGH",28
ROYAL TEA COMPANYPARVATI TEA FACTORY & STG,Bought Leaf Factory (BLF),Assam,"JODHABARI, JODHABARI ESTATE",28
RUKMANI TEA INDUSTRIES PVT. LTD HANUMANBAG TE,Bought Leaf Factory (BLF),Assam,HANUMANBAG,28
CHANDIGHAT TE,Organized Estate / Factory,Assam,,28
GHILLIDARY TE- STG,Organized Estate / Factory,Assam,GHILLIDARY N,29
GHILLIDARY TE,Organized Estate / Factory,Assam,GHILLIDARY,29
RUPAI TEA INDUSTRYRUPAI BOUGHT LEAF FACTORY & STG,Bought Leaf Factory (BLF),Assam,RUPAI(MS),29
RUTTONPORE PLANTATIONS PVT. LTD. RUTTONPORE TEA ESTATE,Organized Estate / Factory,Assam,"RUTTONPORE, SUPRABHA",29
DUKLUNGIA TEA ESTATE,Organized Estate / Factory,Assam,DUKLINGIA,29
KOPATI TEA ESTATE,Organized Estate / Factory,Assam,"KOPATI, KANT",29
SALKATHONI TEA ESTATESALKATHONI TEA ESTATE- STG,Organized Estate / Factory,Assam,SALKATHONI CL,29
SALONAH TEA PVT. LTD.SALONAH TEA ESTATE,Organized Estate / Factory,Assam,SALONAH,29
SAMPRIKIMI TEA INDUSTRIESSAMPRIKIMI TEA INDUSTRIES,Bought Leaf Factory (BLF),Assam,REKHAPAHAR,29
SANJEEVANI TEA INDUSTRIESSANJEEVANI TEA FACTORY & STG,Bought Leaf Factory (BLF),Assam,"PADMAMUKHI, MATANGBAGH",29
SANJIV TEA INDUSTRIES PVT LTD SANJIV TEA INDUSTRIES PVT LTD,Bought Leaf Factory (BLF),Assam,SANJIV TEA,29
SANKAR TEA COMPANY PVT LTD SANKAR TEA FACTORY,Organized Estate / Factory,Assam,GAURI SANKAR,29
SATYANARAYAN TEA CO. P. LTD SATYANARAYAN TEA ESTATE & SHG,Organized Estate / Factory,Assam,,29
SEGUNBARI TEA COMPANY LTD. SEGUNBARI TEA ESTATE,Organized Estate / Factory,Assam,"SEGUNBARI GOLD, SEGUNBARI",29
SENGAJAN TEA COSENGAJAN TE,Organized Estate / Factory,Assam,SENGAJAN,29
SHANTIBARI TEA PRODUCER COMPANY LTD,Organized Estate / Factory,Assam,RAJOI,29
SHRISTI TEA INDUSTRY SHRISTI BLF & STG,Bought Leaf Factory (BLF),Assam,SONESWARI TEA,29
SHYAMARAIPORE TEA ESTATE SHYAMARAIPORE TEA ESTATE,Organized Estate / Factory,Assam,SAMRAIPUR,29
SILONIBARI TEA COMPANY P. LTD. SILONIBARI TE,Organized Estate / Factory,Assam,SILONIBARI,29
SINGHI INDUSTRIES PVT. LTD.BALIJAN FACTORY & STG,Bought Leaf Factory (BLF),Assam,GINI NOVA,30
Singlo Suffry Tea Estate LLPSUFFRY TEA ESTATE FACTORY,Organized Estate / Factory,Assam,"SUFFRY CTC, SUFFRY OR",30
SINGRIMARI TEA ESTATESINGRIMARI TEA ESTATE,Organized Estate / Factory,Assam,SINGRIMARI,30
SONALI TEA INDUSTRIESSONALI TEA INDUSTRIES,Bought Leaf Factory (BLF),Assam,"SONALI, SHEETALBARI",30
SONARIE TEA CO. PVT LTDSONARIE TEA ESTATE,Organized Estate / Factory,Assam,SONARIE,30
SOOKERATING TEA ESTATE P LTD SOOKERATING TEA ESTATE,Organized Estate / Factory,Assam,SOOKERATING,30
SOTAI TEA COMPANY P. LTDSOTAI TE,Organized Estate / Factory,Assam,SOTAI,30
BORPATRA TEA GARDEN,Organized Estate / Factory,Assam,BORPATRA,30
DEJOO TEA FACTORY & STG,Bought Leaf Factory (BLF),Assam,KIMIN,30
DEJOO TEA FACTORY,Organized Estate / Factory,Assam,DEJOO,30
HARMUTTY TEA FACTORY & STG,Bought Leaf Factory (BLF),Assam,OHAT,30
HARMUTTY TEA FACTORY,Organized Estate / Factory,Assam,HARMUTTY,30
SUBLIME AGRO LTDDOOMNI TEA ESTATE,Tea Processor / Unit,Assam,DOOMNI TEA ESTATE,30
SUKLAI TEA CO. PVT. LTD.SUKLAI TEA FACTORY,Organized Estate / Factory,Assam,SUKLAI,30
SUNTOK TEA CO LLPMANOHARI TEA ESTATE,Organized Estate / Factory,Assam,MANOHARI,30
SUNTOK TEA ESTATESUNTOK TEA ESTATE,Organized Estate / Factory,Assam,SUNTOK,30
SUPRABHATAM TEA COMPANY SUPRABHATAM TEA COMPANY,Organized Estate / Factory,Assam,"RADHAJULI, RADHAJULI GOLD",30
SURAJ,Organized Estate / Factory,Assam,,30
MANUFACTURING TE CO. P.LTD FATHEPUR TEA FACTROY,Organized Estate / Factory,Assam,"SURAJ, SATFUL",30
SURYA TEA INDUSTRIESSURYA TEA INDUSTRIES,Bought Leaf Factory (BLF),Assam,"LANGARIA,SURYA",30
SUYASH TEA COMPANY PRIVATE LIMITED RANGSALI TEA FACTORY,Organized Estate / Factory,Assam,RUPKALIA,30
SWANANDA TEA PRIVATE LIMITED SEALKOTEE TEA ESTATE,Organized Estate / Factory,Assam,SEALKOTEE,30
TEAMAFCO PRIVATE LIMITEDTEAMAFCO FACTORY & STGs,Bought Leaf Factory (BLF),Assam,"TEAMAFCO,BELBARI",30
"ANANDABAG TEA ESTATE, CHOKHANI TEA AND TEA SEED ESTATE",Organized Estate / Factory,Assam,ANANDA- BAG,30
COMPANY MATIAPAHAR TEA FACTORY & STGS,Bought Leaf Factory (BLF),Assam,MATIAPAHAR,31
THE CHAMONG TEA CO. DUFLATING TE,Organized Estate / Factory,Assam,DUFLATING TEA ESTATE,31
DESSOIE TEA ESTATE & FACTORY,Organized Estate / Factory,Assam,DESSOIE TEA,31
KANU TEA ESTATE,Organized Estate / Factory,Assam,GROB KANU TEA ESTATE,31
THE JOREHAUT AGRO LIMITED BHADRA TEA FACTORY,Tea Processor / Unit,Assam,BHADRA TEA FACTORY,31
"BORSAPORI, NUMALIGHUR, RUNGAGORA & LANGHARJAN",Organized Estate / Factory,Assam,,31
"NUMALIGHAR STG, RUNGAGORA STG & LANGHARJAN STG",Organized Estate / Factory,Assam,"LAKSHYA, GARV, MEGH",31
THE SCOTTISH,Organized Estate / Factory,Assam,(INDIA),31
LTD HEELEAKAH TEA ESTATE,Organized Estate / Factory,Assam,HEELEAKAH,31
THE TELIOJAN TEA COMPANY LTD TELIOJAN TEA ESTATE & FACTORY,Organized Estate / Factory,Assam,,31
"TELOIJAN CLONAL, TELOIJAN, TELOIJAN SPECIAL TIKOK TEA COMPANYTIKOK TEA COMPANY",Organized Estate / Factory,Assam,TIKOK TEA,31
TINKHARIA TEA PVT. LTDTINKHARIA TEA ESTATE,Organized Estate / Factory,Assam,TINKHARIA T.E.,31
Tirual Bortimon Tea Estates Pvt. Ltd. Tirual Tea Estate Factory,Organized Estate / Factory,Assam,,31
"TIRUAL PREMIUM, NAKACHARI, TIRUAL SPECIAL TONGANI TEA COMPANY LTDTONGANI TEA ESTATE",Organized Estate / Factory,Assam,TONGANI T.E.,31
TSANGPOOL TEA PVT. LTD. TSANGPOOL FACTORY & STG,Bought Leaf Factory (BLF),Assam,"TSANGPOOL TEA, BEELGAON TEA",31
TYROON TEA CO. LTDTYROON TEA COMPANY,Organized Estate / Factory,Assam,TYROON,31
VAIBHAV TEA COMPANYVAIBHAV TEA COMPANY,Organized Estate / Factory,Assam,"KALASH GOLD, VAIBHAV TEA,",31
VARHDHMAN TEA TRADING COMPANY PRIVATE LIMITED SONA,Tea Processor / Unit,Assam,TEA FACTORYASSAM,31
"GEMI, KAANCHAN, RANGBARRIE, STAR, EVERSHINE DEOHALL TEA ESTATE",Organized Estate / Factory,Assam,DEOHALL,31
DUAMARA TEA ESTATE,Organized Estate / Factory,Assam,DUAMARA,31
MADHUTING TEA PVT. LTD.HATIMARA TEA ESTATE,Organized Estate / Factory,Assam,HATIMARA,31
WARREN TEA LIMITEDTARA TEA ESTATE,Organized Estate / Factory,Assam,TARA,32
WELCOME TEA COMPANY WELCOME TEA COMPANY-SHG,Organized Estate / Factory,Assam,"KAIZEN, WELLCOME, KAILYN",32
WEST BENGAL MANUFACTURING PVT. LTD TIOK TEA ESTATE & STG,Organized Estate / Factory,Assam,,32
MANAKAMNA TEA INDUSTRIES PRIVATE LIMITED,Bought Leaf Factory (BLF),Assam,"KASHISH, MADATI",32
GREEN,Organized Estate / Factory,Assam,TEA,32
INDUSTRIES GREEN,Bought Leaf Factory (BLF),Assam,"TEA INDUSTRIESASSAMDULIAGURI, NAHOLIA",32
SHREE TEA (ASSAM) MANUFACTURING INDUSTRIES LTD.,Bought Leaf Factory (BLF),Assam,,32
"PANIMORE, HAFLONGURI, MAYONGBARI, MAIBONG B & A LTD.SANGSUA",Organized Estate / Factory,Assam,SANGSUA,32
DHURJYOTI TEA CO. PVT. LTDDHURJYOTI TEA CO. PVT. LTD,Organized Estate / Factory,Assam,"BIHUWAN, KORANI, KUJUPOTHAR",32
DIGULTURRUNG TEA ESTATEDIGULTURRUNG TEA ESTATE,Organized Estate / Factory,Assam,"DIGULTURRUNG, OAKLANDS",32
GOLAGHAT TEA MAKERSGOLAGHAT TEA MAKERS,Organized Estate / Factory,Assam,"DHULIAGAON, KHATUBARI",32
RANGLAL TEA & INDUSTRIES PRIVATE LIMITED,Bought Leaf Factory (BLF),Assam,"JALPUNIA, RANGLAL",32
Tamulbari Tea Co Pvt. Ltd.TAMULBARI TEA ESTATE,Organized Estate / Factory,Assam,TAMULBARI,32
WORTHY TEA COMPANY PVT. LTD. WORTHY TEA COMPANY PVT. LTD.,Organized Estate / Factory,Assam,WORTHY,32
SITAPUR TEA COMPANYSITAPUR TEA COMPANY,Organized Estate / Factory,Assam,SITAPUR,32
GAURIPUR TEA INDUSTRYGAURIPUR TEA INDUSTRY,Organized Estate / Factory,Assam,,32
TELOIJAN TECHNO AGRO LIMITED TELOIJAN TECHNO AGRO LIMITED,Tea Processor / Unit,Assam,,32
DHELAKHAT TEA ESTATEDHELAKHAT TEA ESTATE,Organized Estate / Factory,Assam,Dhelakhat Tea Estate,32
New Manas Tea Estates Private Limited NIRMALA TEA ESTATE,Organized Estate / Factory,Assam,NIRMALA,32
GONESHBARI TEA COMPANY PVT. LTD. GONESHBARI TEA ESTATE,Organized Estate / Factory,Assam,GONESHBARI,33
DAMAYANTI TEA INDUSTRIESDAMAYANTI TEA INDUSTRIES,Bought Leaf Factory (BLF),Assam,DAMAYANTI,33
MUNIN PHUKAN AGRO ESTATE MUNIN PHUKAN AGRO ESTATE,Tea Processor / Unit,Assam,"RITUBAN T.E., KAMALDOI T.E.",33
RUPAI TEA ESTATE LLPRUPAI TEA ESTATE LLP,Organized Estate / Factory,Assam,"Rupai, Rupai North",33
Methoni Tea Estate ( RCP Solution & Services Pvt. Ltd.),Organized Estate / Factory,Assam,Methoni,33
