garden_id,alias,normalized_alias,alias_type,source_id,confidence,reviewed,notes
gs-dooars-aibheel,Aibheel,aibheel,source,tea-gis-jalpaiguri-atlas-2015,high,yes,
gs-dooars-aibheel,Aibheel Tea Estate,aibheel,generated_search,generated,medium,no,
gs-dooars-aibheel,Aibheel Tea Garden,aibheel,generated_search,generated,medium,no,
gs-dooars-aibheel,Aibheel T.E.,aibheel,generated_search,generated,medium,no,
gs-dooars-aibheel,Aibheel T.G.,aibheel,generated_search,generated,medium,no,
gs-dooars-amarpur,Amarpur,amarpur,source,tea-gis-jalpaiguri-atlas-2015,high,yes,
gs-dooars-amarpur,Amarpur Tea Estate,amarpur,generated_search,generated,medium,no,
gs-dooars-amarpur,Amarpur Tea Garden,amarpur,generated_search,generated,medium,no,
gs-dooars-amarpur,Amarpur T.E.,amarpur,generated_search,generated,medium,no,
gs-dooars-amarpur,Amarpur T.G.,amarpur,generated_search,generated,medium,no,
gs-dooars-ambari,Ambari,ambari,source,tea-gis-jalpaiguri-atlas-2015,high,yes,
gs-dooars-ambari,Ambari Tea Estate,ambari,generated_search,generated,medium,no,
gs-dooars-ambari,Ambari Tea Garden,ambari,generated_search,generated,medium,no,
gs-dooars-ambari,Ambari T.E.,ambari,generated_search,generated,medium,no,
gs-dooars-ambari,Ambari T.G.,ambari,generated_search,generated,medium,no,
gs-dooars-anandapur,Anandapur,anandapur,source,tea-gis-jalpaiguri-atlas-2015,high,yes,
gs-dooars-anandapur,Anandapur Tea Estate,anandapur,generated_search,generated,medium,no,
gs-dooars-anandapur,Anandapur Tea Garden,anandapur,generated_search,generated,medium,no,
gs-dooars-anandapur,Anandapur T.E.,anandapur,generated_search,generated,medium,no,
gs-dooars-anandapur,Anandapur T.G.,anandapur,generated_search,generated,medium,no,
gs-dooars-bagrakote,Bagrakote,bagrakote,source,tea-gis-jalpaiguri-atlas-2015,high,yes,
gs-dooars-bagrakote,Bagrakote Tea Estate,bagrakote,generated_search,generated,medium,no,
gs-dooars-bagrakote,Bagrakote Tea Garden,bagrakote,generated_search,generated,medium,no,
gs-dooars-bagrakote,Bagrakote T.E.,bagrakote,generated_search,generated,medium,no,
gs-dooars-bagrakote,Bagrakote T.G.,bagrakote,generated_search,generated,medium,no,
gs-dooars-baintgoorie,Baintgoorie,baintgoorie,source,tea-gis-jalpaiguri-atlas-2015,high,yes,
gs-dooars-baintgoorie,Baintgoorie Tea Estate,baintgoorie,generated_search,generated,medium,no,
gs-dooars-baintgoorie,Baintgoorie Tea Garden,baintgoorie,generated_search,generated,medium,no,
gs-dooars-baintgoorie,Baintgoorie T.E.,baintgoorie,generated_search,generated,medium,no,
gs-dooars-baintgoorie,Baintgoorie T.G.,baintgoorie,generated_search,generated,medium,no,
gs-dooars-bamandanga-tondoo,Bamandanga Tondoo,bamandanga tondoo,source,tea-gis-jalpaiguri-atlas-2015,high,yes,
gs-dooars-bamandanga-tondoo,Bamandanga Tondoo Tea Estate,bamandanga tondoo,generated_search,generated,medium,no,
gs-dooars-bamandanga-tondoo,Bamandanga Tondoo Tea Garden,bamandanga tondoo,generated_search,generated,medium,no,
gs-dooars-bamandanga-tondoo,Bamandanga Tondoo T.E.,bamandanga tondoo,generated_search,generated,medium,no,
gs-dooars-bamandanga-tondoo,Bamandanga Tondoo T.G.,bamandanga tondoo,generated_search,generated,medium,no,
gs-dooars-banarhat,Banarhat,banarhat,source,tea-gis-jalpaiguri-atlas-2015,high,yes,
gs-dooars-banarhat,Banarhat Tea Estate,banarhat,generated_search,generated,medium,no,
gs-dooars-banarhat,Banarhat Tea Garden,banarhat,generated_search,generated,medium,no,
gs-dooars-banarhat,Banarhat T.E.,banarhat,generated_search,generated,medium,no,
gs-dooars-banarhat,Banarhat T.G.,banarhat,generated_search,generated,medium,no,
gs-dooars-baradighi,Baradighi,baradighi,source,tea-gis-jalpaiguri-atlas-2015,high,yes,
gs-dooars-baradighi,Baradighi Tea Estate,baradighi,generated_search,generated,medium,no,
gs-dooars-baradighi,Baradighi Tea Garden,baradighi,generated_search,generated,medium,no,
gs-dooars-baradighi,Baradighi T.E.,baradighi,generated_search,generated,medium,no,
gs-dooars-baradighi,Baradighi T.G.,baradighi,generated_search,generated,medium,no,
gs-dooars-batabari,Batabari,batabari,source,tea-gis-jalpaiguri-atlas-2015,high,yes,
gs-dooars-batabari,Batabari Tea Estate,batabari,generated_search,generated,medium,no,
gs-dooars-batabari,Batabari Tea Garden,batabari,generated_search,generated,medium,no,
gs-dooars-batabari,Batabari T.E.,batabari,generated_search,generated,medium,no,
gs-dooars-batabari,Batabari T.G.,batabari,generated_search,generated,medium,no,
gs-dooars-beech,Beech,beech,source,tea-gis-jalpaiguri-atlas-2015,high,yes,
gs-dooars-beech,Beech Tea Estate,beech,generated_search,generated,medium,no,
gs-dooars-beech,Beech Tea Garden,beech,generated_search,generated,medium,no,
gs-dooars-beech,Beech T.E.,beech,generated_search,generated,medium,no,
gs-dooars-beech,Beech T.G.,beech,generated_search,generated,medium,no,
gs-dooars-bhandiguri,Bhandiguri,bhandiguri,source,tea-gis-jalpaiguri-atlas-2015,high,yes,
gs-dooars-bhandiguri,Bhandiguri Tea Estate,bhandiguri,generated_search,generated,medium,no,
gs-dooars-bhandiguri,Bhandiguri Tea Garden,bhandiguri,generated_search,generated,medium,no,
gs-dooars-bhandiguri,Bhandiguri T.E.,bhandiguri,generated_search,generated,medium,no,
gs-dooars-bhandiguri,Bhandiguri T.G.,bhandiguri,generated_search,generated,medium,no,
gs-dooars-bharnobari,Bharnobari,bharnobari,source,tea-gis-jalpaiguri-atlas-2015,high,yes,
gs-dooars-bharnobari,Bharnobari Tea Estate,bharnobari,generated_search,generated,medium,no,
gs-dooars-bharnobari,Bharnobari Tea Garden,bharnobari,generated_search,generated,medium,no,
gs-dooars-bharnobari,Bharnobari T.E.,bharnobari,generated_search,generated,medium,no,
gs-dooars-bharnobari,Bharnobari T.G.,bharnobari,generated_search,generated,medium,no,
gs-dooars-bhatkowa,Bhatkowa,bhatkowa,source,tea-gis-jalpaiguri-atlas-2015,high,yes,
gs-dooars-bhatkowa,Bhatkowa Tea Estate,bhatkowa,generated_search,generated,medium,no,
gs-dooars-bhatkowa,Bhatkowa Tea Garden,bhatkowa,generated_search,generated,medium,no,
gs-dooars-bhatkowa,Bhatkowa T.E.,bhatkowa,generated_search,generated,medium,no,
gs-dooars-bhatkowa,Bhatkowa T.G.,bhatkowa,generated_search,generated,medium,no,
gs-dooars-bhatpara,Bhatpara,bhatpara,source,tea-gis-jalpaiguri-atlas-2015,high,yes,
gs-dooars-bhatpara,Bhatpara Tea Estate,bhatpara,generated_search,generated,medium,no,
gs-dooars-bhatpara,Bhatpara Tea Garden,bhatpara,generated_search,generated,medium,no,
gs-dooars-bhatpara,Bhatpara T.E.,bhatpara,generated_search,generated,medium,no,
gs-dooars-bhatpara,Bhatpara T.G.,bhatpara,generated_search,generated,medium,no,
gs-dooars-bhogotpore,Bhogotpore,bhogotpore,source,tea-gis-jalpaiguri-atlas-2015,high,yes,
gs-dooars-bhogotpore,Bhogotpore Tea Estate,bhogotpore,generated_search,generated,medium,no,
gs-dooars-bhogotpore,Bhogotpore Tea Garden,bhogotpore,generated_search,generated,medium,no,
gs-dooars-bhogotpore,Bhogotpore T.E.,bhogotpore,generated_search,generated,medium,no,
gs-dooars-bhogotpore,Bhogotpore T.G.,bhogotpore,generated_search,generated,medium,no,
gs-dooars-binaguri,Binaguri,binaguri,source,tea-gis-jalpaiguri-atlas-2015,high,yes,
gs-dooars-binaguri,Binaguri Tea Estate,binaguri,generated_search,generated,medium,no,
gs-dooars-binaguri,Binaguri Tea Garden,binaguri,generated_search,generated,medium,no,
gs-dooars-binaguri,Binaguri T.E.,binaguri,generated_search,generated,medium,no,
gs-dooars-binaguri,Binaguri T.G.,binaguri,generated_search,generated,medium,no,
gs-dooars-birpara,Birpara,birpara,source,tea-gis-jalpaiguri-atlas-2015,high,yes,
gs-dooars-birpara,Birpara Tea Estate,birpara,generated_search,generated,medium,no,
gs-dooars-birpara,Birpara Tea Garden,birpara,generated_search,generated,medium,no,
gs-dooars-birpara,Birpara T.E.,birpara,generated_search,generated,medium,no,
gs-dooars-birpara,Birpara T.G.,birpara,generated_search,generated,medium,no,
gs-dooars-carron,Carron,carron,source,tea-gis-jalpaiguri-atlas-2015,high,yes,
gs-dooars-carron,Carron Tea Estate,carron,generated_search,generated,medium,no,
gs-dooars-carron,Carron Tea Garden,carron,generated_search,generated,medium,no,
gs-dooars-carron,Carron T.E.,carron,generated_search,generated,medium,no,
gs-dooars-carron,Carron T.G.,carron,generated_search,generated,medium,no,
gs-dooars-central-duars,Central Dooars,central duars,source,tea-gis-jalpaiguri-atlas-2015,high,yes,
gs-dooars-central-duars,Central Dooars Tea Estate,central duars,generated_search,generated,medium,no,
gs-dooars-central-duars,Central Dooars Tea Garden,central duars,generated_search,generated,medium,no,
gs-dooars-central-duars,Central Dooars T.E.,central duars,generated_search,generated,medium,no,
gs-dooars-central-duars,Central Dooars T.G.,central duars,generated_search,generated,medium,no,
gs-dooars-central-duars,Central Duars,central duars,generated_search,generated,medium,no,
gs-dooars-central-duars,Central Duars Tea Estate,central duars,generated_search,generated,medium,no,
gs-dooars-chalouni,Chalouni,chalouni,source,tea-gis-jalpaiguri-atlas-2015,high,yes,
gs-dooars-chalouni,Chalouni Tea Estate,chalouni,generated_search,generated,medium,no,
gs-dooars-chalouni,Chalouni Tea Garden,chalouni,generated_search,generated,medium,no,
gs-dooars-chalouni,Chalouni T.E.,chalouni,generated_search,generated,medium,no,
gs-dooars-chalouni,Chalouni T.G.,chalouni,generated_search,generated,medium,no,
gs-dooars-chinchula,Chinchula,chinchula,source,tea-gis-jalpaiguri-atlas-2015,high,yes,
gs-dooars-chinchula,Chinchula Tea Estate,chinchula,generated_search,generated,medium,no,
gs-dooars-chinchula,Chinchula Tea Garden,chinchula,generated_search,generated,medium,no,
gs-dooars-chinchula,Chinchula T.E.,chinchula,generated_search,generated,medium,no,
gs-dooars-chinchula,Chinchula T.G.,chinchula,generated_search,generated,medium,no,
gs-dooars-choonabhuti,Choonabhuti,choonabhuti,source,tea-gis-jalpaiguri-atlas-2015,high,yes,
gs-dooars-choonabhuti,Choonabhuti Tea Estate,choonabhuti,generated_search,generated,medium,no,
gs-dooars-choonabhuti,Choonabhuti Tea Garden,choonabhuti,generated_search,generated,medium,no,
gs-dooars-choonabhuti,Choonabhuti T.E.,choonabhuti,generated_search,generated,medium,no,
gs-dooars-choonabhuti,Choonabhuti T.G.,choonabhuti,generated_search,generated,medium,no,
gs-dooars-chuapara,Chuapara,chuapara,source,tea-gis-jalpaiguri-atlas-2015,high,yes,
gs-dooars-chuapara,Chuapara Tea Estate,chuapara,generated_search,generated,medium,no,
gs-dooars-chuapara,Chuapara Tea Garden,chuapara,generated_search,generated,medium,no,
gs-dooars-chuapara,Chuapara T.E.,chuapara,generated_search,generated,medium,no,
gs-dooars-chuapara,Chuapara T.G.,chuapara,generated_search,generated,medium,no,
gs-dooars-chuniajhora,Chuniajhora,chuniajhora,source,tea-gis-jalpaiguri-atlas-2015,high,yes,
gs-dooars-chuniajhora,Chuniajhora Tea Estate,chuniajhora,generated_search,generated,medium,no,
gs-dooars-chuniajhora,Chuniajhora Tea Garden,chuniajhora,generated_search,generated,medium,no,
gs-dooars-chuniajhora,Chuniajhora T.E.,chuniajhora,generated_search,generated,medium,no,
gs-dooars-chuniajhora,Chuniajhora T.G.,chuniajhora,generated_search,generated,medium,no,
gs-dooars-dalgaon,Dalgaon,dalgaon,source,tea-gis-jalpaiguri-atlas-2015,high,yes,
gs-dooars-dalgaon,Dalgaon Tea Estate,dalgaon,generated_search,generated,medium,no,
gs-dooars-dalgaon,Dalgaon Tea Garden,dalgaon,generated_search,generated,medium,no,
gs-dooars-dalgaon,Dalgaon T.E.,dalgaon,generated_search,generated,medium,no,
gs-dooars-dalgaon,Dalgaon T.G.,dalgaon,generated_search,generated,medium,no,
gs-dooars-damdim,Damdim,damdim,source,tea-gis-jalpaiguri-atlas-2015,high,yes,
gs-dooars-damdim,Damdim Tea Estate,damdim,generated_search,generated,medium,no,
gs-dooars-damdim,Damdim Tea Garden,damdim,generated_search,generated,medium,no,
gs-dooars-damdim,Damdim T.E.,damdim,generated_search,generated,medium,no,
gs-dooars-damdim,Damdim T.G.,damdim,generated_search,generated,medium,no,
gs-dooars-debipur,Debipur,debipur,source,tea-gis-jalpaiguri-atlas-2015,high,yes,
gs-dooars-debipur,Debipur Tea Estate,debipur,generated_search,generated,medium,no,
gs-dooars-debipur,Debipur Tea Garden,debipur,generated_search,generated,medium,no,
gs-dooars-debipur,Debipur T.E.,debipur,generated_search,generated,medium,no,
gs-dooars-debipur,Debipur T.G.,debipur,generated_search,generated,medium,no,
gs-dooars-debpara,Debpara,debpara,source,tea-gis-jalpaiguri-atlas-2015,high,yes,
gs-dooars-debpara,Debpara Tea Estate,debpara,generated_search,generated,medium,no,
gs-dooars-debpara,Debpara Tea Garden,debpara,generated_search,generated,medium,no,
gs-dooars-debpara,Debpara T.E.,debpara,generated_search,generated,medium,no,
gs-dooars-debpara,Debpara T.G.,debpara,generated_search,generated,medium,no,
gs-dooars-demdima,Demdima,demdima,source,tea-gis-jalpaiguri-atlas-2015,high,yes,
gs-dooars-demdima,Demdima Tea Estate,demdima,generated_search,generated,medium,no,
gs-dooars-demdima,Demdima Tea Garden,demdima,generated_search,generated,medium,no,
gs-dooars-demdima,Demdima T.E.,demdima,generated_search,generated,medium,no,
gs-dooars-demdima,Demdima T.G.,demdima,generated_search,generated,medium,no,
gs-dooars-denguajhar,Denguajhar,denguajhar,source,tea-gis-jalpaiguri-atlas-2015,high,yes,
gs-dooars-denguajhar,Denguajhar Tea Estate,denguajhar,generated_search,generated,medium,no,
gs-dooars-denguajhar,Denguajhar Tea Garden,denguajhar,generated_search,generated,medium,no,
gs-dooars-denguajhar,Denguajhar T.E.,denguajhar,generated_search,generated,medium,no,
gs-dooars-denguajhar,Denguajhar T.G.,denguajhar,generated_search,generated,medium,no,
gs-dooars-dharanipur,Dharanipur,dharanipur,source,tea-gis-jalpaiguri-atlas-2015,high,yes,
gs-dooars-dharanipur,Dharanipur Tea Estate,dharanipur,generated_search,generated,medium,no,
gs-dooars-dharanipur,Dharanipur Tea Garden,dharanipur,generated_search,generated,medium,no,
gs-dooars-dharanipur,Dharanipur T.E.,dharanipur,generated_search,generated,medium,no,
gs-dooars-dharanipur,Dharanipur T.G.,dharanipur,generated_search,generated,medium,no,
gs-dooars-dhowlajhora,Dhowlajhora,dhowlajhora,source,tea-gis-jalpaiguri-atlas-2015,high,yes,
gs-dooars-dhowlajhora,Dhowlajhora Tea Estate,dhowlajhora,generated_search,generated,medium,no,
gs-dooars-dhowlajhora,Dhowlajhora Tea Garden,dhowlajhora,generated_search,generated,medium,no,
gs-dooars-dhowlajhora,Dhowlajhora T.E.,dhowlajhora,generated_search,generated,medium,no,
gs-dooars-dhowlajhora,Dhowlajhora T.G.,dhowlajhora,generated_search,generated,medium,no,
gs-dooars-dima,Dima,dima,source,tea-gis-jalpaiguri-atlas-2015,high,yes,
gs-dooars-dima,Dima Tea Estate,dima,generated_search,generated,medium,no,
gs-dooars-dima,Dima Tea Garden,dima,generated_search,generated,medium,no,
gs-dooars-dima,Dima T.E.,dima,generated_search,generated,medium,no,
gs-dooars-dima,Dima T.G.,dima,generated_search,generated,medium,no,
gs-dooars-dumchipara,Dumchipara,dumchipara,source,tea-gis-jalpaiguri-atlas-2015,high,yes,
gs-dooars-dumchipara,Dumchipara Tea Estate,dumchipara,generated_search,generated,medium,no,
gs-dooars-dumchipara,Dumchipara Tea Garden,dumchipara,generated_search,generated,medium,no,
gs-dooars-dumchipara,Dumchipara T.E.,dumchipara,generated_search,generated,medium,no,
gs-dooars-dumchipara,Dumchipara T.G.,dumchipara,generated_search,generated,medium,no,
gs-dooars-ellenbarie,Ellenbarie,ellenbarie,source,tea-gis-jalpaiguri-atlas-2015,high,yes,
gs-dooars-ellenbarie,Ellenbarie Tea Estate,ellenbarie,generated_search,generated,medium,no,
gs-dooars-ellenbarie,Ellenbarie Tea Garden,ellenbarie,generated_search,generated,medium,no,
gs-dooars-ellenbarie,Ellenbarie T.E.,ellenbarie,generated_search,generated,medium,no,
gs-dooars-ellenbarie,Ellenbarie T.G.,ellenbarie,generated_search,generated,medium,no,
gs-dooars-engo,Engo,engo,source,tea-gis-jalpaiguri-atlas-2015,high,yes,
gs-dooars-engo,Engo Tea Estate,engo,generated_search,generated,medium,no,
gs-dooars-engo,Engo Tea Garden,engo,generated_search,generated,medium,no,
gs-dooars-engo,Engo T.E.,engo,generated_search,generated,medium,no,
gs-dooars-engo,Engo T.G.,engo,generated_search,generated,medium,no,
gs-dooars-ethelbarie,Ethelbarie,ethelbarie,source,tea-gis-jalpaiguri-atlas-2015,high,yes,
gs-dooars-ethelbarie,Ethelbarie Tea Estate,ethelbarie,generated_search,generated,medium,no,
gs-dooars-ethelbarie,Ethelbarie Tea Garden,ethelbarie,generated_search,generated,medium,no,
gs-dooars-ethelbarie,Ethelbarie T.E.,ethelbarie,generated_search,generated,medium,no,
gs-dooars-ethelbarie,Ethelbarie T.G.,ethelbarie,generated_search,generated,medium,no,
gs-dooars-gairkhata,Gairkhata,gairkhata,source,tea-gis-jalpaiguri-atlas-2015,high,yes,
gs-dooars-gairkhata,Gairkhata Tea Estate,gairkhata,generated_search,generated,medium,no,
gs-dooars-gairkhata,Gairkhata Tea Garden,gairkhata,generated_search,generated,medium,no,
gs-dooars-gairkhata,Gairkhata T.E.,gairkhata,generated_search,generated,medium,no,
gs-dooars-gairkhata,Gairkhata T.G.,gairkhata,generated_search,generated,medium,no,
gs-dooars-gandrapara,Gandrapara,gandrapara,source,tea-gis-jalpaiguri-atlas-2015,high,yes,
gs-dooars-gandrapara,Gandrapara Tea Estate,gandrapara,generated_search,generated,medium,no,
gs-dooars-gandrapara,Gandrapara Tea Garden,gandrapara,generated_search,generated,medium,no,
gs-dooars-gandrapara,Gandrapara T.E.,gandrapara,generated_search,generated,medium,no,
gs-dooars-gandrapara,Gandrapara T.G.,gandrapara,generated_search,generated,medium,no,
gs-dooars-garganda,Garganda,garganda,source,tea-gis-jalpaiguri-atlas-2015,high,yes,
gs-dooars-garganda,Garganda Tea Estate,garganda,generated_search,generated,medium,no,
gs-dooars-garganda,Garganda Tea Garden,garganda,generated_search,generated,medium,no,
gs-dooars-garganda,Garganda T.E.,garganda,generated_search,generated,medium,no,
gs-dooars-garganda,Garganda T.G.,garganda,generated_search,generated,medium,no,
gs-dooars-goodhope,Goodhope,goodhope,source,tea-gis-jalpaiguri-atlas-2015,high,yes,
gs-dooars-goodhope,Goodhope Tea Estate,goodhope,generated_search,generated,medium,no,
gs-dooars-goodhope,Goodhope Tea Garden,goodhope,generated_search,generated,medium,no,
gs-dooars-goodhope,Goodhope T.E.,goodhope,generated_search,generated,medium,no,
gs-dooars-goodhope,Goodhope T.G.,goodhope,generated_search,generated,medium,no,
gs-dooars-gopalpur,Gopalpur,gopalpur,source,tea-gis-jalpaiguri-atlas-2015,high,yes,
gs-dooars-gopalpur,Gopalpur Tea Estate,gopalpur,generated_search,generated,medium,no,
gs-dooars-gopalpur,Gopalpur Tea Garden,gopalpur,generated_search,generated,medium,no,
gs-dooars-gopalpur,Gopalpur T.E.,gopalpur,generated_search,generated,medium,no,
gs-dooars-gopalpur,Gopalpur T.G.,gopalpur,generated_search,generated,medium,no,
gs-dooars-gopimohan,Gopimohan,gopimohan,source,tea-gis-jalpaiguri-atlas-2015,high,yes,
gs-dooars-gopimohan,Gopimohan Tea Estate,gopimohan,generated_search,generated,medium,no,
gs-dooars-gopimohan,Gopimohan Tea Garden,gopimohan,generated_search,generated,medium,no,
gs-dooars-gopimohan,Gopimohan T.E.,gopimohan,generated_search,generated,medium,no,
gs-dooars-gopimohan,Gopimohan T.G.,gopimohan,generated_search,generated,medium,no,
gs-dooars-gurjangjhora,Gurjangjhora,gurjangjhora,source,tea-gis-jalpaiguri-atlas-2015,high,yes,
gs-dooars-gurjangjhora,Gurjangjhora Tea Estate,gurjangjhora,generated_search,generated,medium,no,
gs-dooars-gurjangjhora,Gurjangjhora Tea Garden,gurjangjhora,generated_search,generated,medium,no,
gs-dooars-gurjangjhora,Gurjangjhora T.E.,gurjangjhora,generated_search,generated,medium,no,
gs-dooars-gurjangjhora,Gurjangjhora T.G.,gurjangjhora,generated_search,generated,medium,no,
gs-dooars-haldibari,Haldibari,haldibari,source,tea-gis-jalpaiguri-atlas-2015,high,yes,
gs-dooars-haldibari,Haldibari Tea Estate,haldibari,generated_search,generated,medium,no,
gs-dooars-haldibari,Haldibari Tea Garden,haldibari,generated_search,generated,medium,no,
gs-dooars-haldibari,Haldibari T.E.,haldibari,generated_search,generated,medium,no,
gs-dooars-haldibari,Haldibari T.G.,haldibari,generated_search,generated,medium,no,
gs-dooars-hantapara,Hantapara,hantapara,source,tea-gis-jalpaiguri-atlas-2015,high,yes,
gs-dooars-hantapara,Hantapara Tea Estate,hantapara,generated_search,generated,medium,no,
gs-dooars-hantapara,Hantapara Tea Garden,hantapara,generated_search,generated,medium,no,
gs-dooars-hantapara,Hantapara T.E.,hantapara,generated_search,generated,medium,no,
gs-dooars-hantapara,Hantapara T.G.,hantapara,generated_search,generated,medium,no,
gs-dooars-hope,Hope,hope,source,tea-gis-jalpaiguri-atlas-2015,high,yes,
gs-dooars-hope,Hope Tea Estate,hope,generated_search,generated,medium,no,
gs-dooars-hope,Hope Tea Garden,hope,generated_search,generated,medium,no,
gs-dooars-hope,Hope T.E.,hope,generated_search,generated,medium,no,
gs-dooars-hope,Hope T.G.,hope,generated_search,generated,medium,no,
gs-dooars-indong,Indong,indong,source,tea-gis-jalpaiguri-atlas-2015,high,yes,
gs-dooars-indong,Indong Tea Estate,indong,generated_search,generated,medium,no,
gs-dooars-indong,Indong Tea Garden,indong,generated_search,generated,medium,no,
gs-dooars-indong,Indong T.E.,indong,generated_search,generated,medium,no,
gs-dooars-indong,Indong T.G.,indong,generated_search,generated,medium,no,
gs-dooars-jadabpur,Jadabpur,jadabpur,source,tea-gis-jalpaiguri-atlas-2015,high,yes,
gs-dooars-jadabpur,Jadabpur Tea Estate,jadabpur,generated_search,generated,medium,no,
gs-dooars-jadabpur,Jadabpur Tea Garden,jadabpur,generated_search,generated,medium,no,
gs-dooars-jadabpur,Jadabpur T.E.,jadabpur,generated_search,generated,medium,no,
gs-dooars-jadabpur,Jadabpur T.G.,jadabpur,generated_search,generated,medium,no,
gs-dooars-jainti,Jainti,jainti,source,tea-gis-jalpaiguri-atlas-2015,high,yes,
gs-dooars-jainti,Jainti Tea Estate,jainti,generated_search,generated,medium,no,
gs-dooars-jainti,Jainti Tea Garden,jainti,generated_search,generated,medium,no,
gs-dooars-jainti,Jainti T.E.,jainti,generated_search,generated,medium,no,
gs-dooars-jainti,Jainti T.G.,jainti,generated_search,generated,medium,no,
gs-dooars-jaldacca-altadanga,Jaldacca Altadanga,jaldacca altadanga,source,tea-gis-jalpaiguri-atlas-2015,high,yes,
gs-dooars-jaldacca-altadanga,Jaldacca Altadanga Tea Estate,jaldacca altadanga,generated_search,generated,medium,no,
gs-dooars-jaldacca-altadanga,Jaldacca Altadanga Tea Garden,jaldacca altadanga,generated_search,generated,medium,no,
gs-dooars-jaldacca-altadanga,Jaldacca Altadanga T.E.,jaldacca altadanga,generated_search,generated,medium,no,
gs-dooars-jaldacca-altadanga,Jaldacca Altadanga T.G.,jaldacca altadanga,generated_search,generated,medium,no,
gs-dooars-jalpara,Jalpara,jalpara,source,tea-gis-jalpaiguri-atlas-2015,high,yes,
gs-dooars-jalpara,Jalpara Tea Estate,jalpara,generated_search,generated,medium,no,
gs-dooars-jalpara,Jalpara Tea Garden,jalpara,generated_search,generated,medium,no,
gs-dooars-jalpara,Jalpara T.E.,jalpara,generated_search,generated,medium,no,
gs-dooars-jalpara,Jalpara T.G.,jalpara,generated_search,generated,medium,no,
gs-dooars-jiti,Jiti,jiti,source,tea-gis-jalpaiguri-atlas-2015,high,yes,
gs-dooars-jiti,Jiti Tea Estate,jiti,generated_search,generated,medium,no,
gs-dooars-jiti,Jiti Tea Garden,jiti,generated_search,generated,medium,no,
gs-dooars-jiti,Jiti T.E.,jiti,generated_search,generated,medium,no,
gs-dooars-jiti,Jiti T.G.,jiti,generated_search,generated,medium,no,
gs-dooars-jogesh-chandra,Jogesh Chandra,jogesh chandra,source,tea-gis-jalpaiguri-atlas-2015,high,yes,
gs-dooars-jogesh-chandra,Jogesh Chandra Tea Estate,jogesh chandra,generated_search,generated,medium,no,
gs-dooars-jogesh-chandra,Jogesh Chandra Tea Garden,jogesh chandra,generated_search,generated,medium,no,
gs-dooars-jogesh-chandra,Jogesh Chandra T.E.,jogesh chandra,generated_search,generated,medium,no,
gs-dooars-jogesh-chandra,Jogesh Chandra T.G.,jogesh chandra,generated_search,generated,medium,no,
gs-dooars-joybirpara,Joybirpara,joybirpara,source,tea-gis-jalpaiguri-atlas-2015,high,yes,
gs-dooars-joybirpara,Joybirpara Tea Estate,joybirpara,generated_search,generated,medium,no,
gs-dooars-joybirpara,Joybirpara Tea Garden,joybirpara,generated_search,generated,medium,no,
gs-dooars-joybirpara,Joybirpara T.E.,joybirpara,generated_search,generated,medium,no,
gs-dooars-joybirpara,Joybirpara T.G.,joybirpara,generated_search,generated,medium,no,
gs-dooars-kailashpur,Kailashpur,kailashpur,source,tea-gis-jalpaiguri-atlas-2015,high,yes,
gs-dooars-kailashpur,Kailashpur Tea Estate,kailashpur,generated_search,generated,medium,no,
gs-dooars-kailashpur,Kailashpur Tea Garden,kailashpur,generated_search,generated,medium,no,
gs-dooars-kailashpur,Kailashpur T.E.,kailashpur,generated_search,generated,medium,no,
gs-dooars-kailashpur,Kailashpur T.G.,kailashpur,generated_search,generated,medium,no,
gs-dooars-kalabari,Kalabari,kalabari,source,tea-gis-jalpaiguri-atlas-2015,high,yes,
gs-dooars-kalabari,Kalabari Tea Estate,kalabari,generated_search,generated,medium,no,
gs-dooars-kalabari,Kalabari Tea Garden,kalabari,generated_search,generated,medium,no,
gs-dooars-kalabari,Kalabari T.E.,kalabari,generated_search,generated,medium,no,
gs-dooars-kalabari,Kalabari T.G.,kalabari,generated_search,generated,medium,no,
gs-dooars-karala-valley,Karala Valley,karala valley,source,tea-gis-jalpaiguri-atlas-2015,high,yes,
gs-dooars-karala-valley,Karala Valley Tea Estate,karala valley,generated_search,generated,medium,no,
gs-dooars-karala-valley,Karala Valley Tea Garden,karala valley,generated_search,generated,medium,no,
gs-dooars-karala-valley,Karala Valley T.E.,karala valley,generated_search,generated,medium,no,
gs-dooars-karala-valley,Karala Valley T.G.,karala valley,generated_search,generated,medium,no,
gs-dooars-karballa,Karballa,karballa,source,tea-gis-jalpaiguri-atlas-2015,high,yes,
gs-dooars-karballa,Karballa Tea Estate,karballa,generated_search,generated,medium,no,
gs-dooars-karballa,Karballa Tea Garden,karballa,generated_search,generated,medium,no,
gs-dooars-karballa,Karballa T.E.,karballa,generated_search,generated,medium,no,
gs-dooars-karballa,Karballa T.G.,karballa,generated_search,generated,medium,no,
gs-dooars-kartick,Kartick,kartick,source,tea-gis-jalpaiguri-atlas-2015,high,yes,
gs-dooars-kartick,Kartick Tea Estate,kartick,generated_search,generated,medium,no,
gs-dooars-kartick,Kartick Tea Garden,kartick,generated_search,generated,medium,no,
gs-dooars-kartick,Kartick T.E.,kartick,generated_search,generated,medium,no,
gs-dooars-kartick,Kartick T.G.,kartick,generated_search,generated,medium,no,
gs-dooars-kathaldhura,Kathaldhura,kathaldhura,source,tea-gis-jalpaiguri-atlas-2015,high,yes,
gs-dooars-kathaldhura,Kathaldhura Tea Estate,kathaldhura,generated_search,generated,medium,no,
gs-dooars-kathaldhura,Kathaldhura Tea Garden,kathaldhura,generated_search,generated,medium,no,
gs-dooars-kathaldhura,Kathaldhura T.E.,kathaldhura,generated_search,generated,medium,no,
gs-dooars-kathaldhura,Kathaldhura T.G.,kathaldhura,generated_search,generated,medium,no,
gs-dooars-killcott,Killcott,killcott,source,tea-gis-jalpaiguri-atlas-2015,high,yes,
gs-dooars-killcott,Killcott Tea Estate,killcott,generated_search,generated,medium,no,
gs-dooars-killcott,Killcott Tea Garden,killcott,generated_search,generated,medium,no,
gs-dooars-killcott,Killcott T.E.,killcott,generated_search,generated,medium,no,
gs-dooars-killcott,Killcott T.G.,killcott,generated_search,generated,medium,no,
gs-dooars-kohinoor,Kohinoor,kohinoor,source,tea-gis-jalpaiguri-atlas-2015,high,yes,
gs-dooars-kohinoor,Kohinoor Tea Estate,kohinoor,generated_search,generated,medium,no,
gs-dooars-kohinoor,Kohinoor Tea Garden,kohinoor,generated_search,generated,medium,no,
gs-dooars-kohinoor,Kohinoor T.E.,kohinoor,generated_search,generated,medium,no,
gs-dooars-kohinoor,Kohinoor T.G.,kohinoor,generated_search,generated,medium,no,
gs-dooars-kumargram,Kumargram,kumargram,source,tea-gis-jalpaiguri-atlas-2015,high,yes,
gs-dooars-kumargram,Kumargram Tea Estate,kumargram,generated_search,generated,medium,no,
gs-dooars-kumargram,Kumargram Tea Garden,kumargram,generated_search,generated,medium,no,
gs-dooars-kumargram,Kumargram T.E.,kumargram,generated_search,generated,medium,no,
gs-dooars-kumargram,Kumargram T.G.,kumargram,generated_search,generated,medium,no,
gs-dooars-kumlai,Kumlai,kumlai,source,tea-gis-jalpaiguri-atlas-2015,high,yes,
gs-dooars-kumlai,Kumlai Tea Estate,kumlai,generated_search,generated,medium,no,
gs-dooars-kumlai,Kumlai Tea Garden,kumlai,generated_search,generated,medium,no,
gs-dooars-kumlai,Kumlai T.E.,kumlai,generated_search,generated,medium,no,
gs-dooars-kumlai,Kumlai T.G.,kumlai,generated_search,generated,medium,no,
gs-dooars-kurti,Kurti,kurti,source,tea-gis-jalpaiguri-atlas-2015,high,yes,
gs-dooars-kurti,Kurti Tea Estate,kurti,generated_search,generated,medium,no,
gs-dooars-kurti,Kurti Tea Garden,kurti,generated_search,generated,medium,no,
gs-dooars-kurti,Kurti T.E.,kurti,generated_search,generated,medium,no,
gs-dooars-kurti,Kurti T.G.,kurti,generated_search,generated,medium,no,
gs-dooars-lakhikanta,Lakhikanta,lakhikanta,source,tea-gis-jalpaiguri-atlas-2015,high,yes,
gs-dooars-lakhikanta,Lakhikanta Tea Estate,lakhikanta,generated_search,generated,medium,no,
gs-dooars-lakhikanta,Lakhikanta Tea Garden,lakhikanta,generated_search,generated,medium,no,
gs-dooars-lakhikanta,Lakhikanta T.E.,lakhikanta,generated_search,generated,medium,no,
gs-dooars-lakhikanta,Lakhikanta T.G.,lakhikanta,generated_search,generated,medium,no,
gs-dooars-lakhipara,Lakhipara,lakhipara,source,tea-gis-jalpaiguri-atlas-2015,high,yes,
gs-dooars-lakhipara,Lakhipara Tea Estate,lakhipara,generated_search,generated,medium,no,
gs-dooars-lakhipara,Lakhipara Tea Garden,lakhipara,generated_search,generated,medium,no,
gs-dooars-lakhipara,Lakhipara T.E.,lakhipara,generated_search,generated,medium,no,
gs-dooars-lakhipara,Lakhipara T.G.,lakhipara,generated_search,generated,medium,no,
gs-dooars-lankapara,Lankapara,lankapara,source,tea-gis-jalpaiguri-atlas-2015,high,yes,
gs-dooars-lankapara,Lankapara Tea Estate,lankapara,generated_search,generated,medium,no,
gs-dooars-lankapara,Lankapara Tea Garden,lankapara,generated_search,generated,medium,no,
gs-dooars-lankapara,Lankapara T.E.,lankapara,generated_search,generated,medium,no,
gs-dooars-lankapara,Lankapara T.G.,lankapara,generated_search,generated,medium,no,
gs-dooars-lessriver,Lessriver,lessriver,source,tea-gis-jalpaiguri-atlas-2015,high,yes,
gs-dooars-lessriver,Lessriver Tea Estate,lessriver,generated_search,generated,medium,no,
gs-dooars-lessriver,Lessriver Tea Garden,lessriver,generated_search,generated,medium,no,
gs-dooars-lessriver,Lessriver T.E.,lessriver,generated_search,generated,medium,no,
gs-dooars-lessriver,Lessriver T.G.,lessriver,generated_search,generated,medium,no,
gs-dooars-looksun,Looksun,looksun,source,tea-gis-jalpaiguri-atlas-2015,high,yes,
gs-dooars-looksun,Looksun Tea Estate,looksun,generated_search,generated,medium,no,
gs-dooars-looksun,Looksun Tea Garden,looksun,generated_search,generated,medium,no,
gs-dooars-looksun,Looksun T.E.,looksun,generated_search,generated,medium,no,
gs-dooars-looksun,Looksun T.G.,looksun,generated_search,generated,medium,no,
gs-dooars-madhu,Madhu,madhu,source,tea-gis-jalpaiguri-atlas-2015,high,yes,
gs-dooars-madhu,Madhu Tea Estate,madhu,generated_search,generated,medium,no,
gs-dooars-madhu,Madhu Tea Garden,madhu,generated_search,generated,medium,no,
gs-dooars-madhu,Madhu T.E.,madhu,generated_search,generated,medium,no,
gs-dooars-madhu,Madhu T.G.,madhu,generated_search,generated,medium,no,
gs-dooars-majherdabri,Majherdabri,majherdabri,source,tea-gis-jalpaiguri-atlas-2015,high,yes,
gs-dooars-majherdabri,Majherdabri Tea Estate,majherdabri,generated_search,generated,medium,no,
gs-dooars-majherdabri,Majherdabri Tea Garden,majherdabri,generated_search,generated,medium,no,
gs-dooars-majherdabri,Majherdabri T.E.,majherdabri,generated_search,generated,medium,no,
gs-dooars-majherdabri,Majherdabri T.G.,majherdabri,generated_search,generated,medium,no,
gs-dooars-malnuddy,Malnuddy,malnuddy,source,tea-gis-jalpaiguri-atlas-2015,high,yes,
gs-dooars-malnuddy,Malnuddy Tea Estate,malnuddy,generated_search,generated,medium,no,
gs-dooars-malnuddy,Malnuddy Tea Garden,malnuddy,generated_search,generated,medium,no,
gs-dooars-malnuddy,Malnuddy T.E.,malnuddy,generated_search,generated,medium,no,
gs-dooars-malnuddy,Malnuddy T.G.,malnuddy,generated_search,generated,medium,no,
gs-dooars-manabarie,Manabarie,manabarie,source,tea-gis-jalpaiguri-atlas-2015,high,yes,
gs-dooars-manabarie,Manabarie Tea Estate,manabarie,generated_search,generated,medium,no,
gs-dooars-manabarie,Manabarie Tea Garden,manabarie,generated_search,generated,medium,no,
gs-dooars-manabarie,Manabarie T.E.,manabarie,generated_search,generated,medium,no,
gs-dooars-manabarie,Manabarie T.G.,manabarie,generated_search,generated,medium,no,
gs-dooars-matelli,Matelli,matelli,source,tea-gis-jalpaiguri-atlas-2015,high,yes,
gs-dooars-matelli,Matelli Tea Estate,matelli,generated_search,generated,medium,no,
gs-dooars-matelli,Matelli Tea Garden,matelli,generated_search,generated,medium,no,
gs-dooars-matelli,Matelli T.E.,matelli,generated_search,generated,medium,no,
gs-dooars-matelli,Matelli T.G.,matelli,generated_search,generated,medium,no,
gs-dooars-mathura,Mathura,mathura,source,tea-gis-jalpaiguri-atlas-2015,high,yes,
gs-dooars-mathura,Mathura Tea Estate,mathura,generated_search,generated,medium,no,
gs-dooars-mathura,Mathura Tea Garden,mathura,generated_search,generated,medium,no,
gs-dooars-mathura,Mathura T.E.,mathura,generated_search,generated,medium,no,
gs-dooars-mathura,Mathura T.G.,mathura,generated_search,generated,medium,no,
gs-dooars-mechapara,Mechapara,mechapara,source,tea-gis-jalpaiguri-atlas-2015,high,yes,
gs-dooars-mechapara,Mechapara Tea Estate,mechapara,generated_search,generated,medium,no,
gs-dooars-mechapara,Mechapara Tea Garden,mechapara,generated_search,generated,medium,no,
gs-dooars-mechapara,Mechapara T.E.,mechapara,generated_search,generated,medium,no,
gs-dooars-mechapara,Mechapara T.G.,mechapara,generated_search,generated,medium,no,
gs-dooars-meenglass,Meenglass,meenglass,source,tea-gis-jalpaiguri-atlas-2015,high,yes,
gs-dooars-meenglass,Meenglass Tea Estate,meenglass,generated_search,generated,medium,no,
gs-dooars-meenglass,Meenglass Tea Garden,meenglass,generated_search,generated,medium,no,
gs-dooars-meenglass,Meenglass T.E.,meenglass,generated_search,generated,medium,no,
gs-dooars-meenglass,Meenglass T.G.,meenglass,generated_search,generated,medium,no,
gs-dooars-mogalkata,Mogalkata,mogalkata,source,tea-gis-jalpaiguri-atlas-2015,high,yes,
gs-dooars-mogalkata,Mogalkata Tea Estate,mogalkata,generated_search,generated,medium,no,
gs-dooars-mogalkata,Mogalkata Tea Garden,mogalkata,generated_search,generated,medium,no,
gs-dooars-mogalkata,Mogalkata T.E.,mogalkata,generated_search,generated,medium,no,
gs-dooars-mogalkata,Mogalkata T.G.,mogalkata,generated_search,generated,medium,no,
gs-dooars-moraghat,Moraghat,moraghat,source,tea-gis-jalpaiguri-atlas-2015,high,yes,
gs-dooars-moraghat,Moraghat Tea Estate,moraghat,generated_search,generated,medium,no,
gs-dooars-moraghat,Moraghat Tea Garden,moraghat,generated_search,generated,medium,no,
gs-dooars-moraghat,Moraghat T.E.,moraghat,generated_search,generated,medium,no,
gs-dooars-moraghat,Moraghat T.G.,moraghat,generated_search,generated,medium,no,
gs-dooars-mujnai,Mujnai,mujnai,source,tea-gis-jalpaiguri-atlas-2015,high,yes,
gs-dooars-mujnai,Mujnai Tea Estate,mujnai,generated_search,generated,medium,no,
gs-dooars-mujnai,Mujnai Tea Garden,mujnai,generated_search,generated,medium,no,
gs-dooars-mujnai,Mujnai T.E.,mujnai,generated_search,generated,medium,no,
gs-dooars-mujnai,Mujnai T.G.,mujnai,generated_search,generated,medium,no,
gs-dooars-nagrakata,Nagrakata,nagrakata,source,tea-gis-jalpaiguri-atlas-2015,high,yes,
gs-dooars-nagrakata,Nagrakata Tea Estate,nagrakata,generated_search,generated,medium,no,
gs-dooars-nagrakata,Nagrakata Tea Garden,nagrakata,generated_search,generated,medium,no,
gs-dooars-nagrakata,Nagrakata T.E.,nagrakata,generated_search,generated,medium,no,
gs-dooars-nagrakata,Nagrakata T.G.,nagrakata,generated_search,generated,medium,no,
gs-dooars-nangdala,Nangdala,nangdala,source,tea-gis-jalpaiguri-atlas-2015,high,yes,
gs-dooars-nangdala,Nangdala Tea Estate,nangdala,generated_search,generated,medium,no,
gs-dooars-nangdala,Nangdala Tea Garden,nangdala,generated_search,generated,medium,no,
gs-dooars-nangdala,Nangdala T.E.,nangdala,generated_search,generated,medium,no,
gs-dooars-nangdala,Nangdala T.G.,nangdala,generated_search,generated,medium,no,
gs-dooars-nedam,Nedam,nedam,source,tea-gis-jalpaiguri-atlas-2015,high,yes,
gs-dooars-nedam,Nedam Tea Estate,nedam,generated_search,generated,medium,no,
gs-dooars-nedam,Nedam Tea Garden,nedam,generated_search,generated,medium,no,
gs-dooars-nedam,Nedam T.E.,nedam,generated_search,generated,medium,no,
gs-dooars-nedam,Nedam T.G.,nedam,generated_search,generated,medium,no,
gs-dooars-nepuchapur,Nepuchapur,nepuchapur,source,tea-gis-jalpaiguri-atlas-2015,high,yes,
gs-dooars-nepuchapur,Nepuchapur Tea Estate,nepuchapur,generated_search,generated,medium,no,
gs-dooars-nepuchapur,Nepuchapur Tea Garden,nepuchapur,generated_search,generated,medium,no,
gs-dooars-nepuchapur,Nepuchapur T.E.,nepuchapur,generated_search,generated,medium,no,
gs-dooars-nepuchapur,Nepuchapur T.G.,nepuchapur,generated_search,generated,medium,no,
gs-dooars-new-duars,New Dooars,new duars,source,tea-gis-jalpaiguri-atlas-2015,high,yes,
gs-dooars-new-duars,New Dooars Tea Estate,new duars,generated_search,generated,medium,no,
gs-dooars-new-duars,New Dooars Tea Garden,new duars,generated_search,generated,medium,no,
gs-dooars-new-duars,New Dooars T.E.,new duars,generated_search,generated,medium,no,
gs-dooars-new-duars,New Dooars T.G.,new duars,generated_search,generated,medium,no,
gs-dooars-new-duars,New Duars,new duars,generated_search,generated,medium,no,
gs-dooars-new-duars,New Duars Tea Estate,new duars,generated_search,generated,medium,no,
gs-dooars-new-lands,New Lands,new lands,source,tea-gis-jalpaiguri-atlas-2015,high,yes,
gs-dooars-new-lands,New Lands Tea Estate,new lands,generated_search,generated,medium,no,
gs-dooars-new-lands,New Lands Tea Garden,new lands,generated_search,generated,medium,no,
gs-dooars-new-lands,New Lands T.E.,new lands,generated_search,generated,medium,no,
gs-dooars-new-lands,New Lands T.G.,new lands,generated_search,generated,medium,no,
gs-dooars-newglenceco,Newglenceco,newglenceco,source,tea-gis-jalpaiguri-atlas-2015,high,yes,
gs-dooars-newglenceco,Newglenceco Tea Estate,newglenceco,generated_search,generated,medium,no,
gs-dooars-newglenceco,Newglenceco Tea Garden,newglenceco,generated_search,generated,medium,no,
gs-dooars-newglenceco,Newglenceco T.E.,newglenceco,generated_search,generated,medium,no,
gs-dooars-newglenceco,Newglenceco T.G.,newglenceco,generated_search,generated,medium,no,
gs-dooars-nimtijhora,Nimtijhora,nimtijhora,source,tea-gis-jalpaiguri-atlas-2015,high,yes,
gs-dooars-nimtijhora,Nimtijhora Tea Estate,nimtijhora,generated_search,generated,medium,no,
gs-dooars-nimtijhora,Nimtijhora Tea Garden,nimtijhora,generated_search,generated,medium,no,
gs-dooars-nimtijhora,Nimtijhora T.E.,nimtijhora,generated_search,generated,medium,no,
gs-dooars-nimtijhora,Nimtijhora T.G.,nimtijhora,generated_search,generated,medium,no,
gs-dooars-nowera-nuddy,Nowera Nuddy,nowera nuddy,source,tea-gis-jalpaiguri-atlas-2015,high,yes,
gs-dooars-nowera-nuddy,Nowera Nuddy Tea Estate,nowera nuddy,generated_search,generated,medium,no,
gs-dooars-nowera-nuddy,Nowera Nuddy Tea Garden,nowera nuddy,generated_search,generated,medium,no,
gs-dooars-nowera-nuddy,Nowera Nuddy T.E.,nowera nuddy,generated_search,generated,medium,no,
gs-dooars-nowera-nuddy,Nowera Nuddy T.G.,nowera nuddy,generated_search,generated,medium,no,
gs-dooars-oodlabari,Oodlabari,oodlabari,source,tea-gis-jalpaiguri-atlas-2015,high,yes,
gs-dooars-oodlabari,Oodlabari Tea Estate,oodlabari,generated_search,generated,medium,no,
gs-dooars-oodlabari,Oodlabari Tea Garden,oodlabari,generated_search,generated,medium,no,
gs-dooars-oodlabari,Oodlabari T.E.,oodlabari,generated_search,generated,medium,no,
gs-dooars-oodlabari,Oodlabari T.G.,oodlabari,generated_search,generated,medium,no,
gs-dooars-palashbari,Palashbari,palashbari,source,tea-gis-jalpaiguri-atlas-2015,high,yes,
gs-dooars-palashbari,Palashbari Tea Estate,palashbari,generated_search,generated,medium,no,
gs-dooars-palashbari,Palashbari Tea Garden,palashbari,generated_search,generated,medium,no,
gs-dooars-palashbari,Palashbari T.E.,palashbari,generated_search,generated,medium,no,
gs-dooars-palashbari,Palashbari T.G.,palashbari,generated_search,generated,medium,no,
gs-dooars-patkapara,Patkapara,patkapara,source,tea-gis-jalpaiguri-atlas-2015,high,yes,
gs-dooars-patkapara,Patkapara Tea Estate,patkapara,generated_search,generated,medium,no,
gs-dooars-patkapara,Patkapara Tea Garden,patkapara,generated_search,generated,medium,no,
gs-dooars-patkapara,Patkapara T.E.,patkapara,generated_search,generated,medium,no,
gs-dooars-patkapara,Patkapara T.G.,patkapara,generated_search,generated,medium,no,
gs-dooars-phaskowa,Phaskowa,phaskowa,source,tea-gis-jalpaiguri-atlas-2015,high,yes,
gs-dooars-phaskowa,Phaskowa Tea Estate,phaskowa,generated_search,generated,medium,no,
gs-dooars-phaskowa,Phaskowa Tea Garden,phaskowa,generated_search,generated,medium,no,
gs-dooars-phaskowa,Phaskowa T.E.,phaskowa,generated_search,generated,medium,no,
gs-dooars-phaskowa,Phaskowa T.G.,phaskowa,generated_search,generated,medium,no,
gs-dooars-putharjhora,Putharjhora,putharjhora,source,tea-gis-jalpaiguri-atlas-2015,high,yes,
gs-dooars-putharjhora,Putharjhora Tea Estate,putharjhora,generated_search,generated,medium,no,
gs-dooars-putharjhora,Putharjhora Tea Garden,putharjhora,generated_search,generated,medium,no,
gs-dooars-putharjhora,Putharjhora T.E.,putharjhora,generated_search,generated,medium,no,
gs-dooars-putharjhora,Putharjhora T.G.,putharjhora,generated_search,generated,medium,no,
gs-dooars-radharani,Radharani,radharani,source,tea-gis-jalpaiguri-atlas-2015,high,yes,
gs-dooars-radharani,Radharani Tea Estate,radharani,generated_search,generated,medium,no,
gs-dooars-radharani,Radharani Tea Garden,radharani,generated_search,generated,medium,no,
gs-dooars-radharani,Radharani T.E.,radharani,generated_search,generated,medium,no,
gs-dooars-radharani,Radharani T.G.,radharani,generated_search,generated,medium,no,
gs-dooars-raghuutkarsh,Raghuutkarsh,raghuutkarsh,source,tea-gis-jalpaiguri-atlas-2015,high,yes,
gs-dooars-raghuutkarsh,Raghuutkarsh Tea Estate,raghuutkarsh,generated_search,generated,medium,no,
gs-dooars-raghuutkarsh,Raghuutkarsh Tea Garden,raghuutkarsh,generated_search,generated,medium,no,
gs-dooars-raghuutkarsh,Raghuutkarsh T.E.,raghuutkarsh,generated_search,generated,medium,no,
gs-dooars-raghuutkarsh,Raghuutkarsh T.G.,raghuutkarsh,generated_search,generated,medium,no,
gs-dooars-rahimabad,Rahimabad,rahimabad,source,tea-gis-jalpaiguri-atlas-2015,high,yes,
gs-dooars-rahimabad,Rahimabad Tea Estate,rahimabad,generated_search,generated,medium,no,
gs-dooars-rahimabad,Rahimabad Tea Garden,rahimabad,generated_search,generated,medium,no,
gs-dooars-rahimabad,Rahimabad T.E.,rahimabad,generated_search,generated,medium,no,
gs-dooars-rahimabad,Rahimabad T.G.,rahimabad,generated_search,generated,medium,no,
gs-dooars-rahimpur,Rahimpur,rahimpur,source,tea-gis-jalpaiguri-atlas-2015,high,yes,
gs-dooars-rahimpur,Rahimpur Tea Estate,rahimpur,generated_search,generated,medium,no,
gs-dooars-rahimpur,Rahimpur Tea Garden,rahimpur,generated_search,generated,medium,no,
gs-dooars-rahimpur,Rahimpur T.E.,rahimpur,generated_search,generated,medium,no,
gs-dooars-rahimpur,Rahimpur T.G.,rahimpur,generated_search,generated,medium,no,
gs-dooars-raipur,Raipur,raipur,source,tea-gis-jalpaiguri-atlas-2015,high,yes,
gs-dooars-raipur,Raipur Tea Estate,raipur,generated_search,generated,medium,no,
gs-dooars-raipur,Raipur Tea Garden,raipur,generated_search,generated,medium,no,
gs-dooars-raipur,Raipur T.E.,raipur,generated_search,generated,medium,no,
gs-dooars-raipur,Raipur T.G.,raipur,generated_search,generated,medium,no,
gs-dooars-raja,Raja,raja,source,tea-gis-jalpaiguri-atlas-2015,high,yes,
gs-dooars-raja,Raja Tea Estate,raja,generated_search,generated,medium,no,
gs-dooars-raja,Raja Tea Garden,raja,generated_search,generated,medium,no,
gs-dooars-raja,Raja T.E.,raja,generated_search,generated,medium,no,
gs-dooars-raja,Raja T.G.,raja,generated_search,generated,medium,no,
gs-dooars-rheabari,Rheabari,rheabari,source,tea-gis-jalpaiguri-atlas-2015,high,yes,
gs-dooars-rheabari,Rheabari Tea Estate,rheabari,generated_search,generated,medium,no,
gs-dooars-rheabari,Rheabari Tea Garden,rheabari,generated_search,generated,medium,no,
gs-dooars-rheabari,Rheabari T.E.,rheabari,generated_search,generated,medium,no,
gs-dooars-rheabari,Rheabari T.G.,rheabari,generated_search,generated,medium,no,
gs-dooars-rydak,Rydak,rydak,source,tea-gis-jalpaiguri-atlas-2015,high,yes,
gs-dooars-rydak,Rydak Tea Estate,rydak,generated_search,generated,medium,no,
gs-dooars-rydak,Rydak Tea Garden,rydak,generated_search,generated,medium,no,
gs-dooars-rydak,Rydak T.E.,rydak,generated_search,generated,medium,no,
gs-dooars-rydak,Rydak T.G.,rydak,generated_search,generated,medium,no,
gs-dooars-samsing,Samsing,samsing,source,tea-gis-jalpaiguri-atlas-2015,high,yes,
gs-dooars-samsing,Samsing Tea Estate,samsing,generated_search,generated,medium,no,
gs-dooars-samsing,Samsing Tea Garden,samsing,generated_search,generated,medium,no,
gs-dooars-samsing,Samsing T.E.,samsing,generated_search,generated,medium,no,
gs-dooars-samsing,Samsing T.G.,samsing,generated_search,generated,medium,no,
gs-dooars-sankos,Sankos,sankos,source,tea-gis-jalpaiguri-atlas-2015,high,yes,
gs-dooars-sankos,Sankos Tea Estate,sankos,generated_search,generated,medium,no,
gs-dooars-sankos,Sankos Tea Garden,sankos,generated_search,generated,medium,no,
gs-dooars-sankos,Sankos T.E.,sankos,generated_search,generated,medium,no,
gs-dooars-sankos,Sankos T.G.,sankos,generated_search,generated,medium,no,
gs-dooars-saraswatipur,Saraswatipur,saraswatipur,source,tea-gis-jalpaiguri-atlas-2015,high,yes,
gs-dooars-saraswatipur,Saraswatipur Tea Estate,saraswatipur,generated_search,generated,medium,no,
gs-dooars-saraswatipur,Saraswatipur Tea Garden,saraswatipur,generated_search,generated,medium,no,
gs-dooars-saraswatipur,Saraswatipur T.E.,saraswatipur,generated_search,generated,medium,no,
gs-dooars-saraswatipur,Saraswatipur T.G.,saraswatipur,generated_search,generated,medium,no,
gs-dooars-sarugaon,Sarugaon,sarugaon,source,tea-gis-jalpaiguri-atlas-2015,high,yes,
gs-dooars-sarugaon,Sarugaon Tea Estate,sarugaon,generated_search,generated,medium,no,
gs-dooars-sarugaon,Sarugaon Tea Garden,sarugaon,generated_search,generated,medium,no,
gs-dooars-sarugaon,Sarugaon T.E.,sarugaon,generated_search,generated,medium,no,
gs-dooars-sarugaon,Sarugaon T.G.,sarugaon,generated_search,generated,medium,no,
gs-dooars-satali,Satali,satali,source,tea-gis-jalpaiguri-atlas-2015,high,yes,
gs-dooars-satali,Satali Tea Estate,satali,generated_search,generated,medium,no,
gs-dooars-satali,Satali Tea Garden,satali,generated_search,generated,medium,no,
gs-dooars-satali,Satali T.E.,satali,generated_search,generated,medium,no,
gs-dooars-satali,Satali T.G.,satali,generated_search,generated,medium,no,
gs-dooars-shikarpur,Shikarpur,shikarpur,source,tea-gis-jalpaiguri-atlas-2015,high,yes,
gs-dooars-shikarpur,Shikarpur Tea Estate,shikarpur,generated_search,generated,medium,no,
gs-dooars-shikarpur,Shikarpur Tea Garden,shikarpur,generated_search,generated,medium,no,
gs-dooars-shikarpur,Shikarpur T.E.,shikarpur,generated_search,generated,medium,no,
gs-dooars-shikarpur,Shikarpur T.G.,shikarpur,generated_search,generated,medium,no,
gs-dooars-singhania,Singhania,singhania,source,tea-gis-jalpaiguri-atlas-2015,high,yes,
gs-dooars-singhania,Singhania Tea Estate,singhania,generated_search,generated,medium,no,
gs-dooars-singhania,Singhania Tea Garden,singhania,generated_search,generated,medium,no,
gs-dooars-singhania,Singhania T.E.,singhania,generated_search,generated,medium,no,
gs-dooars-singhania,Singhania T.G.,singhania,generated_search,generated,medium,no,
gs-dooars-sonali,Sonali,sonali,source,tea-gis-jalpaiguri-atlas-2015,high,yes,
gs-dooars-sonali,Sonali Tea Estate,sonali,generated_search,generated,medium,no,
gs-dooars-sonali,Sonali Tea Garden,sonali,generated_search,generated,medium,no,
gs-dooars-sonali,Sonali T.E.,sonali,generated_search,generated,medium,no,
gs-dooars-sonali,Sonali T.G.,sonali,generated_search,generated,medium,no,
gs-dooars-soongachi,Soongachi,soongachi,source,tea-gis-jalpaiguri-atlas-2015,high,yes,
gs-dooars-soongachi,Soongachi Tea Estate,soongachi,generated_search,generated,medium,no,
gs-dooars-soongachi,Soongachi Tea Garden,soongachi,generated_search,generated,medium,no,
gs-dooars-soongachi,Soongachi T.E.,soongachi,generated_search,generated,medium,no,
gs-dooars-soongachi,Soongachi T.G.,soongachi,generated_search,generated,medium,no,
gs-dooars-srinathpur,Srinathpur,srinathpur,source,tea-gis-jalpaiguri-atlas-2015,high,yes,
gs-dooars-srinathpur,Srinathpur Tea Estate,srinathpur,generated_search,generated,medium,no,
gs-dooars-srinathpur,Srinathpur Tea Garden,srinathpur,generated_search,generated,medium,no,
gs-dooars-srinathpur,Srinathpur T.E.,srinathpur,generated_search,generated,medium,no,
gs-dooars-srinathpur,Srinathpur T.G.,srinathpur,generated_search,generated,medium,no,
gs-dooars-subhasini,Subhasini,subhasini,source,tea-gis-jalpaiguri-atlas-2015,high,yes,
gs-dooars-subhasini,Subhasini Tea Estate,subhasini,generated_search,generated,medium,no,
gs-dooars-subhasini,Subhasini Tea Garden,subhasini,generated_search,generated,medium,no,
gs-dooars-subhasini,Subhasini T.E.,subhasini,generated_search,generated,medium,no,
gs-dooars-subhasini,Subhasini T.G.,subhasini,generated_search,generated,medium,no,
gs-dooars-sylee,Sylee,sylee,source,tea-gis-jalpaiguri-atlas-2015,high,yes,
gs-dooars-sylee,Sylee Tea Estate,sylee,generated_search,generated,medium,no,
gs-dooars-sylee,Sylee Tea Garden,sylee,generated_search,generated,medium,no,
gs-dooars-sylee,Sylee T.E.,sylee,generated_search,generated,medium,no,
gs-dooars-sylee,Sylee T.G.,sylee,generated_search,generated,medium,no,
gs-dooars-tasati,Tasati,tasati,source,tea-gis-jalpaiguri-atlas-2015,high,yes,
gs-dooars-tasati,Tasati Tea Estate,tasati,generated_search,generated,medium,no,
gs-dooars-tasati,Tasati Tea Garden,tasati,generated_search,generated,medium,no,
gs-dooars-tasati,Tasati T.E.,tasati,generated_search,generated,medium,no,
gs-dooars-tasati,Tasati T.G.,tasati,generated_search,generated,medium,no,
gs-dooars-telepara,Telepara,telepara,source,tea-gis-jalpaiguri-atlas-2015,high,yes,
gs-dooars-telepara,Telepara Tea Estate,telepara,generated_search,generated,medium,no,
gs-dooars-telepara,Telepara Tea Garden,telepara,generated_search,generated,medium,no,
gs-dooars-telepara,Telepara T.E.,telepara,generated_search,generated,medium,no,
gs-dooars-telepara,Telepara T.G.,telepara,generated_search,generated,medium,no,
gs-dooars-toonbarie,Toonbarie,toonbarie,source,tea-gis-jalpaiguri-atlas-2015,high,yes,
gs-dooars-toonbarie,Toonbarie Tea Estate,toonbarie,generated_search,generated,medium,no,
gs-dooars-toonbarie,Toonbarie Tea Garden,toonbarie,generated_search,generated,medium,no,
gs-dooars-toonbarie,Toonbarie T.E.,toonbarie,generated_search,generated,medium,no,
gs-dooars-toonbarie,Toonbarie T.G.,toonbarie,generated_search,generated,medium,no,
gs-dooars-torsa,Torsa,torsa,source,tea-gis-jalpaiguri-atlas-2015,high,yes,
gs-dooars-torsa,Torsa Tea Estate,torsa,generated_search,generated,medium,no,
gs-dooars-torsa,Torsa Tea Garden,torsa,generated_search,generated,medium,no,
gs-dooars-torsa,Torsa T.E.,torsa,generated_search,generated,medium,no,
gs-dooars-torsa,Torsa T.G.,torsa,generated_search,generated,medium,no,
gs-dooars-totapara,Totapara,totapara,source,tea-gis-jalpaiguri-atlas-2015,high,yes,
gs-dooars-totapara,Totapara Tea Estate,totapara,generated_search,generated,medium,no,
gs-dooars-totapara,Totapara Tea Garden,totapara,generated_search,generated,medium,no,
gs-dooars-totapara,Totapara T.E.,totapara,generated_search,generated,medium,no,
gs-dooars-totapara,Totapara T.G.,totapara,generated_search,generated,medium,no,
gs-dooars-tulsipara,Tulsipara,tulsipara,source,tea-gis-jalpaiguri-atlas-2015,high,yes,
gs-dooars-tulsipara,Tulsipara Tea Estate,tulsipara,generated_search,generated,medium,no,
gs-dooars-tulsipara,Tulsipara Tea Garden,tulsipara,generated_search,generated,medium,no,
gs-dooars-tulsipara,Tulsipara T.E.,tulsipara,generated_search,generated,medium,no,
gs-dooars-tulsipara,Tulsipara T.G.,tulsipara,generated_search,generated,medium,no,
gs-dooars-turturi,Turturi,turturi,source,tea-gis-jalpaiguri-atlas-2015,high,yes,
gs-dooars-turturi,Turturi Tea Estate,turturi,generated_search,generated,medium,no,
gs-dooars-turturi,Turturi Tea Garden,turturi,generated_search,generated,medium,no,
gs-dooars-turturi,Turturi T.E.,turturi,generated_search,generated,medium,no,
gs-dooars-turturi,Turturi T.G.,turturi,generated_search,generated,medium,no,
gs-dooars-uttarsalbari,Uttarsalbari,uttarsalbari,source,tea-gis-jalpaiguri-atlas-2015,high,yes,
gs-dooars-uttarsalbari,Uttarsalbari Tea Estate,uttarsalbari,generated_search,generated,medium,no,
gs-dooars-uttarsalbari,Uttarsalbari Tea Garden,uttarsalbari,generated_search,generated,medium,no,
gs-dooars-uttarsalbari,Uttarsalbari T.E.,uttarsalbari,generated_search,generated,medium,no,
gs-dooars-uttarsalbari,Uttarsalbari T.G.,uttarsalbari,generated_search,generated,medium,no,
gs-dooars-washabarie,Washabarie,washabarie,source,tea-gis-jalpaiguri-atlas-2015,high,yes,
gs-dooars-washabarie,Washabarie Tea Estate,washabarie,generated_search,generated,medium,no,
gs-dooars-washabarie,Washabarie Tea Garden,washabarie,generated_search,generated,medium,no,
gs-dooars-washabarie,Washabarie T.E.,washabarie,generated_search,generated,medium,no,
gs-dooars-washabarie,Washabarie T.G.,washabarie,generated_search,generated,medium,no,
gs-dooars-yongtong,Yongtong,yongtong,source,tea-gis-jalpaiguri-atlas-2015,high,yes,
gs-dooars-yongtong,Yongtong Tea Estate,yongtong,generated_search,generated,medium,no,
gs-dooars-yongtong,Yongtong Tea Garden,yongtong,generated_search,generated,medium,no,
gs-dooars-yongtong,Yongtong T.E.,yongtong,generated_search,generated,medium,no,
gs-dooars-yongtong,Yongtong T.G.,yongtong,generated_search,generated,medium,no,
gs-dooars-zurantee,Zurantee,zurantee,source,tea-gis-jalpaiguri-atlas-2015,high,yes,
gs-dooars-zurantee,Zurantee Tea Estate,zurantee,generated_search,generated,medium,no,
gs-dooars-zurantee,Zurantee Tea Garden,zurantee,generated_search,generated,medium,no,
gs-dooars-zurantee,Zurantee T.E.,zurantee,generated_search,generated,medium,no,
gs-dooars-zurantee,Zurantee T.G.,zurantee,generated_search,generated,medium,no,
gs-dooars-denguajhar,Danguajhar,danguajhar,current_company_spelling,https://goodricketea.com/pages/our-gardens,high,yes,Current Goodricke spelling.
gs-dooars-lessriver,Leesh River,leesh river,current_company_spelling,https://goodricketea.com/pages/our-gardens,high,yes,Current Goodricke spelling. Prevents a duplicate Tea Board directory record.
gs-dooars-meenglass,Meenglas,meenglas,current_company_spelling,https://goodricketea.com/pages/our-gardens,high,yes,Current Goodricke spelling.
gs-dooars-malnuddy,Malnady,malnady,source_spelling,https://www.teaboard.gov.in/pdf/notice/Tea%20Directory-West%20Bengal.pdf,medium,yes,Tea Board directory spelling linked for review.
gs-dooars-newglenceco,New Glenco,new glenco,source_spelling,https://www.teaboard.gov.in/pdf/notice/Tea%20Directory-West%20Bengal.pdf,medium,yes,Tea Board directory spelling linked for review.
gs-dooars-zurantee,Zurrantee,zurrantee,source_spelling,https://www.teaboard.gov.in/pdf/notice/Tea%20Directory-West%20Bengal.pdf,high,yes,Tea Board directory spelling variant.
gs-dooars-bhatkowa,Bhatkawa,bhatkawa,source_spelling,https://www.teaboard.gov.in/pdf/notice/Tea%20Directory-West%20Bengal.pdf,high,yes,Tea Board directory spelling variant.
gs-dooars-manabarie,Manabari,manabari,news_spelling,https://www.millenniumpost.in/bengal/tea-industry-reacts-to-centres-misleading-data-on-closed-gardens-599358,medium,yes,Local newspaper spelling variant.
gs-dooars-bamandanga-tondoo,Bamandanga,bamandanga,news_spelling,https://www.millenniumpost.in/bengal/tea-industry-reacts-to-centres-misleading-data-on-closed-gardens-599358,medium,yes,Local newspaper short form. Review whether it always means Bamandanga Tondoo.
gs-dooars-choonabhuti,Choonabhutti,choonabhutti,current_company_spelling,https://www.andrewyule.com/westbengal_garden.php,high,yes,Current Andrew Yule spelling.
gs-dooars-karballa,Karbala,karbala,current_company_spelling,https://www.andrewyule.com/group_business.php,high,yes,Current Andrew Yule spelling variant.
gs-dooars-chhaophali,Chhaophali Tea Estate,chhaophali,source,tea-board-wb-directory-2013,high,yes,
gs-dooars-chhaophali,Chhaophali,chhaophali,generated_search,generated,medium,no,
gs-dooars-chhaophali,Chhaophali Tea Garden,chhaophali,generated_search,generated,medium,no,
gs-dooars-chhaophali,Chhaophali T.E.,chhaophali,generated_search,generated,medium,no,
gs-dooars-chhaophali,Chhaophali T.G.,chhaophali,generated_search,generated,medium,no,
gs-dooars-chulsa,Chulsa Tea Estate,chulsa,source,tea-board-wb-directory-2013,high,yes,
gs-dooars-chulsa,Chulsa,chulsa,generated_search,generated,medium,no,
gs-dooars-chulsa,Chulsa Tea Garden,chulsa,generated_search,generated,medium,no,
gs-dooars-chulsa,Chulsa T.E.,chulsa,generated_search,generated,medium,no,
gs-dooars-chulsa,Chulsa T.G.,chulsa,generated_search,generated,medium,no,
gs-dooars-dagapur,Dagapur,dagapur,source,tea-board-wb-directory-2013,high,yes,
gs-dooars-dagapur,Dagapur Tea Estate,dagapur,generated_search,generated,medium,no,
gs-dooars-dagapur,Dagapur Tea Garden,dagapur,generated_search,generated,medium,no,
gs-dooars-dagapur,Dagapur T.E.,dagapur,generated_search,generated,medium,no,
gs-dooars-dagapur,Dagapur T.G.,dagapur,generated_search,generated,medium,no,
gs-dooars-nagaisuree,Nagaisuree,nagaisuree,source,tea-board-wb-directory-2013,high,yes,
gs-dooars-nagaisuree,Nagaisuree Tea Estate,nagaisuree,generated_search,generated,medium,no,
gs-dooars-nagaisuree,Nagaisuree Tea Garden,nagaisuree,generated_search,generated,medium,no,
gs-dooars-nagaisuree,Nagaisuree T.E.,nagaisuree,generated_search,generated,medium,no,
gs-dooars-nagaisuree,Nagaisuree T.G.,nagaisuree,generated_search,generated,medium,no,
gs-dooars-ranicherra,Ranicherra Tea Estate,ranicherra,source,tea-board-wb-directory-2013,high,yes,
gs-dooars-ranicherra,Ranicherra,ranicherra,generated_search,generated,medium,no,
gs-dooars-ranicherra,Ranicherra Tea Garden,ranicherra,generated_search,generated,medium,no,
gs-dooars-ranicherra,Ranicherra T.E.,ranicherra,generated_search,generated,medium,no,
gs-dooars-ranicherra,Ranicherra T.G.,ranicherra,generated_search,generated,medium,no,
gs-dooars-rungamuttee,Rungamuttee Tea Estate,rungamuttee,source,tea-board-wb-directory-2013,high,yes,
gs-dooars-rungamuttee,Rungamuttee,rungamuttee,generated_search,generated,medium,no,
gs-dooars-rungamuttee,Rungamuttee Tea Garden,rungamuttee,generated_search,generated,medium,no,
gs-dooars-rungamuttee,Rungamuttee T.E.,rungamuttee,generated_search,generated,medium,no,
gs-dooars-rungamuttee,Rungamuttee T.G.,rungamuttee,generated_search,generated,medium,no,
gs-dooars-washabarietea,Washabarietea Estate,washabarietea,source,tea-board-wb-directory-2013,high,yes,
gs-dooars-washabarietea,Washabarietea Estate Tea Estate,washabarietea,generated_search,generated,medium,no,
gs-dooars-washabarietea,Washabarietea Estate Tea Garden,washabarietea,generated_search,generated,medium,no,
gs-dooars-washabarietea,Washabarietea Estate T.E.,washabarietea,generated_search,generated,medium,no,
gs-dooars-washabarietea,Washabarietea Estate T.G.,washabarietea,generated_search,generated,medium,no,
gs-dooars-zurrantee-tea,Zurrantee Tea,zurrantee tea,source,tea-board-wb-directory-2013,high,yes,
gs-dooars-zurrantee-tea,Zurrantee Tea Tea Estate,zurrantee tea,generated_search,generated,medium,no,
gs-dooars-zurrantee-tea,Zurrantee Tea Tea Garden,zurrantee tea,generated_search,generated,medium,no,
gs-dooars-zurrantee-tea,Zurrantee Tea T.E.,zurrantee tea,generated_search,generated,medium,no,
gs-dooars-zurrantee-tea,Zurrantee Tea T.G.,zurrantee tea,generated_search,generated,medium,no,
gs-dooars-joypur,Joypur,joypur,source,tea-board-wb-directory-2013,high,yes,
gs-dooars-joypur,Joypur Tea Estate,joypur,generated_search,generated,medium,no,
gs-dooars-joypur,Joypur Tea Garden,joypur,generated_search,generated,medium,no,
gs-dooars-joypur,Joypur T.E.,joypur,generated_search,generated,medium,no,
gs-dooars-joypur,Joypur T.G.,joypur,generated_search,generated,medium,no,
gs-dooars-konpakri-agro-industries-p,Konpakri Agro Industries (P),konpakri agro industries p,source,tea-board-wb-directory-2013,high,yes,
gs-dooars-konpakri-agro-industries-p,Konpakri Agro Industries (P) Tea Estate,konpakri agro industries p,generated_search,generated,medium,no,
gs-dooars-konpakri-agro-industries-p,Konpakri Agro Industries (P) Tea Garden,konpakri agro industries p,generated_search,generated,medium,no,
gs-dooars-konpakri-agro-industries-p,Konpakri Agro Industries (P) T.E.,konpakri agro industries p,generated_search,generated,medium,no,
gs-dooars-konpakri-agro-industries-p,Konpakri Agro Industries (P) T.G.,konpakri agro industries p,generated_search,generated,medium,no,
gs-dooars-nandan,Nandan Tea Estate,nandan,source,tea-board-wb-directory-2013,high,yes,
gs-dooars-nandan,Nandan,nandan,generated_search,generated,medium,no,
gs-dooars-nandan,Nandan Tea Garden,nandan,generated_search,generated,medium,no,
gs-dooars-nandan,Nandan T.E.,nandan,generated_search,generated,medium,no,
gs-dooars-nandan,Nandan T.G.,nandan,generated_search,generated,medium,no,
gs-dooars-nepati-valley,Nepati Valley Tea Estate,nepati valley,source,tea-board-wb-directory-2013,high,yes,
gs-dooars-nepati-valley,Nepati Valley,nepati valley,generated_search,generated,medium,no,
gs-dooars-nepati-valley,Nepati Valley Tea Garden,nepati valley,generated_search,generated,medium,no,
gs-dooars-nepati-valley,Nepati Valley T.E.,nepati valley,generated_search,generated,medium,no,
gs-dooars-nepati-valley,Nepati Valley T.G.,nepati valley,generated_search,generated,medium,no,
gs-dooars-parbati-and-gouranga,Parbati T.E And Gouranga,parbati and gouranga,source,tea-board-wb-directory-2013,high,yes,
gs-dooars-parbati-and-gouranga,Parbati T.E And Gouranga Tea Estate,parbati and gouranga,generated_search,generated,medium,no,
gs-dooars-parbati-and-gouranga,Parbati T.E And Gouranga Tea Garden,parbati and gouranga,generated_search,generated,medium,no,
gs-dooars-parbati-and-gouranga,Parbati T.E And Gouranga T.E.,parbati and gouranga,generated_search,generated,medium,no,
gs-dooars-parbati-and-gouranga,Parbati T.E And Gouranga T.G.,parbati and gouranga,generated_search,generated,medium,no,
gs-dooars-chamurchi,Chamurchi Tea Estate,chamurchi,source,tea-board-wb-directory-2013,high,yes,
gs-dooars-chamurchi,Chamurchi,chamurchi,generated_search,generated,medium,no,
gs-dooars-chamurchi,Chamurchi Tea Garden,chamurchi,generated_search,generated,medium,no,
gs-dooars-chamurchi,Chamurchi T.E.,chamurchi,generated_search,generated,medium,no,
gs-dooars-chamurchi,Chamurchi T.G.,chamurchi,generated_search,generated,medium,no,
gs-dooars-chengmari,Chengmari,chengmari,source,tea-board-wb-directory-2013,high,yes,
gs-dooars-chengmari,Chengmari Tea Estate,chengmari,generated_search,generated,medium,no,
gs-dooars-chengmari,Chengmari Tea Garden,chengmari,generated_search,generated,medium,no,
gs-dooars-chengmari,Chengmari T.E.,chengmari,generated_search,generated,medium,no,
gs-dooars-chengmari,Chengmari T.G.,chengmari,generated_search,generated,medium,no,
gs-dooars-diana,Diana Tea Estate,diana,source,tea-board-wb-directory-2013,high,yes,
gs-dooars-diana,Diana,diana,generated_search,generated,medium,no,
gs-dooars-diana,Diana Tea Garden,diana,generated_search,generated,medium,no,
gs-dooars-diana,Diana T.E.,diana,generated_search,generated,medium,no,
gs-dooars-diana,Diana T.G.,diana,generated_search,generated,medium,no,
gs-dooars-ghatia,Ghatia Tea Estate,ghatia,source,tea-board-wb-directory-2013,high,yes,
gs-dooars-ghatia,Ghatia,ghatia,generated_search,generated,medium,no,
gs-dooars-ghatia,Ghatia Tea Garden,ghatia,generated_search,generated,medium,no,
gs-dooars-ghatia,Ghatia T.E.,ghatia,generated_search,generated,medium,no,
gs-dooars-ghatia,Ghatia T.G.,ghatia,generated_search,generated,medium,no,
gs-dooars-hilla,Hilla,hilla,source,tea-board-wb-directory-2013,high,yes,
gs-dooars-hilla,Hilla Tea Estate,hilla,generated_search,generated,medium,no,
gs-dooars-hilla,Hilla Tea Garden,hilla,generated_search,generated,medium,no,
gs-dooars-hilla,Hilla T.E.,hilla,generated_search,generated,medium,no,
gs-dooars-hilla,Hilla T.G.,hilla,generated_search,generated,medium,no,
gs-dooars-katalguri,Katalguri Tea Estate,katalguri,source,tea-board-wb-directory-2013,high,yes,
gs-dooars-katalguri,Katalguri,katalguri,generated_search,generated,medium,no,
gs-dooars-katalguri,Katalguri Tea Garden,katalguri,generated_search,generated,medium,no,
gs-dooars-katalguri,Katalguri T.E.,katalguri,generated_search,generated,medium,no,
gs-dooars-katalguri,Katalguri T.G.,katalguri,generated_search,generated,medium,no,
gs-dooars-nya-sylee,Nya Sylee,nya sylee,source,tea-board-wb-directory-2013,high,yes,
gs-dooars-nya-sylee,Nya Sylee Tea Estate,nya sylee,generated_search,generated,medium,no,
gs-dooars-nya-sylee,Nya Sylee Tea Garden,nya sylee,generated_search,generated,medium,no,
gs-dooars-nya-sylee,Nya Sylee T.E.,nya sylee,generated_search,generated,medium,no,
gs-dooars-nya-sylee,Nya Sylee T.G.,nya sylee,generated_search,generated,medium,no,
gs-dooars-red-bank,Red Bank,red bank,source,tea-board-wb-directory-2013,high,yes,
gs-dooars-red-bank,Red Bank Tea Estate,red bank,generated_search,generated,medium,no,
gs-dooars-red-bank,Red Bank Tea Garden,red bank,generated_search,generated,medium,no,
gs-dooars-red-bank,Red Bank T.E.,red bank,generated_search,generated,medium,no,
gs-dooars-red-bank,Red Bank T.G.,red bank,generated_search,generated,medium,no,
gs-dooars-surendra-nagar,Surendra Nagar,surendra nagar,source,tea-board-wb-directory-2013,high,yes,
gs-dooars-surendra-nagar,Surendra Nagar Tea Estate,surendra nagar,generated_search,generated,medium,no,
gs-dooars-surendra-nagar,Surendra Nagar Tea Garden,surendra nagar,generated_search,generated,medium,no,
gs-dooars-surendra-nagar,Surendra Nagar T.E.,surendra nagar,generated_search,generated,medium,no,
gs-dooars-surendra-nagar,Surendra Nagar T.G.,surendra nagar,generated_search,generated,medium,no,
gs-dooars-atiabari,Atiabari Tea Estate,atiabari,source,tea-board-wb-directory-2013,high,yes,
gs-dooars-atiabari,Atiabari,atiabari,generated_search,generated,medium,no,
gs-dooars-atiabari,Atiabari Tea Garden,atiabari,generated_search,generated,medium,no,
gs-dooars-atiabari,Atiabari T.E.,atiabari,generated_search,generated,medium,no,
gs-dooars-atiabari,Atiabari T.G.,atiabari,generated_search,generated,medium,no,
gs-dooars-kalchini,Kalchini T E,kalchini,source,tea-board-wb-directory-2013,high,yes,
gs-dooars-kalchini,Kalchini,kalchini,generated_search,generated,medium,no,
gs-dooars-kalchini,Kalchini Tea Estate,kalchini,generated_search,generated,medium,no,
gs-dooars-kalchini,Kalchini Tea Garden,kalchini,generated_search,generated,medium,no,
gs-dooars-kalchini,Kalchini T.E.,kalchini,generated_search,generated,medium,no,
gs-dooars-kalchini,Kalchini T.G.,kalchini,generated_search,generated,medium,no,
gs-dooars-merico,Merico Tea Estate,merico,source,tea-board-wb-directory-2013,high,yes,
gs-dooars-merico,Merico,merico,generated_search,generated,medium,no,
gs-dooars-merico,Merico Tea Garden,merico,generated_search,generated,medium,no,
gs-dooars-merico,Merico T.E.,merico,generated_search,generated,medium,no,
gs-dooars-merico,Merico T.G.,merico,generated_search,generated,medium,no,
gs-dooars-rajahbhat,Rajahbhat Tea Estate,rajahbhat,source,tea-board-wb-directory-2013,high,yes,
gs-dooars-rajahbhat,Rajahbhat,rajahbhat,generated_search,generated,medium,no,
gs-dooars-rajahbhat,Rajahbhat Tea Garden,rajahbhat,generated_search,generated,medium,no,
gs-dooars-rajahbhat,Rajahbhat T.E.,rajahbhat,generated_search,generated,medium,no,
gs-dooars-rajahbhat,Rajahbhat T.G.,rajahbhat,generated_search,generated,medium,no,
gs-dooars-buds,Buds Tea Estate,buds,source,tea-board-wb-directory-2013,high,yes,
gs-dooars-buds,Buds,buds,generated_search,generated,medium,no,
gs-dooars-buds,Buds Tea Garden,buds,generated_search,generated,medium,no,
gs-dooars-buds,Buds T.E.,buds,generated_search,generated,medium,no,
gs-dooars-buds,Buds T.G.,buds,generated_search,generated,medium,no,
gs-dooars-sonar-bangla-tea-co-p-ltd,Sonar Bangla Tea Co (P) LTD,sonar bangla tea co p ltd,source,tea-board-wb-directory-2013,high,yes,
gs-dooars-sonar-bangla-tea-co-p-ltd,Sonar Bangla Tea Co (P) LTD Tea Estate,sonar bangla tea co p ltd,generated_search,generated,medium,no,
gs-dooars-sonar-bangla-tea-co-p-ltd,Sonar Bangla Tea Co (P) LTD Tea Garden,sonar bangla tea co p ltd,generated_search,generated,medium,no,
gs-dooars-sonar-bangla-tea-co-p-ltd,Sonar Bangla Tea Co (P) LTD T.E.,sonar bangla tea co p ltd,generated_search,generated,medium,no,
gs-dooars-sonar-bangla-tea-co-p-ltd,Sonar Bangla Tea Co (P) LTD T.G.,sonar bangla tea co p ltd,generated_search,generated,medium,no,
gs-dooars-trisakti,Trisakti Tea Estate,trisakti,source,tea-board-wb-directory-2013,high,yes,
gs-dooars-trisakti,Trisakti,trisakti,generated_search,generated,medium,no,
gs-dooars-trisakti,Trisakti Tea Garden,trisakti,generated_search,generated,medium,no,
gs-dooars-trisakti,Trisakti T.E.,trisakti,generated_search,generated,medium,no,
gs-dooars-trisakti,Trisakti T.G.,trisakti,generated_search,generated,medium,no,
gs-dooars-bundapani,Bundapani Tea Garden,bundapani,source,tea-board-wb-directory-2013,high,yes,
gs-dooars-bundapani,Bundapani,bundapani,generated_search,generated,medium,no,
gs-dooars-bundapani,Bundapani Tea Estate,bundapani,generated_search,generated,medium,no,
gs-dooars-bundapani,Bundapani T.E.,bundapani,generated_search,generated,medium,no,
gs-dooars-bundapani,Bundapani T.G.,bundapani,generated_search,generated,medium,no,
gs-dooars-dahuk-valley,Dahuk Valley Tea Estate,dahuk valley,source,tea-board-wb-directory-2013,high,yes,
gs-dooars-dahuk-valley,Dahuk Valley,dahuk valley,generated_search,generated,medium,no,
gs-dooars-dahuk-valley,Dahuk Valley Tea Garden,dahuk valley,generated_search,generated,medium,no,
gs-dooars-dahuk-valley,Dahuk Valley T.E.,dahuk valley,generated_search,generated,medium,no,
gs-dooars-dahuk-valley,Dahuk Valley T.G.,dahuk valley,generated_search,generated,medium,no,
gs-dooars-garganda-tae,Garganda Tae Estate,garganda tae,source,tea-board-wb-directory-2013,high,yes,
gs-dooars-garganda-tae,Garganda Tae Estate Tea Estate,garganda tae,generated_search,generated,medium,no,
gs-dooars-garganda-tae,Garganda Tae Estate Tea Garden,garganda tae,generated_search,generated,medium,no,
gs-dooars-garganda-tae,Garganda Tae Estate T.E.,garganda tae,generated_search,generated,medium,no,
gs-dooars-garganda-tae,Garganda Tae Estate T.G.,garganda tae,generated_search,generated,medium,no,
gs-dooars-makrapara,Makrapara Tea Estate,makrapara,source,tea-board-wb-directory-2013,high,yes,
gs-dooars-makrapara,Makrapara,makrapara,generated_search,generated,medium,no,
gs-dooars-makrapara,Makrapara Tea Garden,makrapara,generated_search,generated,medium,no,
gs-dooars-makrapara,Makrapara T.E.,makrapara,generated_search,generated,medium,no,
gs-dooars-makrapara,Makrapara T.G.,makrapara,generated_search,generated,medium,no,
gs-dooars-mohua,Mohua,mohua,source,tea-board-wb-directory-2013,high,yes,
gs-dooars-mohua,Mohua Tea Estate,mohua,generated_search,generated,medium,no,
gs-dooars-mohua,Mohua Tea Garden,mohua,generated_search,generated,medium,no,
gs-dooars-mohua,Mohua T.E.,mohua,generated_search,generated,medium,no,
gs-dooars-mohua,Mohua T.G.,mohua,generated_search,generated,medium,no,
gs-dooars-ramjhora,Ramjhora Tea Estate,ramjhora,source,tea-board-wb-directory-2013,high,yes,
gs-dooars-ramjhora,Ramjhora,ramjhora,generated_search,generated,medium,no,
gs-dooars-ramjhora,Ramjhora Tea Garden,ramjhora,generated_search,generated,medium,no,
gs-dooars-ramjhora,Ramjhora T.E.,ramjhora,generated_search,generated,medium,no,
gs-dooars-ramjhora,Ramjhora T.G.,ramjhora,generated_search,generated,medium,no,
gs-dooars-dalmore,Dalmore Tea Estate,dalmore,source,tea-board-wb-directory-2013,high,yes,
gs-dooars-dalmore,Dalmore,dalmore,generated_search,generated,medium,no,
gs-dooars-dalmore,Dalmore Tea Garden,dalmore,generated_search,generated,medium,no,
gs-dooars-dalmore,Dalmore T.E.,dalmore,generated_search,generated,medium,no,
gs-dooars-dalmore,Dalmore T.G.,dalmore,generated_search,generated,medium,no,
gs-dooars-dalsingpara,Dalsingpara,dalsingpara,source,tea-board-wb-directory-2013,high,yes,
gs-dooars-dalsingpara,Dalsingpara Tea Estate,dalsingpara,generated_search,generated,medium,no,
gs-dooars-dalsingpara,Dalsingpara Tea Garden,dalsingpara,generated_search,generated,medium,no,
gs-dooars-dalsingpara,Dalsingpara T.E.,dalsingpara,generated_search,generated,medium,no,
gs-dooars-dalsingpara,Dalsingpara T.G.,dalsingpara,generated_search,generated,medium,no,
gs-dooars-kadambini,Kadambini Tea Estate,kadambini,source,tea-board-wb-directory-2013,high,yes,
gs-dooars-kadambini,Kadambini,kadambini,generated_search,generated,medium,no,
gs-dooars-kadambini,Kadambini Tea Garden,kadambini,generated_search,generated,medium,no,
gs-dooars-kadambini,Kadambini T.E.,kadambini,generated_search,generated,medium,no,
gs-dooars-kadambini,Kadambini T.G.,kadambini,generated_search,generated,medium,no,
gs-dooars-raimatang,Raimatang Tea Estate,raimatang,source,tea-board-wb-directory-2013,high,yes,
gs-dooars-raimatang,Raimatang,raimatang,generated_search,generated,medium,no,
gs-dooars-raimatang,Raimatang Tea Garden,raimatang,generated_search,generated,medium,no,
gs-dooars-raimatang,Raimatang T.E.,raimatang,generated_search,generated,medium,no,
gs-dooars-raimatang,Raimatang T.G.,raimatang,generated_search,generated,medium,no,
gs-dooars-bagrakote,Bagracote Tea Garden,bagracote,source,tea-board-wb-directory-2013,high,yes,
gs-dooars-ellenbarie,Ellenbarrie Tea Estate,ellenbarrie,source,tea-board-wb-directory-2013,high,yes,
gs-dooars-goodhope,Good Hope Tea Estate,good hope,source,tea-board-wb-directory-2013,high,yes,
gs-dooars-lessriver,Leesh River Teagarden,leesh river,source,tea-board-wb-directory-2013,high,yes,
gs-dooars-malnuddy,Malnady Tea Estate,malnady,source,tea-board-wb-directory-2013,high,yes,
gs-dooars-manabarie,Manabarrie,manabarrie,source,tea-board-wb-directory-2013,high,yes,
gs-dooars-meenglass,Meenglas Tea Garden,meenglas,source,tea-board-wb-directory-2013,high,yes,
gs-dooars-newglenceco,New Glenco Tea Estate,new glenco,source,tea-board-wb-directory-2013,high,yes,
gs-dooars-toonbarie,Toonbarrie Tea Estate,toonbarrie,source,tea-board-wb-directory-2013,high,yes,
gs-dooars-damdim,Dam Dim,dam dim,source,tea-board-wb-directory-2013,high,yes,
gs-dooars-denguajhar,Danguajhar Tea Garden,danguajhar,source,tea-board-wb-directory-2013,high,yes,
gs-dooars-saraswatipur,Saraswatipur T.E,saraswatipur,source,tea-board-wb-directory-2013,high,yes,
gs-dooars-bhogotpore,Bhogatpore Tea Estate,bhogatpore,source,tea-board-wb-directory-2013,high,yes,
gs-dooars-choonabhuti,Choonabhutti Tea Estate,choonabhutti,source,tea-board-wb-directory-2013,high,yes,
gs-dooars-karballa,Karbala Tea Estate,karbala,source,tea-board-wb-directory-2013,high,yes,
gs-dooars-mogalkata,Mogulkata Tea Estate,mogulkata,source,tea-board-wb-directory-2013,high,yes,
gs-dooars-bhatkowa,Bhatkawa Tea Estate,bhatkawa,source,tea-board-wb-directory-2013,high,yes,
gs-dooars-mechapara,Mechpara Tea Estate,mechpara,source,tea-board-wb-directory-2013,high,yes,
gs-dooars-baradighi,Baradighi T.E,baradighi,source,tea-board-wb-directory-2013,high,yes,
gs-dooars-birpara,Birpara TE,birpara,source,tea-board-wb-directory-2013,high,yes,
gs-dooars-torsa,Toorsa,toorsa,source,tea-board-wb-directory-2013,high,yes,
gs-dooars-sarugaon,Sarugaon Teaestate,sarugaon,source,tea-board-wb-directory-2013,high,yes,
gs-dooars-new-lands,Newlands Tea Estate,newlands,source,tea-board-wb-directory-2013,high,yes,
gs-dooars-ethelbarie,Ethelbari,ethelbari,source,tea-board-wb-directory-2013,high,yes,
gs-dooars-haldibari,Huldibari Tea Garden,huldibari,source,tea-board-wb-directory-2013,high,yes,
gs-dooars-joybirpara,Jaybirpara Tea Estate,jaybirpara,source,tea-board-wb-directory-2013,high,yes,
gs-dooars-patkapara,Patkapra Tea Estate,patkapra,source,tea-board-wb-directory-2013,high,yes,
gs-dooars-chinchula,Estate(Chinchula Tea Estate),chinchula,source,tea-board-registered-planters-2019,high,yes,
gs-dooars-torsa,Toorsa Tea Estate,toorsa,source,tea-board-registered-planters-2019,high,yes,
gs-dooars-red-bank,Redbank,redbank,source,tea-board-registered-planters-2019,high,yes,
gs-dooars-chhaophali,Chhaoaphali TE,chhaoaphali,source,tea-board-registered-planters-2019,high,yes,
gs-dooars-damdim,Dam Dim Tea Estate,dam dim,source,tea-board-registered-planters-2019,high,yes,
gs-dooars-bamandanga-tondoo,Bamundanga Tea Estate,bamundanga,source,tea-board-registered-planters-2019,high,yes,
gs-dooars-yongtong,Yongtong Estate,yongtong,source,tea-board-registered-planters-2019,high,yes,
gs-dooars-lessriver,Leesh River Tea Garden,leesh river,source,tea-board-registered-planters-2019,high,yes,
gs-dooars-konpakri-agro-industries-p,Konpakri Agro Industries P LTD,konpakri agro industries p ltd,source,tea-board-registered-planters-2019,high,yes,
gs-dooars-surendra-nagar,Surendranagar,surendranagar,source,tea-board-registered-planters-2019,high,yes,
gs-dooars-dheklapara,Dheklapara,dheklapara,manual,manual,high,yes,
gs-dooars-dheklapara,Dheklapara Tea Estate,dheklapara,generated_search,generated,medium,no,
gs-dooars-dheklapara,Dheklapara Tea Garden,dheklapara,generated_search,generated,medium,no,
gs-dooars-dheklapara,Dheklapara T.E.,dheklapara,generated_search,generated,medium,no,
gs-dooars-dheklapara,Dheklapara T.G.,dheklapara,generated_search,generated,medium,no,
