garden_id,canonical_name,alias,query,priority
gs-dooars-aibheel,Aibheel,Aibheel,"""Aibheel"" owner company acquisition sale lease Dooars",normal
gs-dooars-aibheel,Aibheel,Aibheel,"""Aibheel"" reopened production factory active Dooars",normal
gs-dooars-aibheel,Aibheel,Aibheel,"""Aibheel"" new management director manager Dooars",normal
gs-dooars-aibheel,Aibheel,Aibheel,"""Aibheel"" closed suspended workers Dooars",normal
gs-dooars-amarpur,Amarpur,Amarpur,"""Amarpur"" owner company acquisition sale lease Dooars",high
gs-dooars-amarpur,Amarpur,Amarpur,"""Amarpur"" reopened production factory active Dooars",high
gs-dooars-amarpur,Amarpur,Amarpur,"""Amarpur"" new management director manager Dooars",high
gs-dooars-amarpur,Amarpur,Amarpur,"""Amarpur"" closed suspended workers Dooars",high
gs-dooars-ambari,Ambari,Ambari,"""Ambari"" owner company acquisition sale lease Dooars",high
gs-dooars-ambari,Ambari,Ambari,"""Ambari"" reopened production factory active Dooars",high
gs-dooars-ambari,Ambari,Ambari,"""Ambari"" new management director manager Dooars",high
gs-dooars-ambari,Ambari,Ambari,"""Ambari"" closed suspended workers Dooars",high
gs-dooars-anandapur,Anandapur,Anandapur,"""Anandapur"" owner company acquisition sale lease Dooars",high
gs-dooars-anandapur,Anandapur,Anandapur,"""Anandapur"" reopened production factory active Dooars",high
gs-dooars-anandapur,Anandapur,Anandapur,"""Anandapur"" new management director manager Dooars",high
gs-dooars-anandapur,Anandapur,Anandapur,"""Anandapur"" closed suspended workers Dooars",high
gs-dooars-bagrakote,Bagrakote,Bagrakote,"""Bagrakote"" owner company acquisition sale lease Dooars",high
gs-dooars-bagrakote,Bagrakote,Bagrakote,"""Bagrakote"" reopened production factory active Dooars",high
gs-dooars-bagrakote,Bagrakote,Bagrakote,"""Bagrakote"" new management director manager Dooars",high
gs-dooars-bagrakote,Bagrakote,Bagrakote,"""Bagrakote"" closed suspended workers Dooars",high
gs-dooars-bagrakote,Bagrakote,Bagracote Tea Garden,"""Bagracote Tea Garden"" owner company acquisition sale lease Dooars",high
gs-dooars-bagrakote,Bagrakote,Bagracote Tea Garden,"""Bagracote Tea Garden"" reopened production factory active Dooars",high
gs-dooars-bagrakote,Bagrakote,Bagracote Tea Garden,"""Bagracote Tea Garden"" new management director manager Dooars",high
gs-dooars-bagrakote,Bagrakote,Bagracote Tea Garden,"""Bagracote Tea Garden"" closed suspended workers Dooars",high
gs-dooars-baintgoorie,Baintgoorie,Baintgoorie,"""Baintgoorie"" owner company acquisition sale lease Dooars",high
gs-dooars-baintgoorie,Baintgoorie,Baintgoorie,"""Baintgoorie"" reopened production factory active Dooars",high
gs-dooars-baintgoorie,Baintgoorie,Baintgoorie,"""Baintgoorie"" new management director manager Dooars",high
gs-dooars-baintgoorie,Baintgoorie,Baintgoorie,"""Baintgoorie"" closed suspended workers Dooars",high
gs-dooars-bamandanga-tondoo,Bamandanga Tondoo,Bamandanga Tondoo,"""Bamandanga Tondoo"" owner company acquisition sale lease Dooars",normal
gs-dooars-bamandanga-tondoo,Bamandanga Tondoo,Bamandanga Tondoo,"""Bamandanga Tondoo"" reopened production factory active Dooars",normal
gs-dooars-bamandanga-tondoo,Bamandanga Tondoo,Bamandanga Tondoo,"""Bamandanga Tondoo"" new management director manager Dooars",normal
gs-dooars-bamandanga-tondoo,Bamandanga Tondoo,Bamandanga Tondoo,"""Bamandanga Tondoo"" closed suspended workers Dooars",normal
gs-dooars-bamandanga-tondoo,Bamandanga Tondoo,Bamandanga,"""Bamandanga"" owner company acquisition sale lease Dooars",normal
gs-dooars-bamandanga-tondoo,Bamandanga Tondoo,Bamandanga,"""Bamandanga"" reopened production factory active Dooars",normal
gs-dooars-bamandanga-tondoo,Bamandanga Tondoo,Bamandanga,"""Bamandanga"" new management director manager Dooars",normal
gs-dooars-bamandanga-tondoo,Bamandanga Tondoo,Bamandanga,"""Bamandanga"" closed suspended workers Dooars",normal
gs-dooars-bamandanga-tondoo,Bamandanga Tondoo,Bamundanga Tea Estate,"""Bamundanga Tea Estate"" owner company acquisition sale lease Dooars",normal
gs-dooars-bamandanga-tondoo,Bamandanga Tondoo,Bamundanga Tea Estate,"""Bamundanga Tea Estate"" reopened production factory active Dooars",normal
gs-dooars-bamandanga-tondoo,Bamandanga Tondoo,Bamundanga Tea Estate,"""Bamundanga Tea Estate"" new management director manager Dooars",normal
gs-dooars-bamandanga-tondoo,Bamandanga Tondoo,Bamundanga Tea Estate,"""Bamundanga Tea Estate"" closed suspended workers Dooars",normal
gs-dooars-banarhat,Banarhat,Banarhat,"""Banarhat"" owner company acquisition sale lease Dooars",normal
gs-dooars-banarhat,Banarhat,Banarhat,"""Banarhat"" reopened production factory active Dooars",normal
gs-dooars-banarhat,Banarhat,Banarhat,"""Banarhat"" new management director manager Dooars",normal
gs-dooars-banarhat,Banarhat,Banarhat,"""Banarhat"" closed suspended workers Dooars",normal
gs-dooars-baradighi,Baradighi,Baradighi,"""Baradighi"" owner company acquisition sale lease Dooars",high
gs-dooars-baradighi,Baradighi,Baradighi,"""Baradighi"" reopened production factory active Dooars",high
gs-dooars-baradighi,Baradighi,Baradighi,"""Baradighi"" new management director manager Dooars",high
gs-dooars-baradighi,Baradighi,Baradighi,"""Baradighi"" closed suspended workers Dooars",high
gs-dooars-baradighi,Baradighi,Baradighi T.E,"""Baradighi T.E"" owner company acquisition sale lease Dooars",high
gs-dooars-baradighi,Baradighi,Baradighi T.E,"""Baradighi T.E"" reopened production factory active Dooars",high
gs-dooars-baradighi,Baradighi,Baradighi T.E,"""Baradighi T.E"" new management director manager Dooars",high
gs-dooars-baradighi,Baradighi,Baradighi T.E,"""Baradighi T.E"" closed suspended workers Dooars",high
gs-dooars-batabari,Batabari,Batabari,"""Batabari"" owner company acquisition sale lease Dooars",high
gs-dooars-batabari,Batabari,Batabari,"""Batabari"" reopened production factory active Dooars",high
gs-dooars-batabari,Batabari,Batabari,"""Batabari"" new management director manager Dooars",high
gs-dooars-batabari,Batabari,Batabari,"""Batabari"" closed suspended workers Dooars",high
gs-dooars-beech,Beech,Beech,"""Beech"" owner company acquisition sale lease Dooars",high
gs-dooars-beech,Beech,Beech,"""Beech"" reopened production factory active Dooars",high
gs-dooars-beech,Beech,Beech,"""Beech"" new management director manager Dooars",high
gs-dooars-beech,Beech,Beech,"""Beech"" closed suspended workers Dooars",high
gs-dooars-bhandiguri,Bhandiguri,Bhandiguri,"""Bhandiguri"" owner company acquisition sale lease Dooars",high
gs-dooars-bhandiguri,Bhandiguri,Bhandiguri,"""Bhandiguri"" reopened production factory active Dooars",high
gs-dooars-bhandiguri,Bhandiguri,Bhandiguri,"""Bhandiguri"" new management director manager Dooars",high
gs-dooars-bhandiguri,Bhandiguri,Bhandiguri,"""Bhandiguri"" closed suspended workers Dooars",high
gs-dooars-bharnobari,Bharnobari,Bharnobari,"""Bharnobari"" owner company acquisition sale lease Dooars",high
gs-dooars-bharnobari,Bharnobari,Bharnobari,"""Bharnobari"" reopened production factory active Dooars",high
gs-dooars-bharnobari,Bharnobari,Bharnobari,"""Bharnobari"" new management director manager Dooars",high
gs-dooars-bharnobari,Bharnobari,Bharnobari,"""Bharnobari"" closed suspended workers Dooars",high
gs-dooars-bhatkowa,Bhatkowa,Bhatkowa,"""Bhatkowa"" owner company acquisition sale lease Dooars",high
gs-dooars-bhatkowa,Bhatkowa,Bhatkowa,"""Bhatkowa"" reopened production factory active Dooars",high
gs-dooars-bhatkowa,Bhatkowa,Bhatkowa,"""Bhatkowa"" new management director manager Dooars",high
gs-dooars-bhatkowa,Bhatkowa,Bhatkowa,"""Bhatkowa"" closed suspended workers Dooars",high
gs-dooars-bhatkowa,Bhatkowa,Bhatkawa,"""Bhatkawa"" owner company acquisition sale lease Dooars",high
gs-dooars-bhatkowa,Bhatkowa,Bhatkawa,"""Bhatkawa"" reopened production factory active Dooars",high
gs-dooars-bhatkowa,Bhatkowa,Bhatkawa,"""Bhatkawa"" new management director manager Dooars",high
gs-dooars-bhatkowa,Bhatkowa,Bhatkawa,"""Bhatkawa"" closed suspended workers Dooars",high
gs-dooars-bhatkowa,Bhatkowa,Bhatkawa Tea Estate,"""Bhatkawa Tea Estate"" owner company acquisition sale lease Dooars",high
gs-dooars-bhatkowa,Bhatkowa,Bhatkawa Tea Estate,"""Bhatkawa Tea Estate"" reopened production factory active Dooars",high
gs-dooars-bhatkowa,Bhatkowa,Bhatkawa Tea Estate,"""Bhatkawa Tea Estate"" new management director manager Dooars",high
gs-dooars-bhatkowa,Bhatkowa,Bhatkawa Tea Estate,"""Bhatkawa Tea Estate"" closed suspended workers Dooars",high
gs-dooars-bhatpara,Bhatpara,Bhatpara,"""Bhatpara"" owner company acquisition sale lease Dooars",high
gs-dooars-bhatpara,Bhatpara,Bhatpara,"""Bhatpara"" reopened production factory active Dooars",high
gs-dooars-bhatpara,Bhatpara,Bhatpara,"""Bhatpara"" new management director manager Dooars",high
gs-dooars-bhatpara,Bhatpara,Bhatpara,"""Bhatpara"" closed suspended workers Dooars",high
gs-dooars-bhogotpore,Bhogotpore,Bhogotpore,"""Bhogotpore"" owner company acquisition sale lease Dooars",high
gs-dooars-bhogotpore,Bhogotpore,Bhogotpore,"""Bhogotpore"" reopened production factory active Dooars",high
gs-dooars-bhogotpore,Bhogotpore,Bhogotpore,"""Bhogotpore"" new management director manager Dooars",high
gs-dooars-bhogotpore,Bhogotpore,Bhogotpore,"""Bhogotpore"" closed suspended workers Dooars",high
gs-dooars-bhogotpore,Bhogotpore,Bhogatpore Tea Estate,"""Bhogatpore Tea Estate"" owner company acquisition sale lease Dooars",high
gs-dooars-bhogotpore,Bhogotpore,Bhogatpore Tea Estate,"""Bhogatpore Tea Estate"" reopened production factory active Dooars",high
gs-dooars-bhogotpore,Bhogotpore,Bhogatpore Tea Estate,"""Bhogatpore Tea Estate"" new management director manager Dooars",high
gs-dooars-bhogotpore,Bhogotpore,Bhogatpore Tea Estate,"""Bhogatpore Tea Estate"" closed suspended workers Dooars",high
gs-dooars-binaguri,Binaguri,Binaguri,"""Binaguri"" owner company acquisition sale lease Dooars",high
gs-dooars-binaguri,Binaguri,Binaguri,"""Binaguri"" reopened production factory active Dooars",high
gs-dooars-binaguri,Binaguri,Binaguri,"""Binaguri"" new management director manager Dooars",high
gs-dooars-binaguri,Binaguri,Binaguri,"""Binaguri"" closed suspended workers Dooars",high
gs-dooars-birpara,Birpara,Birpara,"""Birpara"" owner company acquisition sale lease Dooars",high
gs-dooars-birpara,Birpara,Birpara,"""Birpara"" reopened production factory active Dooars",high
gs-dooars-birpara,Birpara,Birpara,"""Birpara"" new management director manager Dooars",high
gs-dooars-birpara,Birpara,Birpara,"""Birpara"" closed suspended workers Dooars",high
gs-dooars-birpara,Birpara,Birpara TE,"""Birpara TE"" owner company acquisition sale lease Dooars",high
gs-dooars-birpara,Birpara,Birpara TE,"""Birpara TE"" reopened production factory active Dooars",high
gs-dooars-birpara,Birpara,Birpara TE,"""Birpara TE"" new management director manager Dooars",high
gs-dooars-birpara,Birpara,Birpara TE,"""Birpara TE"" closed suspended workers Dooars",high
gs-dooars-carron,Carron,Carron,"""Carron"" owner company acquisition sale lease Dooars",high
gs-dooars-carron,Carron,Carron,"""Carron"" reopened production factory active Dooars",high
gs-dooars-carron,Carron,Carron,"""Carron"" new management director manager Dooars",high
gs-dooars-carron,Carron,Carron,"""Carron"" closed suspended workers Dooars",high
gs-dooars-central-duars,Central Dooars,Central Dooars,"""Central Dooars"" owner company acquisition sale lease Dooars",normal
gs-dooars-central-duars,Central Dooars,Central Dooars,"""Central Dooars"" reopened production factory active Dooars",normal
gs-dooars-central-duars,Central Dooars,Central Dooars,"""Central Dooars"" new management director manager Dooars",normal
gs-dooars-central-duars,Central Dooars,Central Dooars,"""Central Dooars"" closed suspended workers Dooars",normal
gs-dooars-chalouni,Chalouni,Chalouni,"""Chalouni"" owner company acquisition sale lease Dooars",normal
gs-dooars-chalouni,Chalouni,Chalouni,"""Chalouni"" reopened production factory active Dooars",normal
gs-dooars-chalouni,Chalouni,Chalouni,"""Chalouni"" new management director manager Dooars",normal
gs-dooars-chalouni,Chalouni,Chalouni,"""Chalouni"" closed suspended workers Dooars",normal
gs-dooars-chinchula,Chinchula,Chinchula,"""Chinchula"" owner company acquisition sale lease Dooars",high
gs-dooars-chinchula,Chinchula,Chinchula,"""Chinchula"" reopened production factory active Dooars",high
gs-dooars-chinchula,Chinchula,Chinchula,"""Chinchula"" new management director manager Dooars",high
gs-dooars-chinchula,Chinchula,Chinchula,"""Chinchula"" closed suspended workers Dooars",high
gs-dooars-chinchula,Chinchula,Estate(Chinchula Tea Estate),"""Estate(Chinchula Tea Estate)"" owner company acquisition sale lease Dooars",high
gs-dooars-chinchula,Chinchula,Estate(Chinchula Tea Estate),"""Estate(Chinchula Tea Estate)"" reopened production factory active Dooars",high
gs-dooars-chinchula,Chinchula,Estate(Chinchula Tea Estate),"""Estate(Chinchula Tea Estate)"" new management director manager Dooars",high
gs-dooars-chinchula,Chinchula,Estate(Chinchula Tea Estate),"""Estate(Chinchula Tea Estate)"" closed suspended workers Dooars",high
gs-dooars-choonabhuti,Choonabhuti,Choonabhuti,"""Choonabhuti"" owner company acquisition sale lease Dooars",normal
gs-dooars-choonabhuti,Choonabhuti,Choonabhuti,"""Choonabhuti"" reopened production factory active Dooars",normal
gs-dooars-choonabhuti,Choonabhuti,Choonabhuti,"""Choonabhuti"" new management director manager Dooars",normal
gs-dooars-choonabhuti,Choonabhuti,Choonabhuti,"""Choonabhuti"" closed suspended workers Dooars",normal
gs-dooars-choonabhuti,Choonabhuti,Choonabhutti,"""Choonabhutti"" owner company acquisition sale lease Dooars",normal
gs-dooars-choonabhuti,Choonabhuti,Choonabhutti,"""Choonabhutti"" reopened production factory active Dooars",normal
gs-dooars-choonabhuti,Choonabhuti,Choonabhutti,"""Choonabhutti"" new management director manager Dooars",normal
gs-dooars-choonabhuti,Choonabhuti,Choonabhutti,"""Choonabhutti"" closed suspended workers Dooars",normal
gs-dooars-choonabhuti,Choonabhuti,Choonabhutti Tea Estate,"""Choonabhutti Tea Estate"" owner company acquisition sale lease Dooars",normal
gs-dooars-choonabhuti,Choonabhuti,Choonabhutti Tea Estate,"""Choonabhutti Tea Estate"" reopened production factory active Dooars",normal
gs-dooars-choonabhuti,Choonabhuti,Choonabhutti Tea Estate,"""Choonabhutti Tea Estate"" new management director manager Dooars",normal
gs-dooars-choonabhuti,Choonabhuti,Choonabhutti Tea Estate,"""Choonabhutti Tea Estate"" closed suspended workers Dooars",normal
gs-dooars-chuapara,Chuapara,Chuapara,"""Chuapara"" owner company acquisition sale lease Dooars",high
gs-dooars-chuapara,Chuapara,Chuapara,"""Chuapara"" reopened production factory active Dooars",high
gs-dooars-chuapara,Chuapara,Chuapara,"""Chuapara"" new management director manager Dooars",high
gs-dooars-chuapara,Chuapara,Chuapara,"""Chuapara"" closed suspended workers Dooars",high
gs-dooars-chuniajhora,Chuniajhora,Chuniajhora,"""Chuniajhora"" owner company acquisition sale lease Dooars",high
gs-dooars-chuniajhora,Chuniajhora,Chuniajhora,"""Chuniajhora"" reopened production factory active Dooars",high
gs-dooars-chuniajhora,Chuniajhora,Chuniajhora,"""Chuniajhora"" new management director manager Dooars",high
gs-dooars-chuniajhora,Chuniajhora,Chuniajhora,"""Chuniajhora"" closed suspended workers Dooars",high
gs-dooars-dalgaon,Dalgaon,Dalgaon,"""Dalgaon"" owner company acquisition sale lease Dooars",high
gs-dooars-dalgaon,Dalgaon,Dalgaon,"""Dalgaon"" reopened production factory active Dooars",high
gs-dooars-dalgaon,Dalgaon,Dalgaon,"""Dalgaon"" new management director manager Dooars",high
gs-dooars-dalgaon,Dalgaon,Dalgaon,"""Dalgaon"" closed suspended workers Dooars",high
gs-dooars-damdim,Damdim,Damdim,"""Damdim"" owner company acquisition sale lease Dooars",high
gs-dooars-damdim,Damdim,Damdim,"""Damdim"" reopened production factory active Dooars",high
gs-dooars-damdim,Damdim,Damdim,"""Damdim"" new management director manager Dooars",high
gs-dooars-damdim,Damdim,Damdim,"""Damdim"" closed suspended workers Dooars",high
gs-dooars-damdim,Damdim,Dam Dim,"""Dam Dim"" owner company acquisition sale lease Dooars",high
gs-dooars-damdim,Damdim,Dam Dim,"""Dam Dim"" reopened production factory active Dooars",high
gs-dooars-damdim,Damdim,Dam Dim,"""Dam Dim"" new management director manager Dooars",high
gs-dooars-damdim,Damdim,Dam Dim,"""Dam Dim"" closed suspended workers Dooars",high
gs-dooars-damdim,Damdim,Dam Dim Tea Estate,"""Dam Dim Tea Estate"" owner company acquisition sale lease Dooars",high
gs-dooars-damdim,Damdim,Dam Dim Tea Estate,"""Dam Dim Tea Estate"" reopened production factory active Dooars",high
gs-dooars-damdim,Damdim,Dam Dim Tea Estate,"""Dam Dim Tea Estate"" new management director manager Dooars",high
gs-dooars-damdim,Damdim,Dam Dim Tea Estate,"""Dam Dim Tea Estate"" closed suspended workers Dooars",high
gs-dooars-debipur,Debipur,Debipur,"""Debipur"" owner company acquisition sale lease Dooars",high
gs-dooars-debipur,Debipur,Debipur,"""Debipur"" reopened production factory active Dooars",high
gs-dooars-debipur,Debipur,Debipur,"""Debipur"" new management director manager Dooars",high
gs-dooars-debipur,Debipur,Debipur,"""Debipur"" closed suspended workers Dooars",high
gs-dooars-debpara,Debpara,Debpara,"""Debpara"" owner company acquisition sale lease Dooars",high
gs-dooars-debpara,Debpara,Debpara,"""Debpara"" reopened production factory active Dooars",high
gs-dooars-debpara,Debpara,Debpara,"""Debpara"" new management director manager Dooars",high
gs-dooars-debpara,Debpara,Debpara,"""Debpara"" closed suspended workers Dooars",high
gs-dooars-demdima,Demdima,Demdima,"""Demdima"" owner company acquisition sale lease Dooars",high
gs-dooars-demdima,Demdima,Demdima,"""Demdima"" reopened production factory active Dooars",high
gs-dooars-demdima,Demdima,Demdima,"""Demdima"" new management director manager Dooars",high
gs-dooars-demdima,Demdima,Demdima,"""Demdima"" closed suspended workers Dooars",high
gs-dooars-denguajhar,Denguajhar,Denguajhar,"""Denguajhar"" owner company acquisition sale lease Dooars",normal
gs-dooars-denguajhar,Denguajhar,Denguajhar,"""Denguajhar"" reopened production factory active Dooars",normal
gs-dooars-denguajhar,Denguajhar,Denguajhar,"""Denguajhar"" new management director manager Dooars",normal
gs-dooars-denguajhar,Denguajhar,Denguajhar,"""Denguajhar"" closed suspended workers Dooars",normal
gs-dooars-denguajhar,Denguajhar,Danguajhar,"""Danguajhar"" owner company acquisition sale lease Dooars",normal
gs-dooars-denguajhar,Denguajhar,Danguajhar,"""Danguajhar"" reopened production factory active Dooars",normal
gs-dooars-denguajhar,Denguajhar,Danguajhar,"""Danguajhar"" new management director manager Dooars",normal
gs-dooars-denguajhar,Denguajhar,Danguajhar,"""Danguajhar"" closed suspended workers Dooars",normal
gs-dooars-denguajhar,Denguajhar,Danguajhar Tea Garden,"""Danguajhar Tea Garden"" owner company acquisition sale lease Dooars",normal
gs-dooars-denguajhar,Denguajhar,Danguajhar Tea Garden,"""Danguajhar Tea Garden"" reopened production factory active Dooars",normal
gs-dooars-denguajhar,Denguajhar,Danguajhar Tea Garden,"""Danguajhar Tea Garden"" new management director manager Dooars",normal
gs-dooars-denguajhar,Denguajhar,Danguajhar Tea Garden,"""Danguajhar Tea Garden"" closed suspended workers Dooars",normal
gs-dooars-dharanipur,Dharanipur,Dharanipur,"""Dharanipur"" owner company acquisition sale lease Dooars",high
gs-dooars-dharanipur,Dharanipur,Dharanipur,"""Dharanipur"" reopened production factory active Dooars",high
gs-dooars-dharanipur,Dharanipur,Dharanipur,"""Dharanipur"" new management director manager Dooars",high
gs-dooars-dharanipur,Dharanipur,Dharanipur,"""Dharanipur"" closed suspended workers Dooars",high
gs-dooars-dhowlajhora,Dhowlajhora,Dhowlajhora,"""Dhowlajhora"" owner company acquisition sale lease Dooars",high
gs-dooars-dhowlajhora,Dhowlajhora,Dhowlajhora,"""Dhowlajhora"" reopened production factory active Dooars",high
gs-dooars-dhowlajhora,Dhowlajhora,Dhowlajhora,"""Dhowlajhora"" new management director manager Dooars",high
gs-dooars-dhowlajhora,Dhowlajhora,Dhowlajhora,"""Dhowlajhora"" closed suspended workers Dooars",high
gs-dooars-dima,Dima,Dima,"""Dima"" owner company acquisition sale lease Dooars",high
gs-dooars-dima,Dima,Dima,"""Dima"" reopened production factory active Dooars",high
gs-dooars-dima,Dima,Dima,"""Dima"" new management director manager Dooars",high
gs-dooars-dima,Dima,Dima,"""Dima"" closed suspended workers Dooars",high
gs-dooars-dumchipara,Dumchipara,Dumchipara,"""Dumchipara"" owner company acquisition sale lease Dooars",high
gs-dooars-dumchipara,Dumchipara,Dumchipara,"""Dumchipara"" reopened production factory active Dooars",high
gs-dooars-dumchipara,Dumchipara,Dumchipara,"""Dumchipara"" new management director manager Dooars",high
gs-dooars-dumchipara,Dumchipara,Dumchipara,"""Dumchipara"" closed suspended workers Dooars",high
gs-dooars-ellenbarie,Ellenbarie,Ellenbarie,"""Ellenbarie"" owner company acquisition sale lease Dooars",high
gs-dooars-ellenbarie,Ellenbarie,Ellenbarie,"""Ellenbarie"" reopened production factory active Dooars",high
gs-dooars-ellenbarie,Ellenbarie,Ellenbarie,"""Ellenbarie"" new management director manager Dooars",high
gs-dooars-ellenbarie,Ellenbarie,Ellenbarie,"""Ellenbarie"" closed suspended workers Dooars",high
gs-dooars-ellenbarie,Ellenbarie,Ellenbarrie Tea Estate,"""Ellenbarrie Tea Estate"" owner company acquisition sale lease Dooars",high
gs-dooars-ellenbarie,Ellenbarie,Ellenbarrie Tea Estate,"""Ellenbarrie Tea Estate"" reopened production factory active Dooars",high
gs-dooars-ellenbarie,Ellenbarie,Ellenbarrie Tea Estate,"""Ellenbarrie Tea Estate"" new management director manager Dooars",high
gs-dooars-ellenbarie,Ellenbarie,Ellenbarrie Tea Estate,"""Ellenbarrie Tea Estate"" closed suspended workers Dooars",high
gs-dooars-engo,Engo,Engo,"""Engo"" owner company acquisition sale lease Dooars",high
gs-dooars-engo,Engo,Engo,"""Engo"" reopened production factory active Dooars",high
gs-dooars-engo,Engo,Engo,"""Engo"" new management director manager Dooars",high
gs-dooars-engo,Engo,Engo,"""Engo"" closed suspended workers Dooars",high
gs-dooars-ethelbarie,Ethelbarie,Ethelbarie,"""Ethelbarie"" owner company acquisition sale lease Dooars",high
gs-dooars-ethelbarie,Ethelbarie,Ethelbarie,"""Ethelbarie"" reopened production factory active Dooars",high
gs-dooars-ethelbarie,Ethelbarie,Ethelbarie,"""Ethelbarie"" new management director manager Dooars",high
gs-dooars-ethelbarie,Ethelbarie,Ethelbarie,"""Ethelbarie"" closed suspended workers Dooars",high
gs-dooars-ethelbarie,Ethelbarie,Ethelbari,"""Ethelbari"" owner company acquisition sale lease Dooars",high
gs-dooars-ethelbarie,Ethelbarie,Ethelbari,"""Ethelbari"" reopened production factory active Dooars",high
gs-dooars-ethelbarie,Ethelbarie,Ethelbari,"""Ethelbari"" new management director manager Dooars",high
gs-dooars-ethelbarie,Ethelbarie,Ethelbari,"""Ethelbari"" closed suspended workers Dooars",high
gs-dooars-gairkhata,Gairkhata,Gairkhata,"""Gairkhata"" owner company acquisition sale lease Dooars",high
gs-dooars-gairkhata,Gairkhata,Gairkhata,"""Gairkhata"" reopened production factory active Dooars",high
gs-dooars-gairkhata,Gairkhata,Gairkhata,"""Gairkhata"" new management director manager Dooars",high
gs-dooars-gairkhata,Gairkhata,Gairkhata,"""Gairkhata"" closed suspended workers Dooars",high
gs-dooars-gandrapara,Gandrapara,Gandrapara,"""Gandrapara"" owner company acquisition sale lease Dooars",normal
gs-dooars-gandrapara,Gandrapara,Gandrapara,"""Gandrapara"" reopened production factory active Dooars",normal
gs-dooars-gandrapara,Gandrapara,Gandrapara,"""Gandrapara"" new management director manager Dooars",normal
gs-dooars-gandrapara,Gandrapara,Gandrapara,"""Gandrapara"" closed suspended workers Dooars",normal
gs-dooars-garganda,Garganda,Garganda,"""Garganda"" owner company acquisition sale lease Dooars",high
gs-dooars-garganda,Garganda,Garganda,"""Garganda"" reopened production factory active Dooars",high
gs-dooars-garganda,Garganda,Garganda,"""Garganda"" new management director manager Dooars",high
gs-dooars-garganda,Garganda,Garganda,"""Garganda"" closed suspended workers Dooars",high
gs-dooars-goodhope,Goodhope,Goodhope,"""Goodhope"" owner company acquisition sale lease Dooars",high
gs-dooars-goodhope,Goodhope,Goodhope,"""Goodhope"" reopened production factory active Dooars",high
gs-dooars-goodhope,Goodhope,Goodhope,"""Goodhope"" new management director manager Dooars",high
gs-dooars-goodhope,Goodhope,Goodhope,"""Goodhope"" closed suspended workers Dooars",high
gs-dooars-goodhope,Goodhope,Good Hope Tea Estate,"""Good Hope Tea Estate"" owner company acquisition sale lease Dooars",high
gs-dooars-goodhope,Goodhope,Good Hope Tea Estate,"""Good Hope Tea Estate"" reopened production factory active Dooars",high
gs-dooars-goodhope,Goodhope,Good Hope Tea Estate,"""Good Hope Tea Estate"" new management director manager Dooars",high
gs-dooars-goodhope,Goodhope,Good Hope Tea Estate,"""Good Hope Tea Estate"" closed suspended workers Dooars",high
gs-dooars-gopalpur,Gopalpur,Gopalpur,"""Gopalpur"" owner company acquisition sale lease Dooars",high
gs-dooars-gopalpur,Gopalpur,Gopalpur,"""Gopalpur"" reopened production factory active Dooars",high
gs-dooars-gopalpur,Gopalpur,Gopalpur,"""Gopalpur"" new management director manager Dooars",high
gs-dooars-gopalpur,Gopalpur,Gopalpur,"""Gopalpur"" closed suspended workers Dooars",high
gs-dooars-gopimohan,Gopimohan,Gopimohan,"""Gopimohan"" owner company acquisition sale lease Dooars",high
gs-dooars-gopimohan,Gopimohan,Gopimohan,"""Gopimohan"" reopened production factory active Dooars",high
gs-dooars-gopimohan,Gopimohan,Gopimohan,"""Gopimohan"" new management director manager Dooars",high
gs-dooars-gopimohan,Gopimohan,Gopimohan,"""Gopimohan"" closed suspended workers Dooars",high
gs-dooars-gurjangjhora,Gurjangjhora,Gurjangjhora,"""Gurjangjhora"" owner company acquisition sale lease Dooars",high
gs-dooars-gurjangjhora,Gurjangjhora,Gurjangjhora,"""Gurjangjhora"" reopened production factory active Dooars",high
gs-dooars-gurjangjhora,Gurjangjhora,Gurjangjhora,"""Gurjangjhora"" new management director manager Dooars",high
gs-dooars-gurjangjhora,Gurjangjhora,Gurjangjhora,"""Gurjangjhora"" closed suspended workers Dooars",high
gs-dooars-haldibari,Haldibari,Haldibari,"""Haldibari"" owner company acquisition sale lease Dooars",high
gs-dooars-haldibari,Haldibari,Haldibari,"""Haldibari"" reopened production factory active Dooars",high
gs-dooars-haldibari,Haldibari,Haldibari,"""Haldibari"" new management director manager Dooars",high
gs-dooars-haldibari,Haldibari,Haldibari,"""Haldibari"" closed suspended workers Dooars",high
gs-dooars-haldibari,Haldibari,Huldibari Tea Garden,"""Huldibari Tea Garden"" owner company acquisition sale lease Dooars",high
gs-dooars-haldibari,Haldibari,Huldibari Tea Garden,"""Huldibari Tea Garden"" reopened production factory active Dooars",high
gs-dooars-haldibari,Haldibari,Huldibari Tea Garden,"""Huldibari Tea Garden"" new management director manager Dooars",high
gs-dooars-haldibari,Haldibari,Huldibari Tea Garden,"""Huldibari Tea Garden"" closed suspended workers Dooars",high
gs-dooars-hantapara,Hantapara,Hantapara,"""Hantapara"" owner company acquisition sale lease Dooars",high
gs-dooars-hantapara,Hantapara,Hantapara,"""Hantapara"" reopened production factory active Dooars",high
gs-dooars-hantapara,Hantapara,Hantapara,"""Hantapara"" new management director manager Dooars",high
gs-dooars-hantapara,Hantapara,Hantapara,"""Hantapara"" closed suspended workers Dooars",high
gs-dooars-hope,Hope,Hope,"""Hope"" owner company acquisition sale lease Dooars",normal
gs-dooars-hope,Hope,Hope,"""Hope"" reopened production factory active Dooars",normal
gs-dooars-hope,Hope,Hope,"""Hope"" new management director manager Dooars",normal
gs-dooars-hope,Hope,Hope,"""Hope"" closed suspended workers Dooars",normal
gs-dooars-indong,Indong,Indong,"""Indong"" owner company acquisition sale lease Dooars",normal
gs-dooars-indong,Indong,Indong,"""Indong"" reopened production factory active Dooars",normal
gs-dooars-indong,Indong,Indong,"""Indong"" new management director manager Dooars",normal
gs-dooars-indong,Indong,Indong,"""Indong"" closed suspended workers Dooars",normal
gs-dooars-jadabpur,Jadabpur,Jadabpur,"""Jadabpur"" owner company acquisition sale lease Dooars",high
gs-dooars-jadabpur,Jadabpur,Jadabpur,"""Jadabpur"" reopened production factory active Dooars",high
gs-dooars-jadabpur,Jadabpur,Jadabpur,"""Jadabpur"" new management director manager Dooars",high
gs-dooars-jadabpur,Jadabpur,Jadabpur,"""Jadabpur"" closed suspended workers Dooars",high
gs-dooars-jainti,Jainti,Jainti,"""Jainti"" owner company acquisition sale lease Dooars",high
gs-dooars-jainti,Jainti,Jainti,"""Jainti"" reopened production factory active Dooars",high
gs-dooars-jainti,Jainti,Jainti,"""Jainti"" new management director manager Dooars",high
gs-dooars-jainti,Jainti,Jainti,"""Jainti"" closed suspended workers Dooars",high
gs-dooars-jaldacca-altadanga,Jaldacca Altadanga,Jaldacca Altadanga,"""Jaldacca Altadanga"" owner company acquisition sale lease Dooars",high
gs-dooars-jaldacca-altadanga,Jaldacca Altadanga,Jaldacca Altadanga,"""Jaldacca Altadanga"" reopened production factory active Dooars",high
gs-dooars-jaldacca-altadanga,Jaldacca Altadanga,Jaldacca Altadanga,"""Jaldacca Altadanga"" new management director manager Dooars",high
gs-dooars-jaldacca-altadanga,Jaldacca Altadanga,Jaldacca Altadanga,"""Jaldacca Altadanga"" closed suspended workers Dooars",high
gs-dooars-jalpara,Jalpara,Jalpara,"""Jalpara"" owner company acquisition sale lease Dooars",high
gs-dooars-jalpara,Jalpara,Jalpara,"""Jalpara"" reopened production factory active Dooars",high
gs-dooars-jalpara,Jalpara,Jalpara,"""Jalpara"" new management director manager Dooars",high
gs-dooars-jalpara,Jalpara,Jalpara,"""Jalpara"" closed suspended workers Dooars",high
gs-dooars-jiti,Jiti,Jiti,"""Jiti"" owner company acquisition sale lease Dooars",normal
gs-dooars-jiti,Jiti,Jiti,"""Jiti"" reopened production factory active Dooars",normal
gs-dooars-jiti,Jiti,Jiti,"""Jiti"" new management director manager Dooars",normal
gs-dooars-jiti,Jiti,Jiti,"""Jiti"" closed suspended workers Dooars",normal
gs-dooars-jogesh-chandra,Jogesh Chandra,Jogesh Chandra,"""Jogesh Chandra"" owner company acquisition sale lease Dooars",high
gs-dooars-jogesh-chandra,Jogesh Chandra,Jogesh Chandra,"""Jogesh Chandra"" reopened production factory active Dooars",high
gs-dooars-jogesh-chandra,Jogesh Chandra,Jogesh Chandra,"""Jogesh Chandra"" new management director manager Dooars",high
gs-dooars-jogesh-chandra,Jogesh Chandra,Jogesh Chandra,"""Jogesh Chandra"" closed suspended workers Dooars",high
gs-dooars-joybirpara,Joybirpara,Joybirpara,"""Joybirpara"" owner company acquisition sale lease Dooars",high
gs-dooars-joybirpara,Joybirpara,Joybirpara,"""Joybirpara"" reopened production factory active Dooars",high
gs-dooars-joybirpara,Joybirpara,Joybirpara,"""Joybirpara"" new management director manager Dooars",high
gs-dooars-joybirpara,Joybirpara,Joybirpara,"""Joybirpara"" closed suspended workers Dooars",high
gs-dooars-joybirpara,Joybirpara,Jaybirpara Tea Estate,"""Jaybirpara Tea Estate"" owner company acquisition sale lease Dooars",high
gs-dooars-joybirpara,Joybirpara,Jaybirpara Tea Estate,"""Jaybirpara Tea Estate"" reopened production factory active Dooars",high
gs-dooars-joybirpara,Joybirpara,Jaybirpara Tea Estate,"""Jaybirpara Tea Estate"" new management director manager Dooars",high
gs-dooars-joybirpara,Joybirpara,Jaybirpara Tea Estate,"""Jaybirpara Tea Estate"" closed suspended workers Dooars",high
gs-dooars-kailashpur,Kailashpur,Kailashpur,"""Kailashpur"" owner company acquisition sale lease Dooars",high
gs-dooars-kailashpur,Kailashpur,Kailashpur,"""Kailashpur"" reopened production factory active Dooars",high
gs-dooars-kailashpur,Kailashpur,Kailashpur,"""Kailashpur"" new management director manager Dooars",high
gs-dooars-kailashpur,Kailashpur,Kailashpur,"""Kailashpur"" closed suspended workers Dooars",high
gs-dooars-kalabari,Kalabari,Kalabari,"""Kalabari"" owner company acquisition sale lease Dooars",high
gs-dooars-kalabari,Kalabari,Kalabari,"""Kalabari"" reopened production factory active Dooars",high
gs-dooars-kalabari,Kalabari,Kalabari,"""Kalabari"" new management director manager Dooars",high
gs-dooars-kalabari,Kalabari,Kalabari,"""Kalabari"" closed suspended workers Dooars",high
gs-dooars-karala-valley,Karala Valley,Karala Valley,"""Karala Valley"" owner company acquisition sale lease Dooars",high
gs-dooars-karala-valley,Karala Valley,Karala Valley,"""Karala Valley"" reopened production factory active Dooars",high
gs-dooars-karala-valley,Karala Valley,Karala Valley,"""Karala Valley"" new management director manager Dooars",high
gs-dooars-karala-valley,Karala Valley,Karala Valley,"""Karala Valley"" closed suspended workers Dooars",high
gs-dooars-karballa,Karballa,Karballa,"""Karballa"" owner company acquisition sale lease Dooars",normal
gs-dooars-karballa,Karballa,Karballa,"""Karballa"" reopened production factory active Dooars",normal
gs-dooars-karballa,Karballa,Karballa,"""Karballa"" new management director manager Dooars",normal
gs-dooars-karballa,Karballa,Karballa,"""Karballa"" closed suspended workers Dooars",normal
gs-dooars-karballa,Karballa,Karbala,"""Karbala"" owner company acquisition sale lease Dooars",normal
gs-dooars-karballa,Karballa,Karbala,"""Karbala"" reopened production factory active Dooars",normal
gs-dooars-karballa,Karballa,Karbala,"""Karbala"" new management director manager Dooars",normal
gs-dooars-karballa,Karballa,Karbala,"""Karbala"" closed suspended workers Dooars",normal
gs-dooars-karballa,Karballa,Karbala Tea Estate,"""Karbala Tea Estate"" owner company acquisition sale lease Dooars",normal
gs-dooars-karballa,Karballa,Karbala Tea Estate,"""Karbala Tea Estate"" reopened production factory active Dooars",normal
gs-dooars-karballa,Karballa,Karbala Tea Estate,"""Karbala Tea Estate"" new management director manager Dooars",normal
gs-dooars-karballa,Karballa,Karbala Tea Estate,"""Karbala Tea Estate"" closed suspended workers Dooars",normal
gs-dooars-kartick,Kartick,Kartick,"""Kartick"" owner company acquisition sale lease Dooars",high
gs-dooars-kartick,Kartick,Kartick,"""Kartick"" reopened production factory active Dooars",high
gs-dooars-kartick,Kartick,Kartick,"""Kartick"" new management director manager Dooars",high
gs-dooars-kartick,Kartick,Kartick,"""Kartick"" closed suspended workers Dooars",high
gs-dooars-kathaldhura,Kathaldhura,Kathaldhura,"""Kathaldhura"" owner company acquisition sale lease Dooars",high
gs-dooars-kathaldhura,Kathaldhura,Kathaldhura,"""Kathaldhura"" reopened production factory active Dooars",high
gs-dooars-kathaldhura,Kathaldhura,Kathaldhura,"""Kathaldhura"" new management director manager Dooars",high
gs-dooars-kathaldhura,Kathaldhura,Kathaldhura,"""Kathaldhura"" closed suspended workers Dooars",high
gs-dooars-killcott,Killcott,Killcott,"""Killcott"" owner company acquisition sale lease Dooars",high
gs-dooars-killcott,Killcott,Killcott,"""Killcott"" reopened production factory active Dooars",high
gs-dooars-killcott,Killcott,Killcott,"""Killcott"" new management director manager Dooars",high
gs-dooars-killcott,Killcott,Killcott,"""Killcott"" closed suspended workers Dooars",high
gs-dooars-kohinoor,Kohinoor,Kohinoor,"""Kohinoor"" owner company acquisition sale lease Dooars",high
gs-dooars-kohinoor,Kohinoor,Kohinoor,"""Kohinoor"" reopened production factory active Dooars",high
gs-dooars-kohinoor,Kohinoor,Kohinoor,"""Kohinoor"" new management director manager Dooars",high
gs-dooars-kohinoor,Kohinoor,Kohinoor,"""Kohinoor"" closed suspended workers Dooars",high
gs-dooars-kumargram,Kumargram,Kumargram,"""Kumargram"" owner company acquisition sale lease Dooars",normal
gs-dooars-kumargram,Kumargram,Kumargram,"""Kumargram"" reopened production factory active Dooars",normal
gs-dooars-kumargram,Kumargram,Kumargram,"""Kumargram"" new management director manager Dooars",normal
gs-dooars-kumargram,Kumargram,Kumargram,"""Kumargram"" closed suspended workers Dooars",normal
gs-dooars-kumlai,Kumlai,Kumlai,"""Kumlai"" owner company acquisition sale lease Dooars",normal
gs-dooars-kumlai,Kumlai,Kumlai,"""Kumlai"" reopened production factory active Dooars",normal
gs-dooars-kumlai,Kumlai,Kumlai,"""Kumlai"" new management director manager Dooars",normal
gs-dooars-kumlai,Kumlai,Kumlai,"""Kumlai"" closed suspended workers Dooars",normal
gs-dooars-kurti,Kurti,Kurti,"""Kurti"" owner company acquisition sale lease Dooars",high
gs-dooars-kurti,Kurti,Kurti,"""Kurti"" reopened production factory active Dooars",high
gs-dooars-kurti,Kurti,Kurti,"""Kurti"" new management director manager Dooars",high
gs-dooars-kurti,Kurti,Kurti,"""Kurti"" closed suspended workers Dooars",high
gs-dooars-lakhikanta,Lakhikanta,Lakhikanta,"""Lakhikanta"" owner company acquisition sale lease Dooars",high
gs-dooars-lakhikanta,Lakhikanta,Lakhikanta,"""Lakhikanta"" reopened production factory active Dooars",high
gs-dooars-lakhikanta,Lakhikanta,Lakhikanta,"""Lakhikanta"" new management director manager Dooars",high
gs-dooars-lakhikanta,Lakhikanta,Lakhikanta,"""Lakhikanta"" closed suspended workers Dooars",high
gs-dooars-lakhipara,Lakhipara,Lakhipara,"""Lakhipara"" owner company acquisition sale lease Dooars",normal
gs-dooars-lakhipara,Lakhipara,Lakhipara,"""Lakhipara"" reopened production factory active Dooars",normal
gs-dooars-lakhipara,Lakhipara,Lakhipara,"""Lakhipara"" new management director manager Dooars",normal
gs-dooars-lakhipara,Lakhipara,Lakhipara,"""Lakhipara"" closed suspended workers Dooars",normal
gs-dooars-lankapara,Lankapara,Lankapara,"""Lankapara"" owner company acquisition sale lease Dooars",normal
gs-dooars-lankapara,Lankapara,Lankapara,"""Lankapara"" reopened production factory active Dooars",normal
gs-dooars-lankapara,Lankapara,Lankapara,"""Lankapara"" new management director manager Dooars",normal
gs-dooars-lankapara,Lankapara,Lankapara,"""Lankapara"" closed suspended workers Dooars",normal
gs-dooars-lessriver,Lessriver,Lessriver,"""Lessriver"" owner company acquisition sale lease Dooars",normal
gs-dooars-lessriver,Lessriver,Lessriver,"""Lessriver"" reopened production factory active Dooars",normal
gs-dooars-lessriver,Lessriver,Lessriver,"""Lessriver"" new management director manager Dooars",normal
gs-dooars-lessriver,Lessriver,Lessriver,"""Lessriver"" closed suspended workers Dooars",normal
gs-dooars-lessriver,Lessriver,Leesh River,"""Leesh River"" owner company acquisition sale lease Dooars",normal
gs-dooars-lessriver,Lessriver,Leesh River,"""Leesh River"" reopened production factory active Dooars",normal
gs-dooars-lessriver,Lessriver,Leesh River,"""Leesh River"" new management director manager Dooars",normal
gs-dooars-lessriver,Lessriver,Leesh River,"""Leesh River"" closed suspended workers Dooars",normal
gs-dooars-lessriver,Lessriver,Leesh River Teagarden,"""Leesh River Teagarden"" owner company acquisition sale lease Dooars",normal
gs-dooars-lessriver,Lessriver,Leesh River Teagarden,"""Leesh River Teagarden"" reopened production factory active Dooars",normal
gs-dooars-lessriver,Lessriver,Leesh River Teagarden,"""Leesh River Teagarden"" new management director manager Dooars",normal
gs-dooars-lessriver,Lessriver,Leesh River Teagarden,"""Leesh River Teagarden"" closed suspended workers Dooars",normal
gs-dooars-lessriver,Lessriver,Leesh River Tea Garden,"""Leesh River Tea Garden"" owner company acquisition sale lease Dooars",normal
gs-dooars-lessriver,Lessriver,Leesh River Tea Garden,"""Leesh River Tea Garden"" reopened production factory active Dooars",normal
gs-dooars-lessriver,Lessriver,Leesh River Tea Garden,"""Leesh River Tea Garden"" new management director manager Dooars",normal
gs-dooars-lessriver,Lessriver,Leesh River Tea Garden,"""Leesh River Tea Garden"" closed suspended workers Dooars",normal
gs-dooars-looksun,Looksun,Looksun,"""Looksun"" owner company acquisition sale lease Dooars",high
gs-dooars-looksun,Looksun,Looksun,"""Looksun"" reopened production factory active Dooars",high
gs-dooars-looksun,Looksun,Looksun,"""Looksun"" new management director manager Dooars",high
gs-dooars-looksun,Looksun,Looksun,"""Looksun"" closed suspended workers Dooars",high
gs-dooars-madhu,Madhu,Madhu,"""Madhu"" owner company acquisition sale lease Dooars",high
gs-dooars-madhu,Madhu,Madhu,"""Madhu"" reopened production factory active Dooars",high
gs-dooars-madhu,Madhu,Madhu,"""Madhu"" new management director manager Dooars",high
gs-dooars-madhu,Madhu,Madhu,"""Madhu"" closed suspended workers Dooars",high
gs-dooars-majherdabri,Majherdabri,Majherdabri,"""Majherdabri"" owner company acquisition sale lease Dooars",high
gs-dooars-majherdabri,Majherdabri,Majherdabri,"""Majherdabri"" reopened production factory active Dooars",high
gs-dooars-majherdabri,Majherdabri,Majherdabri,"""Majherdabri"" new management director manager Dooars",high
gs-dooars-majherdabri,Majherdabri,Majherdabri,"""Majherdabri"" closed suspended workers Dooars",high
gs-dooars-malnuddy,Malnuddy,Malnuddy,"""Malnuddy"" owner company acquisition sale lease Dooars",high
gs-dooars-malnuddy,Malnuddy,Malnuddy,"""Malnuddy"" reopened production factory active Dooars",high
gs-dooars-malnuddy,Malnuddy,Malnuddy,"""Malnuddy"" new management director manager Dooars",high
gs-dooars-malnuddy,Malnuddy,Malnuddy,"""Malnuddy"" closed suspended workers Dooars",high
gs-dooars-malnuddy,Malnuddy,Malnady,"""Malnady"" owner company acquisition sale lease Dooars",high
gs-dooars-malnuddy,Malnuddy,Malnady,"""Malnady"" reopened production factory active Dooars",high
gs-dooars-malnuddy,Malnuddy,Malnady,"""Malnady"" new management director manager Dooars",high
gs-dooars-malnuddy,Malnuddy,Malnady,"""Malnady"" closed suspended workers Dooars",high
gs-dooars-malnuddy,Malnuddy,Malnady Tea Estate,"""Malnady Tea Estate"" owner company acquisition sale lease Dooars",high
gs-dooars-malnuddy,Malnuddy,Malnady Tea Estate,"""Malnady Tea Estate"" reopened production factory active Dooars",high
gs-dooars-malnuddy,Malnuddy,Malnady Tea Estate,"""Malnady Tea Estate"" new management director manager Dooars",high
gs-dooars-malnuddy,Malnuddy,Malnady Tea Estate,"""Malnady Tea Estate"" closed suspended workers Dooars",high
gs-dooars-manabarie,Manabarie,Manabarie,"""Manabarie"" owner company acquisition sale lease Dooars",normal
gs-dooars-manabarie,Manabarie,Manabarie,"""Manabarie"" reopened production factory active Dooars",normal
gs-dooars-manabarie,Manabarie,Manabarie,"""Manabarie"" new management director manager Dooars",normal
gs-dooars-manabarie,Manabarie,Manabarie,"""Manabarie"" closed suspended workers Dooars",normal
gs-dooars-manabarie,Manabarie,Manabari,"""Manabari"" owner company acquisition sale lease Dooars",normal
gs-dooars-manabarie,Manabarie,Manabari,"""Manabari"" reopened production factory active Dooars",normal
gs-dooars-manabarie,Manabarie,Manabari,"""Manabari"" new management director manager Dooars",normal
gs-dooars-manabarie,Manabarie,Manabari,"""Manabari"" closed suspended workers Dooars",normal
gs-dooars-manabarie,Manabarie,Manabarrie,"""Manabarrie"" owner company acquisition sale lease Dooars",normal
gs-dooars-manabarie,Manabarie,Manabarrie,"""Manabarrie"" reopened production factory active Dooars",normal
gs-dooars-manabarie,Manabarie,Manabarrie,"""Manabarrie"" new management director manager Dooars",normal
gs-dooars-manabarie,Manabarie,Manabarrie,"""Manabarrie"" closed suspended workers Dooars",normal
gs-dooars-matelli,Matelli,Matelli,"""Matelli"" owner company acquisition sale lease Dooars",high
gs-dooars-matelli,Matelli,Matelli,"""Matelli"" reopened production factory active Dooars",high
gs-dooars-matelli,Matelli,Matelli,"""Matelli"" new management director manager Dooars",high
gs-dooars-matelli,Matelli,Matelli,"""Matelli"" closed suspended workers Dooars",high
gs-dooars-mathura,Mathura,Mathura,"""Mathura"" owner company acquisition sale lease Dooars",normal
gs-dooars-mathura,Mathura,Mathura,"""Mathura"" reopened production factory active Dooars",normal
gs-dooars-mathura,Mathura,Mathura,"""Mathura"" new management director manager Dooars",normal
gs-dooars-mathura,Mathura,Mathura,"""Mathura"" closed suspended workers Dooars",normal
gs-dooars-mechapara,Mechapara,Mechapara,"""Mechapara"" owner company acquisition sale lease Dooars",high
gs-dooars-mechapara,Mechapara,Mechapara,"""Mechapara"" reopened production factory active Dooars",high
gs-dooars-mechapara,Mechapara,Mechapara,"""Mechapara"" new management director manager Dooars",high
gs-dooars-mechapara,Mechapara,Mechapara,"""Mechapara"" closed suspended workers Dooars",high
gs-dooars-mechapara,Mechapara,Mechpara Tea Estate,"""Mechpara Tea Estate"" owner company acquisition sale lease Dooars",high
gs-dooars-mechapara,Mechapara,Mechpara Tea Estate,"""Mechpara Tea Estate"" reopened production factory active Dooars",high
gs-dooars-mechapara,Mechapara,Mechpara Tea Estate,"""Mechpara Tea Estate"" new management director manager Dooars",high
gs-dooars-mechapara,Mechapara,Mechpara Tea Estate,"""Mechpara Tea Estate"" closed suspended workers Dooars",high
gs-dooars-meenglass,Meenglass,Meenglass,"""Meenglass"" owner company acquisition sale lease Dooars",normal
gs-dooars-meenglass,Meenglass,Meenglass,"""Meenglass"" reopened production factory active Dooars",normal
gs-dooars-meenglass,Meenglass,Meenglass,"""Meenglass"" new management director manager Dooars",normal
gs-dooars-meenglass,Meenglass,Meenglass,"""Meenglass"" closed suspended workers Dooars",normal
gs-dooars-meenglass,Meenglass,Meenglas,"""Meenglas"" owner company acquisition sale lease Dooars",normal
gs-dooars-meenglass,Meenglass,Meenglas,"""Meenglas"" reopened production factory active Dooars",normal
gs-dooars-meenglass,Meenglass,Meenglas,"""Meenglas"" new management director manager Dooars",normal
gs-dooars-meenglass,Meenglass,Meenglas,"""Meenglas"" closed suspended workers Dooars",normal
gs-dooars-meenglass,Meenglass,Meenglas Tea Garden,"""Meenglas Tea Garden"" owner company acquisition sale lease Dooars",normal
gs-dooars-meenglass,Meenglass,Meenglas Tea Garden,"""Meenglas Tea Garden"" reopened production factory active Dooars",normal
gs-dooars-meenglass,Meenglass,Meenglas Tea Garden,"""Meenglas Tea Garden"" new management director manager Dooars",normal
gs-dooars-meenglass,Meenglass,Meenglas Tea Garden,"""Meenglas Tea Garden"" closed suspended workers Dooars",normal
gs-dooars-mogalkata,Mogalkata,Mogalkata,"""Mogalkata"" owner company acquisition sale lease Dooars",high
gs-dooars-mogalkata,Mogalkata,Mogalkata,"""Mogalkata"" reopened production factory active Dooars",high
gs-dooars-mogalkata,Mogalkata,Mogalkata,"""Mogalkata"" new management director manager Dooars",high
gs-dooars-mogalkata,Mogalkata,Mogalkata,"""Mogalkata"" closed suspended workers Dooars",high
gs-dooars-mogalkata,Mogalkata,Mogulkata Tea Estate,"""Mogulkata Tea Estate"" owner company acquisition sale lease Dooars",high
gs-dooars-mogalkata,Mogalkata,Mogulkata Tea Estate,"""Mogulkata Tea Estate"" reopened production factory active Dooars",high
gs-dooars-mogalkata,Mogalkata,Mogulkata Tea Estate,"""Mogulkata Tea Estate"" new management director manager Dooars",high
gs-dooars-mogalkata,Mogalkata,Mogulkata Tea Estate,"""Mogulkata Tea Estate"" closed suspended workers Dooars",high
gs-dooars-moraghat,Moraghat,Moraghat,"""Moraghat"" owner company acquisition sale lease Dooars",high
gs-dooars-moraghat,Moraghat,Moraghat,"""Moraghat"" reopened production factory active Dooars",high
gs-dooars-moraghat,Moraghat,Moraghat,"""Moraghat"" new management director manager Dooars",high
gs-dooars-moraghat,Moraghat,Moraghat,"""Moraghat"" closed suspended workers Dooars",high
gs-dooars-mujnai,Mujnai,Mujnai,"""Mujnai"" owner company acquisition sale lease Dooars",high
gs-dooars-mujnai,Mujnai,Mujnai,"""Mujnai"" reopened production factory active Dooars",high
gs-dooars-mujnai,Mujnai,Mujnai,"""Mujnai"" new management director manager Dooars",high
gs-dooars-mujnai,Mujnai,Mujnai,"""Mujnai"" closed suspended workers Dooars",high
gs-dooars-nagrakata,Nagrakata,Nagrakata,"""Nagrakata"" owner company acquisition sale lease Dooars",high
gs-dooars-nagrakata,Nagrakata,Nagrakata,"""Nagrakata"" reopened production factory active Dooars",high
gs-dooars-nagrakata,Nagrakata,Nagrakata,"""Nagrakata"" new management director manager Dooars",high
gs-dooars-nagrakata,Nagrakata,Nagrakata,"""Nagrakata"" closed suspended workers Dooars",high
gs-dooars-nangdala,Nangdala,Nangdala,"""Nangdala"" owner company acquisition sale lease Dooars",high
gs-dooars-nangdala,Nangdala,Nangdala,"""Nangdala"" reopened production factory active Dooars",high
gs-dooars-nangdala,Nangdala,Nangdala,"""Nangdala"" new management director manager Dooars",high
gs-dooars-nangdala,Nangdala,Nangdala,"""Nangdala"" closed suspended workers Dooars",high
gs-dooars-nedam,Nedam,Nedam,"""Nedam"" owner company acquisition sale lease Dooars",high
gs-dooars-nedam,Nedam,Nedam,"""Nedam"" reopened production factory active Dooars",high
gs-dooars-nedam,Nedam,Nedam,"""Nedam"" new management director manager Dooars",high
gs-dooars-nedam,Nedam,Nedam,"""Nedam"" closed suspended workers Dooars",high
gs-dooars-nepuchapur,Nepuchapur,Nepuchapur,"""Nepuchapur"" owner company acquisition sale lease Dooars",high
gs-dooars-nepuchapur,Nepuchapur,Nepuchapur,"""Nepuchapur"" reopened production factory active Dooars",high
gs-dooars-nepuchapur,Nepuchapur,Nepuchapur,"""Nepuchapur"" new management director manager Dooars",high
gs-dooars-nepuchapur,Nepuchapur,Nepuchapur,"""Nepuchapur"" closed suspended workers Dooars",high
gs-dooars-new-duars,New Dooars,New Dooars,"""New Dooars"" owner company acquisition sale lease Dooars",normal
gs-dooars-new-duars,New Dooars,New Dooars,"""New Dooars"" reopened production factory active Dooars",normal
gs-dooars-new-duars,New Dooars,New Dooars,"""New Dooars"" new management director manager Dooars",normal
gs-dooars-new-duars,New Dooars,New Dooars,"""New Dooars"" closed suspended workers Dooars",normal
gs-dooars-new-lands,New Lands,New Lands,"""New Lands"" owner company acquisition sale lease Dooars",high
gs-dooars-new-lands,New Lands,New Lands,"""New Lands"" reopened production factory active Dooars",high
gs-dooars-new-lands,New Lands,New Lands,"""New Lands"" new management director manager Dooars",high
gs-dooars-new-lands,New Lands,New Lands,"""New Lands"" closed suspended workers Dooars",high
gs-dooars-new-lands,New Lands,Newlands Tea Estate,"""Newlands Tea Estate"" owner company acquisition sale lease Dooars",high
gs-dooars-new-lands,New Lands,Newlands Tea Estate,"""Newlands Tea Estate"" reopened production factory active Dooars",high
gs-dooars-new-lands,New Lands,Newlands Tea Estate,"""Newlands Tea Estate"" new management director manager Dooars",high
gs-dooars-new-lands,New Lands,Newlands Tea Estate,"""Newlands Tea Estate"" closed suspended workers Dooars",high
gs-dooars-newglenceco,Newglenceco,Newglenceco,"""Newglenceco"" owner company acquisition sale lease Dooars",high
gs-dooars-newglenceco,Newglenceco,Newglenceco,"""Newglenceco"" reopened production factory active Dooars",high
gs-dooars-newglenceco,Newglenceco,Newglenceco,"""Newglenceco"" new management director manager Dooars",high
gs-dooars-newglenceco,Newglenceco,Newglenceco,"""Newglenceco"" closed suspended workers Dooars",high
gs-dooars-newglenceco,Newglenceco,New Glenco,"""New Glenco"" owner company acquisition sale lease Dooars",high
gs-dooars-newglenceco,Newglenceco,New Glenco,"""New Glenco"" reopened production factory active Dooars",high
gs-dooars-newglenceco,Newglenceco,New Glenco,"""New Glenco"" new management director manager Dooars",high
gs-dooars-newglenceco,Newglenceco,New Glenco,"""New Glenco"" closed suspended workers Dooars",high
gs-dooars-newglenceco,Newglenceco,New Glenco Tea Estate,"""New Glenco Tea Estate"" owner company acquisition sale lease Dooars",high
gs-dooars-newglenceco,Newglenceco,New Glenco Tea Estate,"""New Glenco Tea Estate"" reopened production factory active Dooars",high
gs-dooars-newglenceco,Newglenceco,New Glenco Tea Estate,"""New Glenco Tea Estate"" new management director manager Dooars",high
gs-dooars-newglenceco,Newglenceco,New Glenco Tea Estate,"""New Glenco Tea Estate"" closed suspended workers Dooars",high
gs-dooars-nimtijhora,Nimtijhora,Nimtijhora,"""Nimtijhora"" owner company acquisition sale lease Dooars",high
gs-dooars-nimtijhora,Nimtijhora,Nimtijhora,"""Nimtijhora"" reopened production factory active Dooars",high
gs-dooars-nimtijhora,Nimtijhora,Nimtijhora,"""Nimtijhora"" new management director manager Dooars",high
gs-dooars-nimtijhora,Nimtijhora,Nimtijhora,"""Nimtijhora"" closed suspended workers Dooars",high
gs-dooars-nowera-nuddy,Nowera Nuddy,Nowera Nuddy,"""Nowera Nuddy"" owner company acquisition sale lease Dooars",high
gs-dooars-nowera-nuddy,Nowera Nuddy,Nowera Nuddy,"""Nowera Nuddy"" reopened production factory active Dooars",high
gs-dooars-nowera-nuddy,Nowera Nuddy,Nowera Nuddy,"""Nowera Nuddy"" new management director manager Dooars",high
gs-dooars-nowera-nuddy,Nowera Nuddy,Nowera Nuddy,"""Nowera Nuddy"" closed suspended workers Dooars",high
gs-dooars-oodlabari,Oodlabari,Oodlabari,"""Oodlabari"" owner company acquisition sale lease Dooars",high
gs-dooars-oodlabari,Oodlabari,Oodlabari,"""Oodlabari"" reopened production factory active Dooars",high
gs-dooars-oodlabari,Oodlabari,Oodlabari,"""Oodlabari"" new management director manager Dooars",high
gs-dooars-oodlabari,Oodlabari,Oodlabari,"""Oodlabari"" closed suspended workers Dooars",high
gs-dooars-palashbari,Palashbari,Palashbari,"""Palashbari"" owner company acquisition sale lease Dooars",high
gs-dooars-palashbari,Palashbari,Palashbari,"""Palashbari"" reopened production factory active Dooars",high
gs-dooars-palashbari,Palashbari,Palashbari,"""Palashbari"" new management director manager Dooars",high
gs-dooars-palashbari,Palashbari,Palashbari,"""Palashbari"" closed suspended workers Dooars",high
gs-dooars-patkapara,Patkapara,Patkapara,"""Patkapara"" owner company acquisition sale lease Dooars",high
gs-dooars-patkapara,Patkapara,Patkapara,"""Patkapara"" reopened production factory active Dooars",high
gs-dooars-patkapara,Patkapara,Patkapara,"""Patkapara"" new management director manager Dooars",high
gs-dooars-patkapara,Patkapara,Patkapara,"""Patkapara"" closed suspended workers Dooars",high
gs-dooars-patkapara,Patkapara,Patkapra Tea Estate,"""Patkapra Tea Estate"" owner company acquisition sale lease Dooars",high
gs-dooars-patkapara,Patkapara,Patkapra Tea Estate,"""Patkapra Tea Estate"" reopened production factory active Dooars",high
gs-dooars-patkapara,Patkapara,Patkapra Tea Estate,"""Patkapra Tea Estate"" new management director manager Dooars",high
gs-dooars-patkapara,Patkapara,Patkapra Tea Estate,"""Patkapra Tea Estate"" closed suspended workers Dooars",high
gs-dooars-phaskowa,Phaskowa,Phaskowa,"""Phaskowa"" owner company acquisition sale lease Dooars",high
gs-dooars-phaskowa,Phaskowa,Phaskowa,"""Phaskowa"" reopened production factory active Dooars",high
gs-dooars-phaskowa,Phaskowa,Phaskowa,"""Phaskowa"" new management director manager Dooars",high
gs-dooars-phaskowa,Phaskowa,Phaskowa,"""Phaskowa"" closed suspended workers Dooars",high
gs-dooars-putharjhora,Putharjhora,Putharjhora,"""Putharjhora"" owner company acquisition sale lease Dooars",high
gs-dooars-putharjhora,Putharjhora,Putharjhora,"""Putharjhora"" reopened production factory active Dooars",high
gs-dooars-putharjhora,Putharjhora,Putharjhora,"""Putharjhora"" new management director manager Dooars",high
gs-dooars-putharjhora,Putharjhora,Putharjhora,"""Putharjhora"" closed suspended workers Dooars",high
gs-dooars-radharani,Radharani,Radharani,"""Radharani"" owner company acquisition sale lease Dooars",high
gs-dooars-radharani,Radharani,Radharani,"""Radharani"" reopened production factory active Dooars",high
gs-dooars-radharani,Radharani,Radharani,"""Radharani"" new management director manager Dooars",high
gs-dooars-radharani,Radharani,Radharani,"""Radharani"" closed suspended workers Dooars",high
gs-dooars-raghuutkarsh,Raghuutkarsh,Raghuutkarsh,"""Raghuutkarsh"" owner company acquisition sale lease Dooars",high
gs-dooars-raghuutkarsh,Raghuutkarsh,Raghuutkarsh,"""Raghuutkarsh"" reopened production factory active Dooars",high
gs-dooars-raghuutkarsh,Raghuutkarsh,Raghuutkarsh,"""Raghuutkarsh"" new management director manager Dooars",high
gs-dooars-raghuutkarsh,Raghuutkarsh,Raghuutkarsh,"""Raghuutkarsh"" closed suspended workers Dooars",high
gs-dooars-rahimabad,Rahimabad,Rahimabad,"""Rahimabad"" owner company acquisition sale lease Dooars",high
gs-dooars-rahimabad,Rahimabad,Rahimabad,"""Rahimabad"" reopened production factory active Dooars",high
gs-dooars-rahimabad,Rahimabad,Rahimabad,"""Rahimabad"" new management director manager Dooars",high
gs-dooars-rahimabad,Rahimabad,Rahimabad,"""Rahimabad"" closed suspended workers Dooars",high
gs-dooars-rahimpur,Rahimpur,Rahimpur,"""Rahimpur"" owner company acquisition sale lease Dooars",high
gs-dooars-rahimpur,Rahimpur,Rahimpur,"""Rahimpur"" reopened production factory active Dooars",high
gs-dooars-rahimpur,Rahimpur,Rahimpur,"""Rahimpur"" new management director manager Dooars",high
gs-dooars-rahimpur,Rahimpur,Rahimpur,"""Rahimpur"" closed suspended workers Dooars",high
gs-dooars-raipur,Raipur,Raipur,"""Raipur"" owner company acquisition sale lease Dooars",normal
gs-dooars-raipur,Raipur,Raipur,"""Raipur"" reopened production factory active Dooars",normal
gs-dooars-raipur,Raipur,Raipur,"""Raipur"" new management director manager Dooars",normal
gs-dooars-raipur,Raipur,Raipur,"""Raipur"" closed suspended workers Dooars",normal
gs-dooars-raja,Raja,Raja,"""Raja"" owner company acquisition sale lease Dooars",high
gs-dooars-raja,Raja,Raja,"""Raja"" reopened production factory active Dooars",high
gs-dooars-raja,Raja,Raja,"""Raja"" new management director manager Dooars",high
gs-dooars-raja,Raja,Raja,"""Raja"" closed suspended workers Dooars",high
gs-dooars-rheabari,Rheabari,Rheabari,"""Rheabari"" owner company acquisition sale lease Dooars",high
gs-dooars-rheabari,Rheabari,Rheabari,"""Rheabari"" reopened production factory active Dooars",high
gs-dooars-rheabari,Rheabari,Rheabari,"""Rheabari"" new management director manager Dooars",high
gs-dooars-rheabari,Rheabari,Rheabari,"""Rheabari"" closed suspended workers Dooars",high
gs-dooars-rydak,Rydak,Rydak,"""Rydak"" owner company acquisition sale lease Dooars",high
gs-dooars-rydak,Rydak,Rydak,"""Rydak"" reopened production factory active Dooars",high
gs-dooars-rydak,Rydak,Rydak,"""Rydak"" new management director manager Dooars",high
gs-dooars-rydak,Rydak,Rydak,"""Rydak"" closed suspended workers Dooars",high
gs-dooars-samsing,Samsing,Samsing,"""Samsing"" owner company acquisition sale lease Dooars",normal
gs-dooars-samsing,Samsing,Samsing,"""Samsing"" reopened production factory active Dooars",normal
gs-dooars-samsing,Samsing,Samsing,"""Samsing"" new management director manager Dooars",normal
gs-dooars-samsing,Samsing,Samsing,"""Samsing"" closed suspended workers Dooars",normal
gs-dooars-sankos,Sankos,Sankos,"""Sankos"" owner company acquisition sale lease Dooars",normal
gs-dooars-sankos,Sankos,Sankos,"""Sankos"" reopened production factory active Dooars",normal
gs-dooars-sankos,Sankos,Sankos,"""Sankos"" new management director manager Dooars",normal
gs-dooars-sankos,Sankos,Sankos,"""Sankos"" closed suspended workers Dooars",normal
gs-dooars-saraswatipur,Saraswatipur,Saraswatipur,"""Saraswatipur"" owner company acquisition sale lease Dooars",high
gs-dooars-saraswatipur,Saraswatipur,Saraswatipur,"""Saraswatipur"" reopened production factory active Dooars",high
gs-dooars-saraswatipur,Saraswatipur,Saraswatipur,"""Saraswatipur"" new management director manager Dooars",high
gs-dooars-saraswatipur,Saraswatipur,Saraswatipur,"""Saraswatipur"" closed suspended workers Dooars",high
gs-dooars-saraswatipur,Saraswatipur,Saraswatipur T.E,"""Saraswatipur T.E"" owner company acquisition sale lease Dooars",high
gs-dooars-saraswatipur,Saraswatipur,Saraswatipur T.E,"""Saraswatipur T.E"" reopened production factory active Dooars",high
gs-dooars-saraswatipur,Saraswatipur,Saraswatipur T.E,"""Saraswatipur T.E"" new management director manager Dooars",high
gs-dooars-saraswatipur,Saraswatipur,Saraswatipur T.E,"""Saraswatipur T.E"" closed suspended workers Dooars",high
gs-dooars-sarugaon,Sarugaon,Sarugaon,"""Sarugaon"" owner company acquisition sale lease Dooars",high
gs-dooars-sarugaon,Sarugaon,Sarugaon,"""Sarugaon"" reopened production factory active Dooars",high
gs-dooars-sarugaon,Sarugaon,Sarugaon,"""Sarugaon"" new management director manager Dooars",high
gs-dooars-sarugaon,Sarugaon,Sarugaon,"""Sarugaon"" closed suspended workers Dooars",high
gs-dooars-sarugaon,Sarugaon,Sarugaon Teaestate,"""Sarugaon Teaestate"" owner company acquisition sale lease Dooars",high
gs-dooars-sarugaon,Sarugaon,Sarugaon Teaestate,"""Sarugaon Teaestate"" reopened production factory active Dooars",high
gs-dooars-sarugaon,Sarugaon,Sarugaon Teaestate,"""Sarugaon Teaestate"" new management director manager Dooars",high
gs-dooars-sarugaon,Sarugaon,Sarugaon Teaestate,"""Sarugaon Teaestate"" closed suspended workers Dooars",high
gs-dooars-satali,Satali,Satali,"""Satali"" owner company acquisition sale lease Dooars",high
gs-dooars-satali,Satali,Satali,"""Satali"" reopened production factory active Dooars",high
gs-dooars-satali,Satali,Satali,"""Satali"" new management director manager Dooars",high
gs-dooars-satali,Satali,Satali,"""Satali"" closed suspended workers Dooars",high
gs-dooars-shikarpur,Shikarpur,Shikarpur,"""Shikarpur"" owner company acquisition sale lease Dooars",high
gs-dooars-shikarpur,Shikarpur,Shikarpur,"""Shikarpur"" reopened production factory active Dooars",high
gs-dooars-shikarpur,Shikarpur,Shikarpur,"""Shikarpur"" new management director manager Dooars",high
gs-dooars-shikarpur,Shikarpur,Shikarpur,"""Shikarpur"" closed suspended workers Dooars",high
gs-dooars-singhania,Singhania,Singhania,"""Singhania"" owner company acquisition sale lease Dooars",high
gs-dooars-singhania,Singhania,Singhania,"""Singhania"" reopened production factory active Dooars",high
gs-dooars-singhania,Singhania,Singhania,"""Singhania"" new management director manager Dooars",high
gs-dooars-singhania,Singhania,Singhania,"""Singhania"" closed suspended workers Dooars",high
gs-dooars-sonali,Sonali,Sonali,"""Sonali"" owner company acquisition sale lease Dooars",normal
gs-dooars-sonali,Sonali,Sonali,"""Sonali"" reopened production factory active Dooars",normal
gs-dooars-sonali,Sonali,Sonali,"""Sonali"" new management director manager Dooars",normal
gs-dooars-sonali,Sonali,Sonali,"""Sonali"" closed suspended workers Dooars",normal
gs-dooars-soongachi,Soongachi,Soongachi,"""Soongachi"" owner company acquisition sale lease Dooars",high
gs-dooars-soongachi,Soongachi,Soongachi,"""Soongachi"" reopened production factory active Dooars",high
gs-dooars-soongachi,Soongachi,Soongachi,"""Soongachi"" new management director manager Dooars",high
gs-dooars-soongachi,Soongachi,Soongachi,"""Soongachi"" closed suspended workers Dooars",high
gs-dooars-srinathpur,Srinathpur,Srinathpur,"""Srinathpur"" owner company acquisition sale lease Dooars",high
gs-dooars-srinathpur,Srinathpur,Srinathpur,"""Srinathpur"" reopened production factory active Dooars",high
gs-dooars-srinathpur,Srinathpur,Srinathpur,"""Srinathpur"" new management director manager Dooars",high
gs-dooars-srinathpur,Srinathpur,Srinathpur,"""Srinathpur"" closed suspended workers Dooars",high
gs-dooars-subhasini,Subhasini,Subhasini,"""Subhasini"" owner company acquisition sale lease Dooars",high
gs-dooars-subhasini,Subhasini,Subhasini,"""Subhasini"" reopened production factory active Dooars",high
gs-dooars-subhasini,Subhasini,Subhasini,"""Subhasini"" new management director manager Dooars",high
gs-dooars-subhasini,Subhasini,Subhasini,"""Subhasini"" closed suspended workers Dooars",high
gs-dooars-sylee,Sylee,Sylee,"""Sylee"" owner company acquisition sale lease Dooars",high
gs-dooars-sylee,Sylee,Sylee,"""Sylee"" reopened production factory active Dooars",high
gs-dooars-sylee,Sylee,Sylee,"""Sylee"" new management director manager Dooars",high
gs-dooars-sylee,Sylee,Sylee,"""Sylee"" closed suspended workers Dooars",high
gs-dooars-tasati,Tasati,Tasati,"""Tasati"" owner company acquisition sale lease Dooars",high
gs-dooars-tasati,Tasati,Tasati,"""Tasati"" reopened production factory active Dooars",high
gs-dooars-tasati,Tasati,Tasati,"""Tasati"" new management director manager Dooars",high
gs-dooars-tasati,Tasati,Tasati,"""Tasati"" closed suspended workers Dooars",high
gs-dooars-telepara,Telepara,Telepara,"""Telepara"" owner company acquisition sale lease Dooars",high
gs-dooars-telepara,Telepara,Telepara,"""Telepara"" reopened production factory active Dooars",high
gs-dooars-telepara,Telepara,Telepara,"""Telepara"" new management director manager Dooars",high
gs-dooars-telepara,Telepara,Telepara,"""Telepara"" closed suspended workers Dooars",high
gs-dooars-toonbarie,Toonbarie,Toonbarie,"""Toonbarie"" owner company acquisition sale lease Dooars",high
gs-dooars-toonbarie,Toonbarie,Toonbarie,"""Toonbarie"" reopened production factory active Dooars",high
gs-dooars-toonbarie,Toonbarie,Toonbarie,"""Toonbarie"" new management director manager Dooars",high
gs-dooars-toonbarie,Toonbarie,Toonbarie,"""Toonbarie"" closed suspended workers Dooars",high
gs-dooars-toonbarie,Toonbarie,Toonbarrie Tea Estate,"""Toonbarrie Tea Estate"" owner company acquisition sale lease Dooars",high
gs-dooars-toonbarie,Toonbarie,Toonbarrie Tea Estate,"""Toonbarrie Tea Estate"" reopened production factory active Dooars",high
gs-dooars-toonbarie,Toonbarie,Toonbarrie Tea Estate,"""Toonbarrie Tea Estate"" new management director manager Dooars",high
gs-dooars-toonbarie,Toonbarie,Toonbarrie Tea Estate,"""Toonbarrie Tea Estate"" closed suspended workers Dooars",high
gs-dooars-torsa,Torsa,Torsa,"""Torsa"" owner company acquisition sale lease Dooars",high
gs-dooars-torsa,Torsa,Torsa,"""Torsa"" reopened production factory active Dooars",high
gs-dooars-torsa,Torsa,Torsa,"""Torsa"" new management director manager Dooars",high
gs-dooars-torsa,Torsa,Torsa,"""Torsa"" closed suspended workers Dooars",high
gs-dooars-torsa,Torsa,Toorsa,"""Toorsa"" owner company acquisition sale lease Dooars",high
gs-dooars-torsa,Torsa,Toorsa,"""Toorsa"" reopened production factory active Dooars",high
gs-dooars-torsa,Torsa,Toorsa,"""Toorsa"" new management director manager Dooars",high
gs-dooars-torsa,Torsa,Toorsa,"""Toorsa"" closed suspended workers Dooars",high
gs-dooars-torsa,Torsa,Toorsa Tea Estate,"""Toorsa Tea Estate"" owner company acquisition sale lease Dooars",high
gs-dooars-torsa,Torsa,Toorsa Tea Estate,"""Toorsa Tea Estate"" reopened production factory active Dooars",high
gs-dooars-torsa,Torsa,Toorsa Tea Estate,"""Toorsa Tea Estate"" new management director manager Dooars",high
gs-dooars-torsa,Torsa,Toorsa Tea Estate,"""Toorsa Tea Estate"" closed suspended workers Dooars",high
gs-dooars-totapara,Totapara,Totapara,"""Totapara"" owner company acquisition sale lease Dooars",high
gs-dooars-totapara,Totapara,Totapara,"""Totapara"" reopened production factory active Dooars",high
gs-dooars-totapara,Totapara,Totapara,"""Totapara"" new management director manager Dooars",high
gs-dooars-totapara,Totapara,Totapara,"""Totapara"" closed suspended workers Dooars",high
gs-dooars-tulsipara,Tulsipara,Tulsipara,"""Tulsipara"" owner company acquisition sale lease Dooars",high
gs-dooars-tulsipara,Tulsipara,Tulsipara,"""Tulsipara"" reopened production factory active Dooars",high
gs-dooars-tulsipara,Tulsipara,Tulsipara,"""Tulsipara"" new management director manager Dooars",high
gs-dooars-tulsipara,Tulsipara,Tulsipara,"""Tulsipara"" closed suspended workers Dooars",high
gs-dooars-turturi,Turturi,Turturi,"""Turturi"" owner company acquisition sale lease Dooars",high
gs-dooars-turturi,Turturi,Turturi,"""Turturi"" reopened production factory active Dooars",high
gs-dooars-turturi,Turturi,Turturi,"""Turturi"" new management director manager Dooars",high
gs-dooars-turturi,Turturi,Turturi,"""Turturi"" closed suspended workers Dooars",high
gs-dooars-uttarsalbari,Uttarsalbari,Uttarsalbari,"""Uttarsalbari"" owner company acquisition sale lease Dooars",high
gs-dooars-uttarsalbari,Uttarsalbari,Uttarsalbari,"""Uttarsalbari"" reopened production factory active Dooars",high
gs-dooars-uttarsalbari,Uttarsalbari,Uttarsalbari,"""Uttarsalbari"" new management director manager Dooars",high
gs-dooars-uttarsalbari,Uttarsalbari,Uttarsalbari,"""Uttarsalbari"" closed suspended workers Dooars",high
gs-dooars-washabarie,Washabarie,Washabarie,"""Washabarie"" owner company acquisition sale lease Dooars",high
gs-dooars-washabarie,Washabarie,Washabarie,"""Washabarie"" reopened production factory active Dooars",high
gs-dooars-washabarie,Washabarie,Washabarie,"""Washabarie"" new management director manager Dooars",high
gs-dooars-washabarie,Washabarie,Washabarie,"""Washabarie"" closed suspended workers Dooars",high
gs-dooars-yongtong,Yongtong,Yongtong,"""Yongtong"" owner company acquisition sale lease Dooars",high
gs-dooars-yongtong,Yongtong,Yongtong,"""Yongtong"" reopened production factory active Dooars",high
gs-dooars-yongtong,Yongtong,Yongtong,"""Yongtong"" new management director manager Dooars",high
gs-dooars-yongtong,Yongtong,Yongtong,"""Yongtong"" closed suspended workers Dooars",high
gs-dooars-yongtong,Yongtong,Yongtong Estate,"""Yongtong Estate"" owner company acquisition sale lease Dooars",high
gs-dooars-yongtong,Yongtong,Yongtong Estate,"""Yongtong Estate"" reopened production factory active Dooars",high
gs-dooars-yongtong,Yongtong,Yongtong Estate,"""Yongtong Estate"" new management director manager Dooars",high
gs-dooars-yongtong,Yongtong,Yongtong Estate,"""Yongtong Estate"" closed suspended workers Dooars",high
gs-dooars-zurantee,Zurantee,Zurantee,"""Zurantee"" owner company acquisition sale lease Dooars",high
gs-dooars-zurantee,Zurantee,Zurantee,"""Zurantee"" reopened production factory active Dooars",high
gs-dooars-zurantee,Zurantee,Zurantee,"""Zurantee"" new management director manager Dooars",high
gs-dooars-zurantee,Zurantee,Zurantee,"""Zurantee"" closed suspended workers Dooars",high
gs-dooars-zurantee,Zurantee,Zurrantee,"""Zurrantee"" owner company acquisition sale lease Dooars",high
gs-dooars-zurantee,Zurantee,Zurrantee,"""Zurrantee"" reopened production factory active Dooars",high
gs-dooars-zurantee,Zurantee,Zurrantee,"""Zurrantee"" new management director manager Dooars",high
gs-dooars-zurantee,Zurantee,Zurrantee,"""Zurrantee"" closed suspended workers Dooars",high
gs-dooars-chhaophali,Chhaophali Tea Estate,Chhaophali Tea Estate,"""Chhaophali Tea Estate"" owner company acquisition sale lease Dooars",high
gs-dooars-chhaophali,Chhaophali Tea Estate,Chhaophali Tea Estate,"""Chhaophali Tea Estate"" reopened production factory active Dooars",high
gs-dooars-chhaophali,Chhaophali Tea Estate,Chhaophali Tea Estate,"""Chhaophali Tea Estate"" new management director manager Dooars",high
gs-dooars-chhaophali,Chhaophali Tea Estate,Chhaophali Tea Estate,"""Chhaophali Tea Estate"" closed suspended workers Dooars",high
gs-dooars-chhaophali,Chhaophali Tea Estate,Chhaoaphali TE,"""Chhaoaphali TE"" owner company acquisition sale lease Dooars",high
gs-dooars-chhaophali,Chhaophali Tea Estate,Chhaoaphali TE,"""Chhaoaphali TE"" reopened production factory active Dooars",high
gs-dooars-chhaophali,Chhaophali Tea Estate,Chhaoaphali TE,"""Chhaoaphali TE"" new management director manager Dooars",high
gs-dooars-chhaophali,Chhaophali Tea Estate,Chhaoaphali TE,"""Chhaoaphali TE"" closed suspended workers Dooars",high
gs-dooars-chulsa,Chulsa Tea Estate,Chulsa Tea Estate,"""Chulsa Tea Estate"" owner company acquisition sale lease Dooars",normal
gs-dooars-chulsa,Chulsa Tea Estate,Chulsa Tea Estate,"""Chulsa Tea Estate"" reopened production factory active Dooars",normal
gs-dooars-chulsa,Chulsa Tea Estate,Chulsa Tea Estate,"""Chulsa Tea Estate"" new management director manager Dooars",normal
gs-dooars-chulsa,Chulsa Tea Estate,Chulsa Tea Estate,"""Chulsa Tea Estate"" closed suspended workers Dooars",normal
gs-dooars-dagapur,Dagapur,Dagapur,"""Dagapur"" owner company acquisition sale lease Dooars",high
gs-dooars-dagapur,Dagapur,Dagapur,"""Dagapur"" reopened production factory active Dooars",high
gs-dooars-dagapur,Dagapur,Dagapur,"""Dagapur"" new management director manager Dooars",high
gs-dooars-dagapur,Dagapur,Dagapur,"""Dagapur"" closed suspended workers Dooars",high
gs-dooars-nagaisuree,Nagaisuree,Nagaisuree,"""Nagaisuree"" owner company acquisition sale lease Dooars",high
gs-dooars-nagaisuree,Nagaisuree,Nagaisuree,"""Nagaisuree"" reopened production factory active Dooars",high
gs-dooars-nagaisuree,Nagaisuree,Nagaisuree,"""Nagaisuree"" new management director manager Dooars",high
gs-dooars-nagaisuree,Nagaisuree,Nagaisuree,"""Nagaisuree"" closed suspended workers Dooars",high
gs-dooars-ranicherra,Ranicherra Tea Estate,Ranicherra Tea Estate,"""Ranicherra Tea Estate"" owner company acquisition sale lease Dooars",high
gs-dooars-ranicherra,Ranicherra Tea Estate,Ranicherra Tea Estate,"""Ranicherra Tea Estate"" reopened production factory active Dooars",high
gs-dooars-ranicherra,Ranicherra Tea Estate,Ranicherra Tea Estate,"""Ranicherra Tea Estate"" new management director manager Dooars",high
gs-dooars-ranicherra,Ranicherra Tea Estate,Ranicherra Tea Estate,"""Ranicherra Tea Estate"" closed suspended workers Dooars",high
gs-dooars-rungamuttee,Rungamuttee Tea Estate,Rungamuttee Tea Estate,"""Rungamuttee Tea Estate"" owner company acquisition sale lease Dooars",high
gs-dooars-rungamuttee,Rungamuttee Tea Estate,Rungamuttee Tea Estate,"""Rungamuttee Tea Estate"" reopened production factory active Dooars",high
gs-dooars-rungamuttee,Rungamuttee Tea Estate,Rungamuttee Tea Estate,"""Rungamuttee Tea Estate"" new management director manager Dooars",high
gs-dooars-rungamuttee,Rungamuttee Tea Estate,Rungamuttee Tea Estate,"""Rungamuttee Tea Estate"" closed suspended workers Dooars",high
gs-dooars-washabarietea,Washabarietea Estate,Washabarietea Estate,"""Washabarietea Estate"" owner company acquisition sale lease Dooars",high
gs-dooars-washabarietea,Washabarietea Estate,Washabarietea Estate,"""Washabarietea Estate"" reopened production factory active Dooars",high
gs-dooars-washabarietea,Washabarietea Estate,Washabarietea Estate,"""Washabarietea Estate"" new management director manager Dooars",high
gs-dooars-washabarietea,Washabarietea Estate,Washabarietea Estate,"""Washabarietea Estate"" closed suspended workers Dooars",high
gs-dooars-zurrantee-tea,Zurrantee Tea,Zurrantee Tea,"""Zurrantee Tea"" owner company acquisition sale lease Dooars",high
gs-dooars-zurrantee-tea,Zurrantee Tea,Zurrantee Tea,"""Zurrantee Tea"" reopened production factory active Dooars",high
gs-dooars-zurrantee-tea,Zurrantee Tea,Zurrantee Tea,"""Zurrantee Tea"" new management director manager Dooars",high
gs-dooars-zurrantee-tea,Zurrantee Tea,Zurrantee Tea,"""Zurrantee Tea"" closed suspended workers Dooars",high
gs-dooars-joypur,Joypur,Joypur,"""Joypur"" owner company acquisition sale lease Dooars",high
gs-dooars-joypur,Joypur,Joypur,"""Joypur"" reopened production factory active Dooars",high
gs-dooars-joypur,Joypur,Joypur,"""Joypur"" new management director manager Dooars",high
gs-dooars-joypur,Joypur,Joypur,"""Joypur"" closed suspended workers Dooars",high
gs-dooars-konpakri-agro-industries-p,Konpakri Agro Industries (P),Konpakri Agro Industries (P),"""Konpakri Agro Industries (P)"" owner company acquisition sale lease Dooars",high
gs-dooars-konpakri-agro-industries-p,Konpakri Agro Industries (P),Konpakri Agro Industries (P),"""Konpakri Agro Industries (P)"" reopened production factory active Dooars",high
gs-dooars-konpakri-agro-industries-p,Konpakri Agro Industries (P),Konpakri Agro Industries (P),"""Konpakri Agro Industries (P)"" new management director manager Dooars",high
gs-dooars-konpakri-agro-industries-p,Konpakri Agro Industries (P),Konpakri Agro Industries (P),"""Konpakri Agro Industries (P)"" closed suspended workers Dooars",high
gs-dooars-konpakri-agro-industries-p,Konpakri Agro Industries (P),Konpakri Agro Industries P LTD,"""Konpakri Agro Industries P LTD"" owner company acquisition sale lease Dooars",high
gs-dooars-konpakri-agro-industries-p,Konpakri Agro Industries (P),Konpakri Agro Industries P LTD,"""Konpakri Agro Industries P LTD"" reopened production factory active Dooars",high
gs-dooars-konpakri-agro-industries-p,Konpakri Agro Industries (P),Konpakri Agro Industries P LTD,"""Konpakri Agro Industries P LTD"" new management director manager Dooars",high
gs-dooars-konpakri-agro-industries-p,Konpakri Agro Industries (P),Konpakri Agro Industries P LTD,"""Konpakri Agro Industries P LTD"" closed suspended workers Dooars",high
gs-dooars-nandan,Nandan Tea Estate,Nandan Tea Estate,"""Nandan Tea Estate"" owner company acquisition sale lease Dooars",high
gs-dooars-nandan,Nandan Tea Estate,Nandan Tea Estate,"""Nandan Tea Estate"" reopened production factory active Dooars",high
gs-dooars-nandan,Nandan Tea Estate,Nandan Tea Estate,"""Nandan Tea Estate"" new management director manager Dooars",high
gs-dooars-nandan,Nandan Tea Estate,Nandan Tea Estate,"""Nandan Tea Estate"" closed suspended workers Dooars",high
gs-dooars-nepati-valley,Nepati Valley Tea Estate,Nepati Valley Tea Estate,"""Nepati Valley Tea Estate"" owner company acquisition sale lease Dooars",high
gs-dooars-nepati-valley,Nepati Valley Tea Estate,Nepati Valley Tea Estate,"""Nepati Valley Tea Estate"" reopened production factory active Dooars",high
gs-dooars-nepati-valley,Nepati Valley Tea Estate,Nepati Valley Tea Estate,"""Nepati Valley Tea Estate"" new management director manager Dooars",high
gs-dooars-nepati-valley,Nepati Valley Tea Estate,Nepati Valley Tea Estate,"""Nepati Valley Tea Estate"" closed suspended workers Dooars",high
gs-dooars-parbati-and-gouranga,Parbati T.E And Gouranga,Parbati T.E And Gouranga,"""Parbati T.E And Gouranga"" owner company acquisition sale lease Dooars",high
gs-dooars-parbati-and-gouranga,Parbati T.E And Gouranga,Parbati T.E And Gouranga,"""Parbati T.E And Gouranga"" reopened production factory active Dooars",high
gs-dooars-parbati-and-gouranga,Parbati T.E And Gouranga,Parbati T.E And Gouranga,"""Parbati T.E And Gouranga"" new management director manager Dooars",high
gs-dooars-parbati-and-gouranga,Parbati T.E And Gouranga,Parbati T.E And Gouranga,"""Parbati T.E And Gouranga"" closed suspended workers Dooars",high
gs-dooars-chamurchi,Chamurchi Tea Estate,Chamurchi Tea Estate,"""Chamurchi Tea Estate"" owner company acquisition sale lease Dooars",high
gs-dooars-chamurchi,Chamurchi Tea Estate,Chamurchi Tea Estate,"""Chamurchi Tea Estate"" reopened production factory active Dooars",high
gs-dooars-chamurchi,Chamurchi Tea Estate,Chamurchi Tea Estate,"""Chamurchi Tea Estate"" new management director manager Dooars",high
gs-dooars-chamurchi,Chamurchi Tea Estate,Chamurchi Tea Estate,"""Chamurchi Tea Estate"" closed suspended workers Dooars",high
gs-dooars-chengmari,Chengmari,Chengmari,"""Chengmari"" owner company acquisition sale lease Dooars",high
gs-dooars-chengmari,Chengmari,Chengmari,"""Chengmari"" reopened production factory active Dooars",high
gs-dooars-chengmari,Chengmari,Chengmari,"""Chengmari"" new management director manager Dooars",high
gs-dooars-chengmari,Chengmari,Chengmari,"""Chengmari"" closed suspended workers Dooars",high
gs-dooars-diana,Diana Tea Estate,Diana Tea Estate,"""Diana Tea Estate"" owner company acquisition sale lease Dooars",high
gs-dooars-diana,Diana Tea Estate,Diana Tea Estate,"""Diana Tea Estate"" reopened production factory active Dooars",high
gs-dooars-diana,Diana Tea Estate,Diana Tea Estate,"""Diana Tea Estate"" new management director manager Dooars",high
gs-dooars-diana,Diana Tea Estate,Diana Tea Estate,"""Diana Tea Estate"" closed suspended workers Dooars",high
gs-dooars-ghatia,Ghatia Tea Estate,Ghatia Tea Estate,"""Ghatia Tea Estate"" owner company acquisition sale lease Dooars",high
gs-dooars-ghatia,Ghatia Tea Estate,Ghatia Tea Estate,"""Ghatia Tea Estate"" reopened production factory active Dooars",high
gs-dooars-ghatia,Ghatia Tea Estate,Ghatia Tea Estate,"""Ghatia Tea Estate"" new management director manager Dooars",high
gs-dooars-ghatia,Ghatia Tea Estate,Ghatia Tea Estate,"""Ghatia Tea Estate"" closed suspended workers Dooars",high
gs-dooars-hilla,Hilla,Hilla,"""Hilla"" owner company acquisition sale lease Dooars",high
gs-dooars-hilla,Hilla,Hilla,"""Hilla"" reopened production factory active Dooars",high
gs-dooars-hilla,Hilla,Hilla,"""Hilla"" new management director manager Dooars",high
gs-dooars-hilla,Hilla,Hilla,"""Hilla"" closed suspended workers Dooars",high
gs-dooars-katalguri,Katalguri Tea Estate,Katalguri Tea Estate,"""Katalguri Tea Estate"" owner company acquisition sale lease Dooars",high
gs-dooars-katalguri,Katalguri Tea Estate,Katalguri Tea Estate,"""Katalguri Tea Estate"" reopened production factory active Dooars",high
gs-dooars-katalguri,Katalguri Tea Estate,Katalguri Tea Estate,"""Katalguri Tea Estate"" new management director manager Dooars",high
gs-dooars-katalguri,Katalguri Tea Estate,Katalguri Tea Estate,"""Katalguri Tea Estate"" closed suspended workers Dooars",high
gs-dooars-nya-sylee,Nya Sylee,Nya Sylee,"""Nya Sylee"" owner company acquisition sale lease Dooars",high
gs-dooars-nya-sylee,Nya Sylee,Nya Sylee,"""Nya Sylee"" reopened production factory active Dooars",high
gs-dooars-nya-sylee,Nya Sylee,Nya Sylee,"""Nya Sylee"" new management director manager Dooars",high
gs-dooars-nya-sylee,Nya Sylee,Nya Sylee,"""Nya Sylee"" closed suspended workers Dooars",high
gs-dooars-red-bank,Red Bank,Red Bank,"""Red Bank"" owner company acquisition sale lease Dooars",high
gs-dooars-red-bank,Red Bank,Red Bank,"""Red Bank"" reopened production factory active Dooars",high
gs-dooars-red-bank,Red Bank,Red Bank,"""Red Bank"" new management director manager Dooars",high
gs-dooars-red-bank,Red Bank,Red Bank,"""Red Bank"" closed suspended workers Dooars",high
gs-dooars-red-bank,Red Bank,Redbank,"""Redbank"" owner company acquisition sale lease Dooars",high
gs-dooars-red-bank,Red Bank,Redbank,"""Redbank"" reopened production factory active Dooars",high
gs-dooars-red-bank,Red Bank,Redbank,"""Redbank"" new management director manager Dooars",high
gs-dooars-red-bank,Red Bank,Redbank,"""Redbank"" closed suspended workers Dooars",high
gs-dooars-surendra-nagar,Surendra Nagar,Surendra Nagar,"""Surendra Nagar"" owner company acquisition sale lease Dooars",high
gs-dooars-surendra-nagar,Surendra Nagar,Surendra Nagar,"""Surendra Nagar"" reopened production factory active Dooars",high
gs-dooars-surendra-nagar,Surendra Nagar,Surendra Nagar,"""Surendra Nagar"" new management director manager Dooars",high
gs-dooars-surendra-nagar,Surendra Nagar,Surendra Nagar,"""Surendra Nagar"" closed suspended workers Dooars",high
gs-dooars-surendra-nagar,Surendra Nagar,Surendranagar,"""Surendranagar"" owner company acquisition sale lease Dooars",high
gs-dooars-surendra-nagar,Surendra Nagar,Surendranagar,"""Surendranagar"" reopened production factory active Dooars",high
gs-dooars-surendra-nagar,Surendra Nagar,Surendranagar,"""Surendranagar"" new management director manager Dooars",high
gs-dooars-surendra-nagar,Surendra Nagar,Surendranagar,"""Surendranagar"" closed suspended workers Dooars",high
gs-dooars-atiabari,Atiabari Tea Estate,Atiabari Tea Estate,"""Atiabari Tea Estate"" owner company acquisition sale lease Dooars",high
gs-dooars-atiabari,Atiabari Tea Estate,Atiabari Tea Estate,"""Atiabari Tea Estate"" reopened production factory active Dooars",high
gs-dooars-atiabari,Atiabari Tea Estate,Atiabari Tea Estate,"""Atiabari Tea Estate"" new management director manager Dooars",high
gs-dooars-atiabari,Atiabari Tea Estate,Atiabari Tea Estate,"""Atiabari Tea Estate"" closed suspended workers Dooars",high
gs-dooars-kalchini,Kalchini T E,Kalchini T E,"""Kalchini T E"" owner company acquisition sale lease Dooars",normal
gs-dooars-kalchini,Kalchini T E,Kalchini T E,"""Kalchini T E"" reopened production factory active Dooars",normal
gs-dooars-kalchini,Kalchini T E,Kalchini T E,"""Kalchini T E"" new management director manager Dooars",normal
gs-dooars-kalchini,Kalchini T E,Kalchini T E,"""Kalchini T E"" closed suspended workers Dooars",normal
gs-dooars-merico,Merico Tea Estate,Merico Tea Estate,"""Merico Tea Estate"" owner company acquisition sale lease Dooars",high
gs-dooars-merico,Merico Tea Estate,Merico Tea Estate,"""Merico Tea Estate"" reopened production factory active Dooars",high
gs-dooars-merico,Merico Tea Estate,Merico Tea Estate,"""Merico Tea Estate"" new management director manager Dooars",high
gs-dooars-merico,Merico Tea Estate,Merico Tea Estate,"""Merico Tea Estate"" closed suspended workers Dooars",high
gs-dooars-rajahbhat,Rajahbhat Tea Estate,Rajahbhat Tea Estate,"""Rajahbhat Tea Estate"" owner company acquisition sale lease Dooars",high
gs-dooars-rajahbhat,Rajahbhat Tea Estate,Rajahbhat Tea Estate,"""Rajahbhat Tea Estate"" reopened production factory active Dooars",high
gs-dooars-rajahbhat,Rajahbhat Tea Estate,Rajahbhat Tea Estate,"""Rajahbhat Tea Estate"" new management director manager Dooars",high
gs-dooars-rajahbhat,Rajahbhat Tea Estate,Rajahbhat Tea Estate,"""Rajahbhat Tea Estate"" closed suspended workers Dooars",high
gs-dooars-buds,Buds Tea Estate,Buds Tea Estate,"""Buds Tea Estate"" owner company acquisition sale lease Dooars",high
gs-dooars-buds,Buds Tea Estate,Buds Tea Estate,"""Buds Tea Estate"" reopened production factory active Dooars",high
gs-dooars-buds,Buds Tea Estate,Buds Tea Estate,"""Buds Tea Estate"" new management director manager Dooars",high
gs-dooars-buds,Buds Tea Estate,Buds Tea Estate,"""Buds Tea Estate"" closed suspended workers Dooars",high
gs-dooars-sonar-bangla-tea-co-p-ltd,Sonar Bangla Tea Co (P) LTD,Sonar Bangla Tea Co (P) LTD,"""Sonar Bangla Tea Co (P) LTD"" owner company acquisition sale lease Dooars",high
gs-dooars-sonar-bangla-tea-co-p-ltd,Sonar Bangla Tea Co (P) LTD,Sonar Bangla Tea Co (P) LTD,"""Sonar Bangla Tea Co (P) LTD"" reopened production factory active Dooars",high
gs-dooars-sonar-bangla-tea-co-p-ltd,Sonar Bangla Tea Co (P) LTD,Sonar Bangla Tea Co (P) LTD,"""Sonar Bangla Tea Co (P) LTD"" new management director manager Dooars",high
gs-dooars-sonar-bangla-tea-co-p-ltd,Sonar Bangla Tea Co (P) LTD,Sonar Bangla Tea Co (P) LTD,"""Sonar Bangla Tea Co (P) LTD"" closed suspended workers Dooars",high
gs-dooars-trisakti,Trisakti Tea Estate,Trisakti Tea Estate,"""Trisakti Tea Estate"" owner company acquisition sale lease Dooars",high
gs-dooars-trisakti,Trisakti Tea Estate,Trisakti Tea Estate,"""Trisakti Tea Estate"" reopened production factory active Dooars",high
gs-dooars-trisakti,Trisakti Tea Estate,Trisakti Tea Estate,"""Trisakti Tea Estate"" new management director manager Dooars",high
gs-dooars-trisakti,Trisakti Tea Estate,Trisakti Tea Estate,"""Trisakti Tea Estate"" closed suspended workers Dooars",high
gs-dooars-bundapani,Bundapani Tea Garden,Bundapani Tea Garden,"""Bundapani Tea Garden"" owner company acquisition sale lease Dooars",high
gs-dooars-bundapani,Bundapani Tea Garden,Bundapani Tea Garden,"""Bundapani Tea Garden"" reopened production factory active Dooars",high
gs-dooars-bundapani,Bundapani Tea Garden,Bundapani Tea Garden,"""Bundapani Tea Garden"" new management director manager Dooars",high
gs-dooars-bundapani,Bundapani Tea Garden,Bundapani Tea Garden,"""Bundapani Tea Garden"" closed suspended workers Dooars",high
gs-dooars-dahuk-valley,Dahuk Valley Tea Estate,Dahuk Valley Tea Estate,"""Dahuk Valley Tea Estate"" owner company acquisition sale lease Dooars",high
gs-dooars-dahuk-valley,Dahuk Valley Tea Estate,Dahuk Valley Tea Estate,"""Dahuk Valley Tea Estate"" reopened production factory active Dooars",high
gs-dooars-dahuk-valley,Dahuk Valley Tea Estate,Dahuk Valley Tea Estate,"""Dahuk Valley Tea Estate"" new management director manager Dooars",high
gs-dooars-dahuk-valley,Dahuk Valley Tea Estate,Dahuk Valley Tea Estate,"""Dahuk Valley Tea Estate"" closed suspended workers Dooars",high
gs-dooars-garganda-tae,Garganda Tae Estate,Garganda Tae Estate,"""Garganda Tae Estate"" owner company acquisition sale lease Dooars",high
gs-dooars-garganda-tae,Garganda Tae Estate,Garganda Tae Estate,"""Garganda Tae Estate"" reopened production factory active Dooars",high
gs-dooars-garganda-tae,Garganda Tae Estate,Garganda Tae Estate,"""Garganda Tae Estate"" new management director manager Dooars",high
gs-dooars-garganda-tae,Garganda Tae Estate,Garganda Tae Estate,"""Garganda Tae Estate"" closed suspended workers Dooars",high
gs-dooars-makrapara,Makrapara Tea Estate,Makrapara Tea Estate,"""Makrapara Tea Estate"" owner company acquisition sale lease Dooars",high
gs-dooars-makrapara,Makrapara Tea Estate,Makrapara Tea Estate,"""Makrapara Tea Estate"" reopened production factory active Dooars",high
gs-dooars-makrapara,Makrapara Tea Estate,Makrapara Tea Estate,"""Makrapara Tea Estate"" new management director manager Dooars",high
gs-dooars-makrapara,Makrapara Tea Estate,Makrapara Tea Estate,"""Makrapara Tea Estate"" closed suspended workers Dooars",high
gs-dooars-mohua,Mohua,Mohua,"""Mohua"" owner company acquisition sale lease Dooars",high
gs-dooars-mohua,Mohua,Mohua,"""Mohua"" reopened production factory active Dooars",high
gs-dooars-mohua,Mohua,Mohua,"""Mohua"" new management director manager Dooars",high
gs-dooars-mohua,Mohua,Mohua,"""Mohua"" closed suspended workers Dooars",high
gs-dooars-ramjhora,Ramjhora Tea Estate,Ramjhora Tea Estate,"""Ramjhora Tea Estate"" owner company acquisition sale lease Dooars",normal
gs-dooars-ramjhora,Ramjhora Tea Estate,Ramjhora Tea Estate,"""Ramjhora Tea Estate"" reopened production factory active Dooars",normal
gs-dooars-ramjhora,Ramjhora Tea Estate,Ramjhora Tea Estate,"""Ramjhora Tea Estate"" new management director manager Dooars",normal
gs-dooars-ramjhora,Ramjhora Tea Estate,Ramjhora Tea Estate,"""Ramjhora Tea Estate"" closed suspended workers Dooars",normal
gs-dooars-dalmore,Dalmore Tea Estate,Dalmore Tea Estate,"""Dalmore Tea Estate"" owner company acquisition sale lease Dooars",normal
gs-dooars-dalmore,Dalmore Tea Estate,Dalmore Tea Estate,"""Dalmore Tea Estate"" reopened production factory active Dooars",normal
gs-dooars-dalmore,Dalmore Tea Estate,Dalmore Tea Estate,"""Dalmore Tea Estate"" new management director manager Dooars",normal
gs-dooars-dalmore,Dalmore Tea Estate,Dalmore Tea Estate,"""Dalmore Tea Estate"" closed suspended workers Dooars",normal
gs-dooars-dalsingpara,Dalsingpara,Dalsingpara,"""Dalsingpara"" owner company acquisition sale lease Dooars",normal
gs-dooars-dalsingpara,Dalsingpara,Dalsingpara,"""Dalsingpara"" reopened production factory active Dooars",normal
gs-dooars-dalsingpara,Dalsingpara,Dalsingpara,"""Dalsingpara"" new management director manager Dooars",normal
gs-dooars-dalsingpara,Dalsingpara,Dalsingpara,"""Dalsingpara"" closed suspended workers Dooars",normal
gs-dooars-kadambini,Kadambini Tea Estate,Kadambini Tea Estate,"""Kadambini Tea Estate"" owner company acquisition sale lease Dooars",high
gs-dooars-kadambini,Kadambini Tea Estate,Kadambini Tea Estate,"""Kadambini Tea Estate"" reopened production factory active Dooars",high
gs-dooars-kadambini,Kadambini Tea Estate,Kadambini Tea Estate,"""Kadambini Tea Estate"" new management director manager Dooars",high
gs-dooars-kadambini,Kadambini Tea Estate,Kadambini Tea Estate,"""Kadambini Tea Estate"" closed suspended workers Dooars",high
gs-dooars-raimatang,Raimatang Tea Estate,Raimatang Tea Estate,"""Raimatang Tea Estate"" owner company acquisition sale lease Dooars",normal
gs-dooars-raimatang,Raimatang Tea Estate,Raimatang Tea Estate,"""Raimatang Tea Estate"" reopened production factory active Dooars",normal
gs-dooars-raimatang,Raimatang Tea Estate,Raimatang Tea Estate,"""Raimatang Tea Estate"" new management director manager Dooars",normal
gs-dooars-raimatang,Raimatang Tea Estate,Raimatang Tea Estate,"""Raimatang Tea Estate"" closed suspended workers Dooars",normal
gs-dooars-dheklapara,Dheklapara,Dheklapara,"""Dheklapara"" owner company acquisition sale lease Dooars",normal
gs-dooars-dheklapara,Dheklapara,Dheklapara,"""Dheklapara"" reopened production factory active Dooars",normal
gs-dooars-dheklapara,Dheklapara,Dheklapara,"""Dheklapara"" new management director manager Dooars",normal
gs-dooars-dheklapara,Dheklapara,Dheklapara,"""Dheklapara"" closed suspended workers Dooars",normal
