hint_id,garden_id,canonical_name,historical_contact_name,historical_email,historical_phone,source_date,source_url,match_score,do_not_use_without_reverification,notes
tea-board-directory-1,gs-dooars-aibheel,Aibheel,GOODRICKE GROUP LIMITED,goodricke@goodricke.com,03322873969,2013-03-18,https://www.teaboard.gov.in/pdf/notice/Tea%20Directory-West%20Bengal.pdf,1,yes,Historical Tea Board directory clue. Confirm current role and validate contact before use.
tea-board-directory-2,gs-dooars-anandapur,Anandapur,NEW CHUMTA TEA CO. LTD,mail@ntcl.in,033-22489161,2013-03-18,https://www.teaboard.gov.in/pdf/notice/Tea%20Directory-West%20Bengal.pdf,1,yes,Historical Tea Board directory clue. Confirm current role and validate contact before use.
tea-board-directory-3,gs-dooars-bagrakote,Bagrakote,DUNCANS INDUSTRIES LIMITED,bagtg@duncan.tea.co.in,03562245261,2013-03-18,https://www.teaboard.gov.in/pdf/notice/Tea%20Directory-West%20Bengal.pdf,0.8264,yes,Historical Tea Board directory clue. Confirm current role and validate contact before use.
tea-board-directory-4,gs-dooars-baintgoorie,Baintgoorie,DIANA TEA CO. LTD.,contactus@dianatea.in,03322488672,2013-03-18,https://www.teaboard.gov.in/pdf/notice/Tea%20Directory-West%20Bengal.pdf,1,yes,Historical Tea Board directory clue. Confirm current role and validate contact before use.
tea-board-directory-5,gs-dooars-batabari,Batabari,DEEPAK ATAL,barabari.estate@amalgamated.in,03562260351,2013-03-18,https://www.teaboard.gov.in/pdf/notice/Tea%20Directory-West%20Bengal.pdf,1,yes,Historical Tea Board directory clue. Confirm current role and validate contact before use.
tea-board-directory-6,gs-dooars-chalouni,Chalouni,MR. ARUN SINGH,chalouni@goodricke.com,03562-200071,2013-03-18,https://www.teaboard.gov.in/pdf/notice/Tea%20Directory-West%20Bengal.pdf,1,yes,Historical Tea Board directory clue. Confirm current role and validate contact before use.
tea-board-directory-7,gs-dooars-chhaophali,Chhaophali,SANJOY DUTTA,,9832032095,2013-03-18,https://www.teaboard.gov.in/pdf/notice/Tea%20Directory-West%20Bengal.pdf,1,yes,"Siliguri office: DUTTA AGRO PLANTATION PVT, LTD, RAJANI BAGAN, HILL ACRT ROAD, SILIGURI, DARJEELING, SILIGURI, DARJEELING, 1. Tel: 9832032095."
tea-board-directory-8,gs-dooars-chulsa,Chulsa,GOODRICKE GROUP LIMITED,chulsa@goodricke.com,03322873067,2013-03-18,https://www.teaboard.gov.in/pdf/notice/Tea%20Directory-West%20Bengal.pdf,1,yes,Historical Tea Board directory clue. Confirm current role and validate contact before use.
tea-board-directory-9,gs-dooars-dagapur,Dagapur,SUBLIME AGRO LTD.,sublimeagro@gmail.com,033-22820521,2013-03-18,https://www.teaboard.gov.in/pdf/notice/Tea%20Directory-West%20Bengal.pdf,1,yes,Historical Tea Board directory clue. Confirm current role and validate contact before use.
tea-board-directory-10,gs-dooars-ellenbarie,Ellenbarie,THE ELLENBARRIE TEA CO.LTD. SHANTI PROSAD AGARWALLA,shanti.agarwala@ellenbarrie.co,03322291923,2013-03-18,https://www.teaboard.gov.in/pdf/notice/Tea%20Directory-West%20Bengal.pdf,0.9263,yes,Historical Tea Board directory clue. Confirm current role and validate contact before use.
tea-board-directory-11,gs-dooars-engo,Engo,MR ASHOK KUMAR BHUWALKA,,92233620518,2013-03-18,https://www.teaboard.gov.in/pdf/notice/Tea%20Directory-West%20Bengal.pdf,1,yes,Historical Tea Board directory clue. Confirm current role and validate contact before use.
tea-board-directory-12,gs-dooars-goodhope,Goodhope,DIANA TEA CO. LTD.,contactus@dianatea.co.in,03340661590,2013-03-18,https://www.teaboard.gov.in/pdf/notice/Tea%20Directory-West%20Bengal.pdf,1,yes,Historical Tea Board directory clue. Confirm current role and validate contact before use.
tea-board-directory-13,gs-dooars-gopalpur,Gopalpur,THE GOPALPUR TEA COMPANY,gopalpurtea@gmail.com,03322291725,2013-03-18,https://www.teaboard.gov.in/pdf/notice/Tea%20Directory-West%20Bengal.pdf,1,yes,Historical Tea Board directory clue. Confirm current role and validate contact before use.
tea-board-directory-14,gs-dooars-gurjangjhora,Gurjangjhora,GURJANGJHORA TEA &,kalyanigroupho@rediffmail.com,03561230172,2013-03-18,https://www.teaboard.gov.in/pdf/notice/Tea%20Directory-West%20Bengal.pdf,1,yes,Historical Tea Board directory clue. Confirm current role and validate contact before use.
tea-board-directory-15,gs-dooars-indong,Indong,INDONG TEA CO. PVT. LTD.,devvrat61@sifi.com,03322303281,2013-03-18,https://www.teaboard.gov.in/pdf/notice/Tea%20Directory-West%20Bengal.pdf,1,yes,Historical Tea Board directory clue. Confirm current role and validate contact before use.
tea-board-directory-16,gs-dooars-jogesh-chandra,Jogesh Chandra,MR.NARENDRA BARELIA,,9434048605,2013-03-18,https://www.teaboard.gov.in/pdf/notice/Tea%20Directory-West%20Bengal.pdf,1,yes,"Siliguri office: MR.NARENDRA BARELIA, 233,SEVOKE ROAD, 2ND MILE,SILIGURI, WEST BENGAL.. Tel: 9434048605."
tea-board-directory-17,gs-dooars-kailashpur,Kailashpur,,kpte.jal@gmail.com,7797802384,2013-03-18,https://www.teaboard.gov.in/pdf/notice/Tea%20Directory-West%20Bengal.pdf,1,yes,Historical Tea Board directory clue. Confirm current role and validate contact before use.
tea-board-directory-18,gs-dooars-killcott,Killcott,DUNCANS INDUSTRIES LIMITED,killtg@duncans-tea.com,9932911652,2013-03-18,https://www.teaboard.gov.in/pdf/notice/Tea%20Directory-West%20Bengal.pdf,1,yes,Historical Tea Board directory clue. Confirm current role and validate contact before use.
tea-board-directory-19,gs-dooars-lessriver,Lessriver,MR A N SINGH,leesh@goodricke.com,03562-245269,2013-03-18,https://www.teaboard.gov.in/pdf/notice/Tea%20Directory-West%20Bengal.pdf,1,yes,Historical Tea Board directory clue. Confirm current role and validate contact before use.
tea-board-directory-20,gs-dooars-malnuddy,Malnuddy,,malnady.te@gmail.com,03532432548,2013-03-18,https://www.teaboard.gov.in/pdf/notice/Tea%20Directory-West%20Bengal.pdf,1,yes,"Siliguri office: GOPAL BHAWAN, 2ND FLOOR,, CHURCH ROAD, SILIGURI-1. Tel: 03532432548."
tea-board-directory-21,gs-dooars-manabarie,Manabarie,TODI TEA CO. LTD.,toditea@indiatimes.com,033-22101842,2013-03-18,https://www.teaboard.gov.in/pdf/notice/Tea%20Directory-West%20Bengal.pdf,0.9185,yes,Historical Tea Board directory clue. Confirm current role and validate contact before use.
tea-board-directory-22,gs-dooars-matelli,Matelli,LUXMI TEA COMPANY LIMITED,matelliteaestate@gmail.com,"03562242211,242230",2013-03-18,https://www.teaboard.gov.in/pdf/notice/Tea%20Directory-West%20Bengal.pdf,1,yes,Historical Tea Board directory clue. Confirm current role and validate contact before use.
tea-board-directory-23,gs-dooars-meenglass,Meenglass,MR A.N.SINGH,meen@goodricke.com,92337-91401,2013-03-18,https://www.teaboard.gov.in/pdf/notice/Tea%20Directory-West%20Bengal.pdf,1,yes,Historical Tea Board directory clue. Confirm current role and validate contact before use.
tea-board-directory-24,gs-dooars-nagaisuree,Nagaisuree,MR M.GURBAXANI,nagtg@ducans-tea.com,9333057984,2013-03-18,https://www.teaboard.gov.in/pdf/notice/Tea%20Directory-West%20Bengal.pdf,1,yes,Historical Tea Board directory clue. Confirm current role and validate contact before use.
tea-board-directory-25,gs-dooars-nedam,Nedam,ANAND AGARWAL,nbtcl@rediffmail.com,03562200208,2013-03-18,https://www.teaboard.gov.in/pdf/notice/Tea%20Directory-West%20Bengal.pdf,1,yes,Historical Tea Board directory clue. Confirm current role and validate contact before use.
tea-board-directory-26,gs-dooars-nepuchapur,Nepuchapur,DIPALI DASGUPTA,carlton.kinglee@nepuchapurtea.co,03322302646,2013-03-18,https://www.teaboard.gov.in/pdf/notice/Tea%20Directory-West%20Bengal.pdf,1,yes,Historical Tea Board directory clue. Confirm current role and validate contact before use.
tea-board-directory-27,gs-dooars-newglenceco,Newglenceco,S.K.SARIA,soongachi@gmail.com,03532510831,2013-03-18,https://www.teaboard.gov.in/pdf/notice/Tea%20Directory-West%20Bengal.pdf,1,yes,"Siliguri office: SOONGACHI TEA INDUSTRIES (P), LTD, COG, ROAD,SILIGURI. Tel: 03532510831."
tea-board-directory-28,gs-dooars-oodlabari,Oodlabari,SHRI AJOY KUMAR NAHATA,oodlabari@hotmail.com,033-22481101,2013-03-18,https://www.teaboard.gov.in/pdf/notice/Tea%20Directory-West%20Bengal.pdf,1,yes,Historical Tea Board directory clue. Confirm current role and validate contact before use.
tea-board-directory-29,gs-dooars-putharjhora,Putharjhora,PUTHARJHORA TEA GARDEN,teapromoters@vsnl.net,03322299147,2013-03-18,https://www.teaboard.gov.in/pdf/notice/Tea%20Directory-West%20Bengal.pdf,1,yes,Historical Tea Board directory clue. Confirm current role and validate contact before use.
tea-board-directory-30,gs-dooars-raja,Raja,MR.V.D.DUA,teraitea@gmail.com,03532543857,2013-03-18,https://www.teaboard.gov.in/pdf/notice/Tea%20Directory-West%20Bengal.pdf,1,yes,"Siliguri office: MR.V.D.DUA, AGARWAL, HOUSE, 2ND MILE,, SEVOKE ROAD, SILIGURI. Tel: 03532543857."
tea-board-directory-31,gs-dooars-ranicherra,Ranicherra,PRADEEP KUMAR GOEL,ranicherra_tea@rediffmail.com,03562242264,2013-03-18,https://www.teaboard.gov.in/pdf/notice/Tea%20Directory-West%20Bengal.pdf,1,yes,Historical Tea Board directory clue. Confirm current role and validate contact before use.
tea-board-directory-32,gs-dooars-rungamuttee,Rungamuttee,MR DEEPAK ATAL(MD),,03562200008,2013-03-18,https://www.teaboard.gov.in/pdf/notice/Tea%20Directory-West%20Bengal.pdf,1,yes,Historical Tea Board directory clue. Confirm current role and validate contact before use.
tea-board-directory-33,gs-dooars-sonali,Sonali,SHRI RAJHESH JHUNJHONWALA,pradhanshiv@gmail.com,8972564243,2013-03-18,https://www.teaboard.gov.in/pdf/notice/Tea%20Directory-West%20Bengal.pdf,1,yes,Historical Tea Board directory clue. Confirm current role and validate contact before use.
tea-board-directory-34,gs-dooars-soongachi,Soongachi,S.K. SARIA,shivksaria@gmail.com,03532510831,2013-03-18,https://www.teaboard.gov.in/pdf/notice/Tea%20Directory-West%20Bengal.pdf,1,yes,"Siliguri office: S.K. SARIA, ANJU ENCLAVE, TEA AUCTION, ROAD, SILIGURI-3. Tel: 03532510831."
tea-board-directory-35,gs-dooars-toonbarie,Toonbarie,TOONBARI TEA ESTATE PVT.,malnady.te@gmail.co,03532432548,2013-03-18,https://www.teaboard.gov.in/pdf/notice/Tea%20Directory-West%20Bengal.pdf,0.9185,yes,Historical Tea Board directory clue. Confirm current role and validate contact before use.
tea-board-directory-36,gs-dooars-washabarie,Washabarie,"A.PALCHOUDHURI,NAYANTARA",washabarie@gmail.com,03322345760,2013-03-18,https://www.teaboard.gov.in/pdf/notice/Tea%20Directory-West%20Bengal.pdf,1,yes,Historical Tea Board directory clue. Confirm current role and validate contact before use.
tea-board-directory-37,gs-dooars-zurantee,Zurantee,MR.SHASHANK PRASAD,,03562-200004,2013-03-18,https://www.teaboard.gov.in/pdf/notice/Tea%20Directory-West%20Bengal.pdf,1,yes,Historical Tea Board directory clue. Confirm current role and validate contact before use.
tea-board-directory-38,gs-dooars-amarpur,Amarpur,,amarpur89@gmail.com,03561-202155,2013-03-18,https://www.teaboard.gov.in/pdf/notice/Tea%20Directory-West%20Bengal.pdf,1,yes,Historical Tea Board directory clue. Confirm current role and validate contact before use.
tea-board-directory-39,gs-dooars-damdim,Damdim,AMALGAMATED PLANTATIONS,,03322267638,2013-03-18,https://www.teaboard.gov.in/pdf/notice/Tea%20Directory-West%20Bengal.pdf,1,yes,Historical Tea Board directory clue. Confirm current role and validate contact before use.
tea-board-directory-40,gs-dooars-denguajhar,Denguajhar,A. N. SINGH,deng@gooricke.com,03561-256529,2013-03-18,https://www.teaboard.gov.in/pdf/notice/Tea%20Directory-West%20Bengal.pdf,1,yes,Historical Tea Board directory clue. Confirm current role and validate contact before use.
tea-board-directory-41,gs-dooars-joypur,Joypur,RAJENDRA KR. MAHESWARI,,03561-204489,2013-03-18,https://www.teaboard.gov.in/pdf/notice/Tea%20Directory-West%20Bengal.pdf,1,yes,Historical Tea Board directory clue. Confirm current role and validate contact before use.
tea-board-directory-42,gs-dooars-karala-valley,Karala Valley,SHASHANK PRASAD,tea@ddptl.com,03561-255363,2013-03-18,https://www.teaboard.gov.in/pdf/notice/Tea%20Directory-West%20Bengal.pdf,1,yes,Historical Tea Board directory clue. Confirm current role and validate contact before use.
tea-board-directory-43,gs-dooars-konpakri,Konpakri,,puro24@gmail.com,03561-255397,2013-03-18,https://www.teaboard.gov.in/pdf/notice/Tea%20Directory-West%20Bengal.pdf,1,yes,Historical Tea Board directory clue. Confirm current role and validate contact before use.
tea-board-directory-44,gs-dooars-nandan,Nandan,ANAND KUMAR AGARWAL,,9933020942,2013-03-18,https://www.teaboard.gov.in/pdf/notice/Tea%20Directory-West%20Bengal.pdf,1,yes,"Siliguri office: ANAND KUMAR AGARWAL, K. C. DEY ROAD, SILIGURI-734401, C - CTC. Tel: 9933020942."
tea-board-directory-45,gs-dooars-nepati-valley,Nepati Valley,BADAL CHANDRA DAS,das.samir133@gmail.com,0353-2530946,2013-03-18,https://www.teaboard.gov.in/pdf/notice/Tea%20Directory-West%20Bengal.pdf,1,yes,Historical Tea Board directory clue. Confirm current role and validate contact before use.
tea-board-directory-46,gs-dooars-parbati-and-gouranga,Parbati And Gouranga,,,9832092716,2013-03-18,https://www.teaboard.gov.in/pdf/notice/Tea%20Directory-West%20Bengal.pdf,1,yes,"Siliguri office: TILAK ROAD, HAKIMPARA,, SILIGURI. Tel: 9832092716."
tea-board-directory-47,gs-dooars-raipur,Raipur,SUBRATA SAHA,amritapurteaslg@gmail.com,9434064999,2013-03-18,https://www.teaboard.gov.in/pdf/notice/Tea%20Directory-West%20Bengal.pdf,1,yes,Historical Tea Board directory clue. Confirm current role and validate contact before use.
tea-board-directory-48,gs-dooars-saraswatipur,Saraswatipur,SARASWATIPUR TEA &,,"03322814014,22408982",2013-03-18,https://www.teaboard.gov.in/pdf/notice/Tea%20Directory-West%20Bengal.pdf,1,yes,Historical Tea Board directory clue. Confirm current role and validate contact before use.
tea-board-directory-49,gs-dooars-ambari,Ambari,DIANA TEA CO. LTD.,,8967554771,2013-03-18,https://www.teaboard.gov.in/pdf/notice/Tea%20Directory-West%20Bengal.pdf,1,yes,Historical Tea Board directory clue. Confirm current role and validate contact before use.
tea-board-directory-50,gs-dooars-banarhat,Banarhat,ANDREW YULE & COMPANY,yule.banarhat@gmail.com,03322428210,2013-03-18,https://www.teaboard.gov.in/pdf/notice/Tea%20Directory-West%20Bengal.pdf,1,yes,Historical Tea Board directory clue. Confirm current role and validate contact before use.
tea-board-directory-51,gs-dooars-bhogotpore,Bhogotpore,BHOGOTPUR TEA CO.LTD,bhagatpurtea@hotmail.com,03322427351,2013-03-18,https://www.teaboard.gov.in/pdf/notice/Tea%20Directory-West%20Bengal.pdf,0.845,yes,Historical Tea Board directory clue. Confirm current role and validate contact before use.
tea-board-directory-52,gs-dooars-binaguri,Binaguri,BINAGURI TEA CO. PVT.LTD.,binaguri.te@gmail.com,033-22483110,2013-03-18,https://www.teaboard.gov.in/pdf/notice/Tea%20Directory-West%20Bengal.pdf,1,yes,Historical Tea Board directory clue. Confirm current role and validate contact before use.
tea-board-directory-53,gs-dooars-carron,Carron,BASU TEA PRIVATE LTD,,"03322133460,9831195470",2013-03-18,https://www.teaboard.gov.in/pdf/notice/Tea%20Directory-West%20Bengal.pdf,1,yes,Historical Tea Board directory clue. Confirm current role and validate contact before use.
tea-board-directory-54,gs-dooars-chamurchi,Chamurchi,RAJENDRA PRASAD TIWARI,rajendra.1957@yahoo.com,09674731050,2013-03-18,https://www.teaboard.gov.in/pdf/notice/Tea%20Directory-West%20Bengal.pdf,1,yes,Historical Tea Board directory clue. Confirm current role and validate contact before use.
tea-board-directory-55,gs-dooars-chengmari,Chengmari,CHENGMARI TEA CO. LTD.,chen_935503@bsnl.in,033 22809603,2013-03-18,https://www.teaboard.gov.in/pdf/notice/Tea%20Directory-West%20Bengal.pdf,1,yes,Historical Tea Board directory clue. Confirm current role and validate contact before use.
tea-board-directory-56,gs-dooars-choonabhuti,Choonabhuti,SUNIL MUNSHI,yule.choonabhutti@gmail.com,03563-258384,2013-03-18,https://www.teaboard.gov.in/pdf/notice/Tea%20Directory-West%20Bengal.pdf,1,yes,Historical Tea Board directory clue. Confirm current role and validate contact before use.
tea-board-directory-57,gs-dooars-debpara,Debpara,MR. S.MITTAL,debparatea@gmail.com,9434010469,2013-03-18,https://www.teaboard.gov.in/pdf/notice/Tea%20Directory-West%20Bengal.pdf,1,yes,Historical Tea Board directory clue. Confirm current role and validate contact before use.
tea-board-directory-58,gs-dooars-dharanipur,Dharanipur,N K BASU,,9547701884,2013-03-18,https://www.teaboard.gov.in/pdf/notice/Tea%20Directory-West%20Bengal.pdf,1,yes,Historical Tea Board directory clue. Confirm current role and validate contact before use.
tea-board-directory-60,gs-dooars-ghatia,Ghatia,H.V. KEJRIWAL,rungamattee@gmail.com,03323983289,2013-03-18,https://www.teaboard.gov.in/pdf/notice/Tea%20Directory-West%20Bengal.pdf,1,yes,Historical Tea Board directory clue. Confirm current role and validate contact before use.
tea-board-directory-61,gs-dooars-hilla,Hilla,MISS. MAUSAMI GUHA ROY,,9434319429,2013-03-18,https://www.teaboard.gov.in/pdf/notice/Tea%20Directory-West%20Bengal.pdf,1,yes,Historical Tea Board directory clue. Confirm current role and validate contact before use.
tea-board-directory-62,gs-dooars-hope,Hope,MR. ARUN NARAYAN SINGH,hope@goodricke.com,03563200051,2013-03-18,https://www.teaboard.gov.in/pdf/notice/Tea%20Directory-West%20Bengal.pdf,1,yes,Historical Tea Board directory clue. Confirm current role and validate contact before use.
tea-board-directory-63,gs-dooars-jaldacca-altadanga,Jaldacca Altadanga,V.D.DUA,teraitea@gmail.com,0353-2543857,2013-03-18,https://www.teaboard.gov.in/pdf/notice/Tea%20Directory-West%20Bengal.pdf,1,yes,"Siliguri office: V.D.DUA, AGARWALA HOUSE, 2ND MILE,, SEVOKE ROAD, SILIGURI. Tel: 0353-2543857."
tea-board-directory-64,gs-dooars-jiti,Jiti,MR A.N. SINGH,jiti@goodricke.com,9733180349,2013-03-18,https://www.teaboard.gov.in/pdf/notice/Tea%20Directory-West%20Bengal.pdf,1,yes,Historical Tea Board directory clue. Confirm current role and validate contact before use.
tea-board-directory-65,gs-dooars-karballa,Karballa,ANDREW YULE & COMPANY,yule.karballa@gmail.com,03563-252005,2013-03-18,https://www.teaboard.gov.in/pdf/notice/Tea%20Directory-West%20Bengal.pdf,1,yes,Historical Tea Board directory clue. Confirm current role and validate contact before use.
tea-board-directory-66,gs-dooars-katalguri,Katalguri,NARENDRA BERLIA,sevokemotors@vsnl.net,03532544704,2013-03-18,https://www.teaboard.gov.in/pdf/notice/Tea%20Directory-West%20Bengal.pdf,1,yes,"Siliguri office: NARENDRA BERLIA, M/S ARION AGENCIES PVT. LTD.,, 233, 2ND MILE SEVOKE ROAD,, SILIGURI. Tel: 03532544704."
tea-board-directory-67,gs-dooars-kathaldhura,Kathaldhura,MR. DEEPAK BERLIA,deepakberlia@yahoo.com,9434496215,2013-03-18,https://www.teaboard.gov.in/pdf/notice/Tea%20Directory-West%20Bengal.pdf,1,yes,Historical Tea Board directory clue. Confirm current role and validate contact before use.
tea-board-directory-68,gs-dooars-kurti,Kurti,QUALITY TEA PRODUCING CO.,qtpl@vsnl.net,03565270409,2013-03-18,https://www.teaboard.gov.in/pdf/notice/Tea%20Directory-West%20Bengal.pdf,1,yes,Historical Tea Board directory clue. Confirm current role and validate contact before use.
tea-board-directory-69,gs-dooars-lakhipara,Lakhipara,GOODRICKE GROUP LIMITED,goodricke@vsnl.com,03322873067,2013-03-18,https://www.teaboard.gov.in/pdf/notice/Tea%20Directory-West%20Bengal.pdf,1,yes,Historical Tea Board directory clue. Confirm current role and validate contact before use.
tea-board-directory-70,gs-dooars-lankapara,Lankapara,DUNCANS INDUSTRIES LIMITED,lantg@ducanstea.com,9333058015,2013-03-18,https://www.teaboard.gov.in/pdf/notice/Tea%20Directory-West%20Bengal.pdf,1,yes,Historical Tea Board directory clue. Confirm current role and validate contact before use.
tea-board-directory-71,gs-dooars-looksun,Looksun,DEPAK BERLIA,deepakberlia@yahoo.com,03532779337,2013-03-18,https://www.teaboard.gov.in/pdf/notice/Tea%20Directory-West%20Bengal.pdf,1,yes,"Siliguri office: DEPAK BERLIA, 2ND MILE SEVOKE ROAD, SILIGURI. Tel: 03532779337."
tea-board-directory-72,gs-dooars-mogalkata,Mogalkata,BIJOYNAGAR TEA CO. LTD,btcl@cal2.vsnl.net.in,033-22487629,2013-03-18,https://www.teaboard.gov.in/pdf/notice/Tea%20Directory-West%20Bengal.pdf,0.8264,yes,Historical Tea Board directory clue. Confirm current role and validate contact before use.
tea-board-directory-73,gs-dooars-moraghat,Moraghat,BINAGURI TEA CO. PVT.LTD.,,033-22484395,2013-03-18,https://www.teaboard.gov.in/pdf/notice/Tea%20Directory-West%20Bengal.pdf,1,yes,Historical Tea Board directory clue. Confirm current role and validate contact before use.
tea-board-directory-74,gs-dooars-nagrakata,Nagrakata,QUALITY TEA PRODUCING CO.,qualitytea@hotmail.com,03322307874,2013-03-18,https://www.teaboard.gov.in/pdf/notice/Tea%20Directory-West%20Bengal.pdf,1,yes,Historical Tea Board directory clue. Confirm current role and validate contact before use.
tea-board-directory-75,gs-dooars-new-duars,New Dooars,ANDREW YULE & COMPANY,yulenewdooars@gmail.com,033-22428210,2013-03-18,https://www.teaboard.gov.in/pdf/notice/Tea%20Directory-West%20Bengal.pdf,1,yes,Historical Tea Board directory clue. Confirm current role and validate contact before use.
tea-board-directory-76,gs-dooars-nya-sylee,Nya Sylee,MR. SUSHIL KR. JAIN,,9775842525,2013-03-18,https://www.teaboard.gov.in/pdf/notice/Tea%20Directory-West%20Bengal.pdf,1,yes,Historical Tea Board directory clue. Confirm current role and validate contact before use.
tea-board-directory-77,gs-dooars-red-bank,Red Bank,N K BASU,buxadoorsteaestates@gmail.co,0353-2640068,2013-03-18,https://www.teaboard.gov.in/pdf/notice/Tea%20Directory-West%20Bengal.pdf,1,yes,"Siliguri office: N K BASU, O M PALACE, ASHRAMPARA,, SILIGURI, E-, m. Tel: 0353-2640068."
tea-board-directory-78,gs-dooars-rheabari,Rheabari,ASHOK KUMAR BANSAL,info@newteaCo.com,03322124721,2013-03-18,https://www.teaboard.gov.in/pdf/notice/Tea%20Directory-West%20Bengal.pdf,1,yes,Historical Tea Board directory clue. Confirm current role and validate contact before use.
tea-board-directory-79,gs-dooars-surendra-nagar,Surendra Nagar,NK BASU,buxadooarsteaestate@gmail.co,9434086855,2013-03-18,https://www.teaboard.gov.in/pdf/notice/Tea%20Directory-West%20Bengal.pdf,1,yes,"Siliguri office: NK BASU, O M PALACE , OM PALACE ,, ASHRAMPARA, SILIGURI,WB, E-, m, C - CTC. Tel: 9434086855."
tea-board-directory-162,gs-dooars-atiabari,Atiabari,MR. NARENDRA BERLIA,sevokemotors@vsnl.net,03532544704,2013-03-18,https://www.teaboard.gov.in/pdf/notice/Tea%20Directory-West%20Bengal.pdf,1,yes,"Siliguri office: MR. NARENDRA BERLIA, 2ND MILE,233 SEOKE, ROAD,SILIGURI. Tel: 03532544704."
tea-board-directory-163,gs-dooars-beech,Beech,KANISKA SETHIA,sumeet@westcong.com,03322622669,2013-03-18,https://www.teaboard.gov.in/pdf/notice/Tea%20Directory-West%20Bengal.pdf,1,yes,Historical Tea Board directory clue. Confirm current role and validate contact before use.
tea-board-directory-164,gs-dooars-bharnobari,Bharnobari,BARNOBARI TEA & INDUSTRIES,,03324482858,2013-03-18,https://www.teaboard.gov.in/pdf/notice/Tea%20Directory-West%20Bengal.pdf,1,yes,Historical Tea Board directory clue. Confirm current role and validate contact before use.
tea-board-directory-165,gs-dooars-bhatkowa,Bhatkowa,BHATKAWA TEA INDUSTRIES LTD. SRI SUDARSHAN JALAN,contact@bhatkawa.com,033-22489916,2013-03-18,https://www.teaboard.gov.in/pdf/notice/Tea%20Directory-West%20Bengal.pdf,1,yes,Historical Tea Board directory clue. Confirm current role and validate contact before use.
tea-board-directory-166,gs-dooars-bhatpara,Bhatpara,MCLEOD RUSSEL INDIA LIMITED,bhatpara@wmg.co.in,033-22101221,2013-03-18,https://www.teaboard.gov.in/pdf/notice/Tea%20Directory-West%20Bengal.pdf,1,yes,Historical Tea Board directory clue. Confirm current role and validate contact before use.
tea-board-directory-167,gs-dooars-central-duars,Central Dooars,MCLEOD RUSSEL INDIA LIMITED,central-dooars@wmg.co.in,033-22101222,2013-03-18,https://www.teaboard.gov.in/pdf/notice/Tea%20Directory-West%20Bengal.pdf,1,yes,Historical Tea Board directory clue. Confirm current role and validate contact before use.
tea-board-directory-168,gs-dooars-chuapara,Chuapara,MCLEOD RUSSEL INDIA LIMITED,c@wmg.co.in,033-22101221,2013-03-18,https://www.teaboard.gov.in/pdf/notice/Tea%20Directory-West%20Bengal.pdf,1,yes,Historical Tea Board directory clue. Confirm current role and validate contact before use.
tea-board-directory-169,gs-dooars-dima,Dima,SURAJ GOVIND ESTATES PVT.,surajgovind.patel@gmail.com,033-22254459,2013-03-18,https://www.teaboard.gov.in/pdf/notice/Tea%20Directory-West%20Bengal.pdf,1,yes,Historical Tea Board directory clue. Confirm current role and validate contact before use.
tea-board-directory-170,gs-dooars-jainti,Jainti,MCLEOD RUSSEL INDIA LIMITED,srinivas_c@wmg.co.in,03322101221,2013-03-18,https://www.teaboard.gov.in/pdf/notice/Tea%20Directory-West%20Bengal.pdf,1,yes,Historical Tea Board directory clue. Confirm current role and validate contact before use.
tea-board-directory-171,gs-dooars-kalchini,Kalchini,N K BASU,buxadoors.teastates@gmail.co,9434086855,2013-03-18,https://www.teaboard.gov.in/pdf/notice/Tea%20Directory-West%20Bengal.pdf,1,yes,"Siliguri office: N K BASU, OM, PLACE,ASHRAMPARA,SILIGURI, E-, Mail :buxadoors.teastates@gmail.co, m. Tel: 9434086855."
tea-board-directory-172,gs-dooars-madhu,Madhu,DIABARI TEA CO LTD,,9831155538,2013-03-18,https://www.teaboard.gov.in/pdf/notice/Tea%20Directory-West%20Bengal.pdf,1,yes,Historical Tea Board directory clue. Confirm current role and validate contact before use.
tea-board-directory-173,gs-dooars-mechapara,Mechapara,DARJEELING DOOARS,tea@ddptl.com,033-22487908,2013-03-18,https://www.teaboard.gov.in/pdf/notice/Tea%20Directory-West%20Bengal.pdf,0.8489,yes,Historical Tea Board directory clue. Confirm current role and validate contact before use.
tea-board-directory-174,gs-dooars-chinchula,Chinchula,SURAJIT BAKSHI,merico.tea.estate@gmail.com,9831022786,2013-03-18,https://www.teaboard.gov.in/pdf/notice/Tea%20Directory-West%20Bengal.pdf,1,yes,Historical Tea Board directory clue. Confirm current role and validate contact before use.
tea-board-directory-175,gs-dooars-rajahbhat,Rajahbhat,SRI AJAY PRAKASH,info@alomextrusions.com,033-40106789,2013-03-18,https://www.teaboard.gov.in/pdf/notice/Tea%20Directory-West%20Bengal.pdf,1,yes,Historical Tea Board directory clue. Confirm current role and validate contact before use.
tea-board-directory-215,gs-dooars-baradighi,Baradighi,RYDAK SYNDICATE LIMITED,rydak@vsnl.net,03562200089,2013-03-18,https://www.teaboard.gov.in/pdf/notice/Tea%20Directory-West%20Bengal.pdf,1,yes,Historical Tea Board directory clue. Confirm current role and validate contact before use.
tea-board-directory-216,gs-dooars-buds,Buds,SUBRATA SAHA/DEBABRATA,budstea@gmail.com,98320-63395,2013-03-18,https://www.teaboard.gov.in/pdf/notice/Tea%20Directory-West%20Bengal.pdf,1,yes,"Siliguri office: SUBRATA SAHA/DEBABRATA, SAGA, NEHRU ROAD, SILIGURI. Tel: 98320-63395."
tea-board-directory-217,gs-dooars-jadabpur,Jadabpur,L.N.GUPTA,jadabpurtea@rediffmail.com,03561-275261,2013-03-18,https://www.teaboard.gov.in/pdf/notice/Tea%20Directory-West%20Bengal.pdf,1,yes,Historical Tea Board directory clue. Confirm current role and validate contact before use.
tea-board-directory-218,gs-dooars-nowera-nuddy,Nowera Nuddy,MR. DIPAK ATAL,,03561 266267,2013-03-18,https://www.teaboard.gov.in/pdf/notice/Tea%20Directory-West%20Bengal.pdf,1,yes,Historical Tea Board directory clue. Confirm current role and validate contact before use.
tea-board-directory-219,gs-dooars-sonar-bangla,Sonar Bangla,SANJOY AGARWALLA,,9434039248,2013-03-18,https://www.teaboard.gov.in/pdf/notice/Tea%20Directory-West%20Bengal.pdf,1,yes,Historical Tea Board directory clue. Confirm current role and validate contact before use.
tea-board-directory-220,gs-dooars-trisakti,Trisakti,SAIBAL GANGULY,,9732660435,2013-03-18,https://www.teaboard.gov.in/pdf/notice/Tea%20Directory-West%20Bengal.pdf,1,yes,Historical Tea Board directory clue. Confirm current role and validate contact before use.
tea-board-directory-223,gs-dooars-bhandiguri,Bhandiguri,AMITAVA SENGUPTA,goowill_154@yahoo.co.in,03561-645288,2013-03-18,https://www.teaboard.gov.in/pdf/notice/Tea%20Directory-West%20Bengal.pdf,1,yes,Historical Tea Board directory clue. Confirm current role and validate contact before use.
tea-board-directory-233,gs-dooars-shikarpur,Shikarpur,NARENDRA BERLIA,goyal_rahul1@hotmail.com,9434048605,2013-03-18,https://www.teaboard.gov.in/pdf/notice/Tea%20Directory-West%20Bengal.pdf,1,yes,"Siliguri office: NARENDRA BERLIA, SEVOKE ROAD, SILIGURI, SEVOKE ROAD, SILIGURI. Tel: 9434048605."
tea-board-directory-255,gs-dooars-birpara,Birpara,DUNCANS INDUSTRIES LIMITED,birtg@rediffmail.com,03563-266690,2013-03-18,https://www.teaboard.gov.in/pdf/notice/Tea%20Directory-West%20Bengal.pdf,1,yes,Historical Tea Board directory clue. Confirm current role and validate contact before use.
tea-board-directory-256,gs-dooars-bundapani,Bundapani,RAKESH SRIVASTAVA,spaa-ltd@rediffmail.com,9434049103,2013-03-18,https://www.teaboard.gov.in/pdf/notice/Tea%20Directory-West%20Bengal.pdf,1,yes,"Siliguri office: RAKESH SRIVASTAVA, MAUGAL JYOTI BUILDING, GANESH RAM COMPOUND HC, ROAD SILIGURI. Tel: 9434049103."
tea-board-directory-257,gs-dooars-dahuk-valley,Dahuk Valley,SUNIL KUMAR KUNDU,sanjaykundu1970@yahoo.com,94340-21763,2013-03-18,https://www.teaboard.gov.in/pdf/notice/Tea%20Directory-West%20Bengal.pdf,1,yes,"Siliguri office: SUNIL KUMAR KUNDU, 79, KUNDU BHAWAN, BIDHAN, ROAD, SILIGURI-734001, E-, Mail :sanjaykundu1970@yahoo.com. Tel: 94340-21763."
tea-board-directory-258,gs-dooars-dalgaon,Dalgaon,RNT PLANTATIONS LIMITED,lukwah@vsnl.net,03322308831/32,2013-03-18,https://www.teaboard.gov.in/pdf/notice/Tea%20Directory-West%20Bengal.pdf,1,yes,Historical Tea Board directory clue. Confirm current role and validate contact before use.
tea-board-directory-259,gs-dooars-demdima,Demdima,SANTIPARA TEA CO. LTD.,demtg@duncans-tea.com,033 2219158,2013-03-18,https://www.teaboard.gov.in/pdf/notice/Tea%20Directory-West%20Bengal.pdf,1,yes,Historical Tea Board directory clue. Confirm current role and validate contact before use.
tea-board-directory-260,gs-dooars-dumchipara,Dumchipara,DUNCANS INDUSTRIES LIMITED,dumchipara@rediffmail.com,03332219158,2013-03-18,https://www.teaboard.gov.in/pdf/notice/Tea%20Directory-West%20Bengal.pdf,1,yes,Historical Tea Board directory clue. Confirm current role and validate contact before use.
tea-board-directory-261,gs-dooars-garganda,Garganda,DUNCANS INDUSTRIES LIMITED,,03563209002,2013-03-18,https://www.teaboard.gov.in/pdf/notice/Tea%20Directory-West%20Bengal.pdf,1,yes,Historical Tea Board directory clue. Confirm current role and validate contact before use.
tea-board-directory-262,gs-dooars-gopimohan,Gopimohan,SOHANLAL MUKHERJEE,,94343-40753,2013-03-18,https://www.teaboard.gov.in/pdf/notice/Tea%20Directory-West%20Bengal.pdf,1,yes,Historical Tea Board directory clue. Confirm current role and validate contact before use.
tea-board-directory-263,gs-dooars-hantapara,Hantapara,DUNCANS INDUSTRIES LIMITED,hantatg@rediffmail.com,03322300962/22302185,2013-03-18,https://www.teaboard.gov.in/pdf/notice/Tea%20Directory-West%20Bengal.pdf,1,yes,Historical Tea Board directory clue. Confirm current role and validate contact before use.
tea-board-directory-264,gs-dooars-makrapara,Makrapara,AMAR AGARWAL,,89266-51032,2013-03-18,https://www.teaboard.gov.in/pdf/notice/Tea%20Directory-West%20Bengal.pdf,1,yes,Historical Tea Board directory clue. Confirm current role and validate contact before use.
tea-board-directory-265,gs-dooars-mohua,Mohua,WEST BENGAL TEA,webtea@vsnl.net,033-2282-1284,2013-03-18,https://www.teaboard.gov.in/pdf/notice/Tea%20Directory-West%20Bengal.pdf,1,yes,Historical Tea Board directory clue. Confirm current role and validate contact before use.
tea-board-directory-266,gs-dooars-mujnai,Mujnai,RUPENDRA SINGH RANAWAT,kamalsingh241262@rediffmail.com,76025-38502,2013-03-18,https://www.teaboard.gov.in/pdf/notice/Tea%20Directory-West%20Bengal.pdf,1,yes,Historical Tea Board directory clue. Confirm current role and validate contact before use.
tea-board-directory-267,gs-dooars-ramjhora,Ramjhora,NARENDRA BERLIA,sevokemotors@vsnl.net,03532544704,2013-03-18,https://www.teaboard.gov.in/pdf/notice/Tea%20Directory-West%20Bengal.pdf,1,yes,"Siliguri office: NARENDRA BERLIA, M/S HIND TEA CO. LTD., 233, 2ND, MILE SEVOKE ROAD SILIGURI. Tel: 03532544704."
tea-board-directory-268,gs-dooars-satali,Satali,DEVI BAGARIA,hashimara_tg@yahoo.com,03566255003,2013-03-18,https://www.teaboard.gov.in/pdf/notice/Tea%20Directory-West%20Bengal.pdf,1,yes,Historical Tea Board directory clue. Confirm current role and validate contact before use.
tea-board-directory-269,gs-dooars-singhania,Singhania,SINGHANIA TEA COMPANY,singhaniatea@yahoo.com,03322481312,2013-03-18,https://www.teaboard.gov.in/pdf/notice/Tea%20Directory-West%20Bengal.pdf,1,yes,Historical Tea Board directory clue. Confirm current role and validate contact before use.
tea-board-directory-270,gs-dooars-subhasini,Subhasini,SUBHOJIT GHOSH,btcl@cal2.vsnl.net.in,03566-255006,2013-03-18,https://www.teaboard.gov.in/pdf/notice/Tea%20Directory-West%20Bengal.pdf,1,yes,Historical Tea Board directory clue. Confirm current role and validate contact before use.
tea-board-directory-271,gs-dooars-torsa,Torsa,SS GUPTA,Toorsatea@gmail.com,9903031555,2013-03-18,https://www.teaboard.gov.in/pdf/notice/Tea%20Directory-West%20Bengal.pdf,0.8583,yes,Historical Tea Board directory clue. Confirm current role and validate contact before use.
tea-board-directory-272,gs-dooars-tulsipara,Tulsipara,DUNCANS INDUSTRIES LIMITED,tultg@duncans-tea.com,03322302185,2013-03-18,https://www.teaboard.gov.in/pdf/notice/Tea%20Directory-West%20Bengal.pdf,1,yes,Historical Tea Board directory clue. Confirm current role and validate contact before use.
tea-board-directory-273,gs-dooars-dalmore,Dalmore,H.C. JAIN,susil@octaviustea.com,9331289101,2013-03-18,https://www.teaboard.gov.in/pdf/notice/Tea%20Directory-West%20Bengal.pdf,1,yes,Historical Tea Board directory clue. Confirm current role and validate contact before use.
tea-board-directory-274,gs-dooars-dalsingpara,Dalsingpara,LAXMIKANT GAUR,,9733162990,2013-03-18,https://www.teaboard.gov.in/pdf/notice/Tea%20Directory-West%20Bengal.pdf,1,yes,"Siliguri office: LAXMIKANT GAUR, MALNADY TE( P) LTD.,GOPAL, BHAWAN,2ND FLOOR,CHURCH, ROAD,SILIGURI BHAWAN,2ND, FLOOR,CHURCH ROAD,. Tel: 9733162990."
tea-board-directory-275,gs-dooars-kadambini,Kadambini,HIMALAYAN TEA & AGRO PVT LTD NARENDRA BERLIA,arbindchoudhury26@gmail.com,9434048605,2013-03-18,https://www.teaboard.gov.in/pdf/notice/Tea%20Directory-West%20Bengal.pdf,1,yes,Historical Tea Board directory clue. Confirm current role and validate contact before use.
tea-board-directory-276,gs-dooars-sarugaon,Sarugaon,ETEHLBARI TEA COMPANY 1932,p-hemang@hotmail.com,03563 204738,2013-03-18,https://www.teaboard.gov.in/pdf/notice/Tea%20Directory-West%20Bengal.pdf,1,yes,Historical Tea Board directory clue. Confirm current role and validate contact before use.
tea-board-directory-277,gs-dooars-tasati,Tasati,A.K. CHAMARIA,ashokchamaria@hotmail.com,033223091749,2013-03-18,https://www.teaboard.gov.in/pdf/notice/Tea%20Directory-West%20Bengal.pdf,1,yes,Historical Tea Board directory clue. Confirm current role and validate contact before use.
tea-board-directory-278,gs-dooars-dhowlajhora,Dhowlajhora,DEEPAK BERLIA,deepakberlia@yahoo.com,03561230106,2013-03-18,https://www.teaboard.gov.in/pdf/notice/Tea%20Directory-West%20Bengal.pdf,1,yes,"Siliguri office: THE BENGAL DFOOARS, NATIONAL TEA CO. LTD., CO. Tel: 03561230106."
tea-board-directory-279,gs-dooars-kartick,Kartick,MR. PREM SINGH (MD),kartick_tea@rediffmail.com,03564-200072,2013-03-18,https://www.teaboard.gov.in/pdf/notice/Tea%20Directory-West%20Bengal.pdf,1,yes,Historical Tea Board directory clue. Confirm current role and validate contact before use.
tea-board-directory-280,gs-dooars-kohinoor,Kohinoor,MR. S.AGARWAL,,03536452463,2013-03-18,https://www.teaboard.gov.in/pdf/notice/Tea%20Directory-West%20Bengal.pdf,1,yes,"Siliguri office: MR. S.AGARWAL, M/S KOHINOOR TEA CO. PVT., LTD. BORDHAMAN ROAD,SILIGURI LTD. BORDHAMAN ROAD,SILIGURI. Tel: 03536452463."
tea-board-directory-281,gs-dooars-kumargram,Kumargram,GOODRICKE GROUP LIMITED,subrotobanarjee@goodricke.co,03322873067,2013-03-18,https://www.teaboard.gov.in/pdf/notice/Tea%20Directory-West%20Bengal.pdf,1,yes,Historical Tea Board directory clue. Confirm current role and validate contact before use.
tea-board-directory-282,gs-dooars-new-lands,New Lands,ENGO TRADING & TEA CO.(P),engoteaco1895@rediffmail.com,"03322135542,03322433869",2013-03-18,https://www.teaboard.gov.in/pdf/notice/Tea%20Directory-West%20Bengal.pdf,1,yes,Historical Tea Board directory clue. Confirm current role and validate contact before use.
tea-board-directory-283,gs-dooars-phaskowa,Phaskowa,PHASKOWA TEA PLANTATIONS,phaskowa2010@gmail.com,03322485837,2013-03-18,https://www.teaboard.gov.in/pdf/notice/Tea%20Directory-West%20Bengal.pdf,1,yes,Historical Tea Board directory clue. Confirm current role and validate contact before use.
tea-board-directory-284,gs-dooars-radharani,Radharani,RADHARANI TEA & ESTATES PVT. RADHARANI TEA & ESTATES PVT.,anuppratap35@gmail.com,03566201150,2013-03-18,https://www.teaboard.gov.in/pdf/notice/Tea%20Directory-West%20Bengal.pdf,1,yes,Historical Tea Board directory clue. Confirm current role and validate contact before use.
tea-board-directory-285,gs-dooars-rahimabad,Rahimabad,MR. SHEKHAR ROYCHOUDHURY MR. S.R CHOUDHURY,roy@iicglobal.com,03322101902,2013-03-18,https://www.teaboard.gov.in/pdf/notice/Tea%20Directory-West%20Bengal.pdf,1,yes,Historical Tea Board directory clue. Confirm current role and validate contact before use.
tea-board-directory-286,gs-dooars-raimatang,Raimatang,MR. N.K.BASU,,03532640235,2013-03-18,https://www.teaboard.gov.in/pdf/notice/Tea%20Directory-West%20Bengal.pdf,1,yes,"Siliguri office: MR. N.K.BASU, OM, PLACE,ASHRAMPARA,SILIGURI, E-, Mail :buxadooars.teaestate@gmail.c, om. Tel: 03532640235."
tea-board-directory-287,gs-dooars-rydak,Rydak,RYDAK SYNDICATE LIMITED,jardines@vsnl.com,033 22304351,2013-03-18,https://www.teaboard.gov.in/pdf/notice/Tea%20Directory-West%20Bengal.pdf,1,yes,Historical Tea Board directory clue. Confirm current role and validate contact before use.
tea-board-directory-288,gs-dooars-sankos,Sankos,MR.ARUN SINGH (MD),san@goodricke.com,03564-252229,2013-03-18,https://www.teaboard.gov.in/pdf/notice/Tea%20Directory-West%20Bengal.pdf,1,yes,Historical Tea Board directory clue. Confirm current role and validate contact before use.
tea-board-directory-289,gs-dooars-turturi,Turturi,MR SHEKHAR ROY CHOWDHARY,turturitea@gmail.com,9609992682,2013-03-18,https://www.teaboard.gov.in/pdf/notice/Tea%20Directory-West%20Bengal.pdf,1,yes,Historical Tea Board directory clue. Confirm current role and validate contact before use.
tea-board-directory-290,gs-dooars-ethelbarie,Ethelbarie,THE ETHELBARI TEA CO (1932),,225498074197,2013-03-18,https://www.teaboard.gov.in/pdf/notice/Tea%20Directory-West%20Bengal.pdf,0.9185,yes,Historical Tea Board directory clue. Confirm current role and validate contact before use.
tea-board-directory-291,gs-dooars-gairkhata,Gairkhata,GILLANDERS ARBUTHNOT & CO.,gairkhatateaestate@gmail.com,03563-233548,2013-03-18,https://www.teaboard.gov.in/pdf/notice/Tea%20Directory-West%20Bengal.pdf,1,yes,Historical Tea Board directory clue. Confirm current role and validate contact before use.
tea-board-directory-292,gs-dooars-gandrapara,Gandrapara,GOODRICKE GROUP LIMITED,subrotobanerjee@goodricke.co,033-22873067,2013-03-18,https://www.teaboard.gov.in/pdf/notice/Tea%20Directory-West%20Bengal.pdf,1,yes,Historical Tea Board directory clue. Confirm current role and validate contact before use.
tea-board-directory-293,gs-dooars-haldibari,Haldibari,HULDIBARI INDUSTRIES &,huldibaritea@yahoo.in,033-22489166,2013-03-18,https://www.teaboard.gov.in/pdf/notice/Tea%20Directory-West%20Bengal.pdf,1,yes,Historical Tea Board directory clue. Confirm current role and validate contact before use.
tea-board-directory-294,gs-dooars-joybirpara,Joybirpara,MCLEOD RUSSEL INDIA LIMITED SHRI S. CHAKRABORTY,c@wmg.co.in,033221101221,2013-03-18,https://www.teaboard.gov.in/pdf/notice/Tea%20Directory-West%20Bengal.pdf,0.845,yes,Historical Tea Board directory clue. Confirm current role and validate contact before use.
tea-board-directory-295,gs-dooars-kalabari,Kalabari,S.K. BACHAWAT,,033-22837495,2013-03-18,https://www.teaboard.gov.in/pdf/notice/Tea%20Directory-West%20Bengal.pdf,1,yes,Historical Tea Board directory clue. Confirm current role and validate contact before use.
tea-board-directory-296,gs-dooars-lakhikanta,Lakhikanta,HARSHA VARSHAN KEYRIWAL,,97340-40432,2013-03-18,https://www.teaboard.gov.in/pdf/notice/Tea%20Directory-West%20Bengal.pdf,1,yes,Historical Tea Board directory clue. Confirm current role and validate contact before use.
tea-board-directory-297,gs-dooars-nangdala,Nangdala,MKTEAPVT.LTD,m.k.tea@cal.vsnlnet.in,24746364,2013-03-18,https://www.teaboard.gov.in/pdf/notice/Tea%20Directory-West%20Bengal.pdf,1,yes,Historical Tea Board directory clue. Confirm current role and validate contact before use.
tea-board-directory-298,gs-dooars-palashbari,Palashbari,PALASHBARI TEA CO LTD,palashbari@bsnl.in,2281-7576,2013-03-18,https://www.teaboard.gov.in/pdf/notice/Tea%20Directory-West%20Bengal.pdf,1,yes,Historical Tea Board directory clue. Confirm current role and validate contact before use.
tea-board-directory-299,gs-dooars-rahimpur,Rahimpur,RAHIMPUR TEA CO LTD,slg_bansalte@sancharnet.com,033-22369154,2013-03-18,https://www.teaboard.gov.in/pdf/notice/Tea%20Directory-West%20Bengal.pdf,1,yes,Historical Tea Board directory clue. Confirm current role and validate contact before use.
tea-board-directory-300,gs-dooars-telepara,Telepara,EXIMPO TEA LIMITED,teleparateaestate@yahoo.com,033-22489011,2013-03-18,https://www.teaboard.gov.in/pdf/notice/Tea%20Directory-West%20Bengal.pdf,1,yes,Historical Tea Board directory clue. Confirm current role and validate contact before use.
tea-board-directory-301,gs-dooars-totapara,Totapara,NUDDEA PLANTATIONS LTD.,,033-22311234,2013-03-18,https://www.teaboard.gov.in/pdf/notice/Tea%20Directory-West%20Bengal.pdf,1,yes,Historical Tea Board directory clue. Confirm current role and validate contact before use.
tea-board-directory-315,gs-dooars-majherdabri,Majherdabri,GIRIRAJ AGARWAL,dabritea@yahoo.co.in,03322372825/94340051120,2013-03-18,https://www.teaboard.gov.in/pdf/notice/Tea%20Directory-West%20Bengal.pdf,1,yes,"Siliguri office: BINOD KR. AGARWAL, P/3 NEW CIT ROAD 2ND FLOOR,, C. Tel: 03322372825/94340051120."
tea-board-directory-316,gs-dooars-mathura,Mathura,MCLEOD RUSSEL INDIA LIMITED,administrator@wmg.co.in,033-22101221,2013-03-18,https://www.teaboard.gov.in/pdf/notice/Tea%20Directory-West%20Bengal.pdf,1,yes,Historical Tea Board directory clue. Confirm current role and validate contact before use.
tea-board-directory-317,gs-dooars-nimtijhora,Nimtijhora,SHRI SHYAM SUNDAR GOYAL,nimtijhoratea@gmail.com,09434381072,2013-03-18,https://www.teaboard.gov.in/pdf/notice/Tea%20Directory-West%20Bengal.pdf,1,yes,Historical Tea Board directory clue. Confirm current role and validate contact before use.
tea-board-directory-318,gs-dooars-patkapara,Patkapara,DOOARS PLANTATION &,dooarsplantations@hotmail.com,033-22292983,2013-03-18,https://www.teaboard.gov.in/pdf/notice/Tea%20Directory-West%20Bengal.pdf,0.8746,yes,Historical Tea Board directory clue. Confirm current role and validate contact before use.
